Wavelength,PIN2018112800489.asd
350.0,0.0688
351.0,0.0693
352.0,0.0698
353.0,0.0703
354.0,0.0707
355.0,0.0712
356.0,0.0717
357.0,0.0722
358.0,0.0728
359.0,0.0733
360.0,0.074
361.0,0.0746
362.0,0.0753
363.0,0.076
364.0,0.0767
365.0,0.0773
366.0,0.0781
367.0,0.0789
368.0,0.0797
369.0,0.0806
370.0,0.0816
371.0,0.0827
372.0,0.0837
373.0,0.0848
374.0,0.086
375.0,0.0872
376.0,0.0884
377.0,0.0898
378.0,0.0911
379.0,0.0924
380.0,0.0939
381.0,0.0953
382.0,0.0969
383.0,0.0985
384.0,0.1002
385.0,0.1019
386.0,0.1036
387.0,0.1053
388.0,0.107
389.0,0.1087
390.0,0.1103
391.0,0.1118
392.0,0.1135
393.0,0.1152
394.0,0.1169
395.0,0.1185
396.0,0.1201
397.0,0.1216
398.0,0.1231
399.0,0.1244
400.0,0.1257
401.0,0.127
402.0,0.1281
403.0,0.1293
404.0,0.1306
405.0,0.1319
406.0,0.1333
407.0,0.1347
408.0,0.1361
409.0,0.1376
410.0,0.139
411.0,0.1405
412.0,0.1421
413.0,0.1436
414.0,0.1451
415.0,0.1467
416.0,0.1483
417.0,0.1499
418.0,0.1516
419.0,0.1534
420.0,0.1552
421.0,0.1571
422.0,0.159
423.0,0.1609
424.0,0.1629
425.0,0.165
426.0,0.1672
427.0,0.1694
428.0,0.1717
429.0,0.1742
430.0,0.1766
431.0,0.1791
432.0,0.1815
433.0,0.1838
434.0,0.1861
435.0,0.1884
436.0,0.1906
437.0,0.1927
438.0,0.1949
439.0,0.197
440.0,0.199
441.0,0.201
442.0,0.2028
443.0,0.2046
444.0,0.2062
445.0,0.2078
446.0,0.2092
447.0,0.2105
448.0,0.2117
449.0,0.2128
450.0,0.2138
451.0,0.2147
452.0,0.2155
453.0,0.2162
454.0,0.2169
455.0,0.2175
456.0,0.218
457.0,0.2185
458.0,0.2189
459.0,0.2194
460.0,0.2197
461.0,0.2202
462.0,0.2206
463.0,0.221
464.0,0.2214
465.0,0.2219
466.0,0.2225
467.0,0.223
468.0,0.2237
469.0,0.2243
470.0,0.225
471.0,0.2258
472.0,0.2266
473.0,0.2275
474.0,0.2285
475.0,0.2295
476.0,0.2306
477.0,0.2317
478.0,0.2329
479.0,0.2342
480.0,0.2356
481.0,0.2371
482.0,0.2386
483.0,0.2402
484.0,0.242
485.0,0.2439
486.0,0.2459
487.0,0.248
488.0,0.2501
489.0,0.2522
490.0,0.2543
491.0,0.2565
492.0,0.2587
493.0,0.261
494.0,0.2633
495.0,0.2657
496.0,0.268
497.0,0.2704
498.0,0.2728
499.0,0.2753
500.0,0.2778
501.0,0.2803
502.0,0.2828
503.0,0.2853
504.0,0.2877
505.0,0.2902
506.0,0.2926
507.0,0.295
508.0,0.2975
509.0,0.2999
510.0,0.3024
511.0,0.3048
512.0,0.3072
513.0,0.3097
514.0,0.3122
515.0,0.3147
516.0,0.3173
517.0,0.3199
518.0,0.3225
519.0,0.3251
520.0,0.3276
521.0,0.33
522.0,0.3325
523.0,0.335
524.0,0.3375
525.0,0.3401
526.0,0.3427
527.0,0.3454
528.0,0.3481
529.0,0.3507
530.0,0.3533
531.0,0.356
532.0,0.3587
533.0,0.3614
534.0,0.3642
535.0,0.367
536.0,0.3698
537.0,0.3726
538.0,0.3754
539.0,0.3783
540.0,0.3813
541.0,0.3842
542.0,0.3871
543.0,0.39
544.0,0.3929
545.0,0.3958
546.0,0.3986
547.0,0.4015
548.0,0.4044
549.0,0.4072
550.0,0.41
551.0,0.4128
552.0,0.4155
553.0,0.4182
554.0,0.4209
555.0,0.4235
556.0,0.426
557.0,0.4286
558.0,0.4312
559.0,0.4338
560.0,0.4363
561.0,0.4387
562.0,0.441
563.0,0.4433
564.0,0.4456
565.0,0.4479
566.0,0.4501
567.0,0.4523
568.0,0.4545
569.0,0.4566
570.0,0.4586
571.0,0.4605
572.0,0.4624
573.0,0.4641
574.0,0.4658
575.0,0.4675
576.0,0.4691
577.0,0.4708
578.0,0.4723
579.0,0.4739
580.0,0.4755
581.0,0.477
582.0,0.4785
583.0,0.48
584.0,0.4815
585.0,0.483
586.0,0.4844
587.0,0.4858
588.0,0.4872
589.0,0.4886
590.0,0.4899
591.0,0.4911
592.0,0.4922
593.0,0.4933
594.0,0.4943
595.0,0.4954
596.0,0.4965
597.0,0.4975
598.0,0.4986
599.0,0.4996
600.0,0.5006
601.0,0.5016
602.0,0.5026
603.0,0.5035
604.0,0.5044
605.0,0.5053
606.0,0.5062
607.0,0.5071
608.0,0.5079
609.0,0.5087
610.0,0.5095
611.0,0.5103
612.0,0.5111
613.0,0.5119
614.0,0.5126
615.0,0.5134
616.0,0.5141
617.0,0.5148
618.0,0.5155
619.0,0.5162
620.0,0.5169
621.0,0.5176
622.0,0.5183
623.0,0.519
624.0,0.5197
625.0,0.5203
626.0,0.521
627.0,0.5216
628.0,0.5223
629.0,0.5229
630.0,0.5236
631.0,0.5243
632.0,0.5249
633.0,0.5255
634.0,0.5262
635.0,0.5268
636.0,0.5275
637.0,0.5281
638.0,0.5287
639.0,0.5294
640.0,0.53
641.0,0.5307
642.0,0.5313
643.0,0.5319
644.0,0.5325
645.0,0.5331
646.0,0.5337
647.0,0.5343
648.0,0.5349
649.0,0.5356
650.0,0.5363
651.0,0.5369
652.0,0.5375
653.0,0.5382
654.0,0.5389
655.0,0.5397
656.0,0.5404
657.0,0.5411
658.0,0.5417
659.0,0.5424
660.0,0.543
661.0,0.5437
662.0,0.5444
663.0,0.5451
664.0,0.5458
665.0,0.5465
666.0,0.5472
667.0,0.5479
668.0,0.5486
669.0,0.5493
670.0,0.5501
671.0,0.5508
672.0,0.5515
673.0,0.5522
674.0,0.5529
675.0,0.5536
676.0,0.5544
677.0,0.5551
678.0,0.5558
679.0,0.5565
680.0,0.5572
681.0,0.558
682.0,0.5587
683.0,0.5594
684.0,0.5602
685.0,0.561
686.0,0.5617
687.0,0.5625
688.0,0.5633
689.0,0.564
690.0,0.5647
691.0,0.5654
692.0,0.5661
693.0,0.5668
694.0,0.5675
695.0,0.5682
696.0,0.5691
697.0,0.5699
698.0,0.5707
699.0,0.5714
700.0,0.5722
701.0,0.573
702.0,0.5737
703.0,0.5745
704.0,0.5753
705.0,0.5761
706.0,0.5769
707.0,0.5777
708.0,0.5785
709.0,0.5793
710.0,0.5801
711.0,0.5809
712.0,0.5817
713.0,0.5825
714.0,0.5833
715.0,0.584
716.0,0.5846
717.0,0.5852
718.0,0.5858
719.0,0.5866
720.0,0.5875
721.0,0.5885
722.0,0.5894
723.0,0.59
724.0,0.5907
725.0,0.5914
726.0,0.5922
727.0,0.593
728.0,0.5938
729.0,0.5946
730.0,0.5953
731.0,0.5961
732.0,0.597
733.0,0.5978
734.0,0.5986
735.0,0.5994
736.0,0.6001
737.0,0.6008
738.0,0.6015
739.0,0.6023
740.0,0.603
741.0,0.6037
742.0,0.6044
743.0,0.6051
744.0,0.6057
745.0,0.6064
746.0,0.607
747.0,0.6077
748.0,0.6083
749.0,0.609
750.0,0.6096
751.0,0.6102
752.0,0.6108
753.0,0.6115
754.0,0.6121
755.0,0.6126
756.0,0.6132
757.0,0.6139
758.0,0.6145
759.0,0.6151
760.0,0.6156
761.0,0.6162
762.0,0.6168
763.0,0.6172
764.0,0.6176
765.0,0.6182
766.0,0.6187
767.0,0.6191
768.0,0.6196
769.0,0.62
770.0,0.6205
771.0,0.6209
772.0,0.6214
773.0,0.6218
774.0,0.6222
775.0,0.6226
776.0,0.623
777.0,0.6234
778.0,0.6238
779.0,0.6242
780.0,0.6246
781.0,0.625
782.0,0.6253
783.0,0.6256
784.0,0.626
785.0,0.6263
786.0,0.6266
787.0,0.6269
788.0,0.6272
789.0,0.6274
790.0,0.6277
791.0,0.628
792.0,0.6283
793.0,0.6286
794.0,0.6289
795.0,0.6292
796.0,0.6294
797.0,0.6297
798.0,0.6299
799.0,0.6302
800.0,0.6304
801.0,0.6306
802.0,0.6308
803.0,0.631
804.0,0.6312
805.0,0.6314
806.0,0.6316
807.0,0.6318
808.0,0.6319
809.0,0.6321
810.0,0.6322
811.0,0.6322
812.0,0.6323
813.0,0.6323
814.0,0.6323
815.0,0.6323
816.0,0.6324
817.0,0.6325
818.0,0.6327
819.0,0.6329
820.0,0.6331
821.0,0.6332
822.0,0.6333
823.0,0.6334
824.0,0.6335
825.0,0.6337
826.0,0.6338
827.0,0.6339
828.0,0.634
829.0,0.6341
830.0,0.6342
831.0,0.6343
832.0,0.6344
833.0,0.6345
834.0,0.6347
835.0,0.6348
836.0,0.6349
837.0,0.635
838.0,0.6351
839.0,0.6352
840.0,0.6353
841.0,0.6353
842.0,0.6354
843.0,0.6355
844.0,0.6356
845.0,0.6356
846.0,0.6357
847.0,0.6358
848.0,0.6358
849.0,0.6359
850.0,0.6359
851.0,0.636
852.0,0.636
853.0,0.6361
854.0,0.6362
855.0,0.6363
856.0,0.6363
857.0,0.6363
858.0,0.6364
859.0,0.6364
860.0,0.6365
861.0,0.6365
862.0,0.6366
863.0,0.6366
864.0,0.6367
865.0,0.6368
866.0,0.6368
867.0,0.6369
868.0,0.637
869.0,0.637
870.0,0.637
871.0,0.6371
872.0,0.6372
873.0,0.6372
874.0,0.6373
875.0,0.6374
876.0,0.6375
877.0,0.6375
878.0,0.6376
879.0,0.6377
880.0,0.6378
881.0,0.6379
882.0,0.6379
883.0,0.638
884.0,0.6381
885.0,0.6381
886.0,0.6382
887.0,0.6383
888.0,0.6384
889.0,0.6384
890.0,0.6385
891.0,0.6385
892.0,0.6385
893.0,0.6385
894.0,0.6385
895.0,0.6384
896.0,0.6384
897.0,0.6383
898.0,0.6383
899.0,0.6384
900.0,0.6385
901.0,0.6386
902.0,0.6388
903.0,0.639
904.0,0.6391
905.0,0.6392
906.0,0.6393
907.0,0.6393
908.0,0.6394
909.0,0.6394
910.0,0.6395
911.0,0.6395
912.0,0.6396
913.0,0.6398
914.0,0.6399
915.0,0.6401
916.0,0.6403
917.0,0.6405
918.0,0.6407
919.0,0.6409
920.0,0.6411
921.0,0.6413
922.0,0.6414
923.0,0.6415
924.0,0.6416
925.0,0.6416
926.0,0.6416
927.0,0.6414
928.0,0.6412
929.0,0.6408
930.0,0.6405
931.0,0.6401
932.0,0.6397
933.0,0.6393
934.0,0.639
935.0,0.6388
936.0,0.6389
937.0,0.6392
938.0,0.6393
939.0,0.6396
940.0,0.6399
941.0,0.6402
942.0,0.6403
943.0,0.6405
944.0,0.6407
945.0,0.6409
946.0,0.6411
947.0,0.6413
948.0,0.6414
949.0,0.6415
950.0,0.6419
951.0,0.6422
952.0,0.6424
953.0,0.6427
954.0,0.643
955.0,0.6432
956.0,0.6435
957.0,0.6438
958.0,0.6442
959.0,0.6446
960.0,0.6449
961.0,0.6451
962.0,0.6455
963.0,0.6461
964.0,0.6466
965.0,0.647
966.0,0.6475
967.0,0.6479
968.0,0.6483
969.0,0.6486
970.0,0.6489
971.0,0.6492
972.0,0.6495
973.0,0.6498
974.0,0.6503
975.0,0.6506
976.0,0.6508
977.0,0.651
978.0,0.6513
979.0,0.6516
980.0,0.652
981.0,0.6524
982.0,0.6526
983.0,0.6531
984.0,0.6535
985.0,0.6538
986.0,0.6541
987.0,0.6545
988.0,0.6549
989.0,0.6553
990.0,0.6557
991.0,0.6559
992.0,0.6561
993.0,0.6563
994.0,0.6564
995.0,0.6566
996.0,0.6569
997.0,0.6573
998.0,0.6573
999.0,0.6576
1000.0,0.6527
1001.0,0.6579
1002.0,0.6582
1003.0,0.6585
1004.0,0.6588
1005.0,0.6592
1006.0,0.6595
1007.0,0.6598
1008.0,0.6602
1009.0,0.6605
1010.0,0.6608
1011.0,0.6611
1012.0,0.6615
1013.0,0.6618
1014.0,0.6621
1015.0,0.6624
1016.0,0.6628
1017.0,0.6631
1018.0,0.6635
1019.0,0.6638
1020.0,0.6641
1021.0,0.6645
1022.0,0.6648
1023.0,0.6651
1024.0,0.6655
1025.0,0.6658
1026.0,0.6662
1027.0,0.6665
1028.0,0.6668
1029.0,0.6672
1030.0,0.6675
1031.0,0.6679
1032.0,0.6682
1033.0,0.6686
1034.0,0.6689
1035.0,0.6693
1036.0,0.6696
1037.0,0.67
1038.0,0.6703
1039.0,0.6707
1040.0,0.671
1041.0,0.6714
1042.0,0.6717
1043.0,0.6721
1044.0,0.6724
1045.0,0.6728
1046.0,0.6731
1047.0,0.6735
1048.0,0.6738
1049.0,0.6742
1050.0,0.6745
1051.0,0.6749
1052.0,0.6753
1053.0,0.6756
1054.0,0.676
1055.0,0.6764
1056.0,0.6767
1057.0,0.6771
1058.0,0.6775
1059.0,0.6779
1060.0,0.6782
1061.0,0.6786
1062.0,0.679
1063.0,0.6794
1064.0,0.6798
1065.0,0.6802
1066.0,0.6806
1067.0,0.681
1068.0,0.6814
1069.0,0.6818
1070.0,0.6822
1071.0,0.6825
1072.0,0.6829
1073.0,0.6833
1074.0,0.6837
1075.0,0.6841
1076.0,0.6845
1077.0,0.6849
1078.0,0.6853
1079.0,0.6857
1080.0,0.6861
1081.0,0.6865
1082.0,0.6869
1083.0,0.6873
1084.0,0.6877
1085.0,0.6881
1086.0,0.6885
1087.0,0.6888
1088.0,0.6892
1089.0,0.6896
1090.0,0.69
1091.0,0.6903
1092.0,0.6907
1093.0,0.691
1094.0,0.6914
1095.0,0.6917
1096.0,0.6921
1097.0,0.6924
1098.0,0.6928
1099.0,0.6931
1100.0,0.6934
1101.0,0.6938
1102.0,0.6941
1103.0,0.6944
1104.0,0.6947
1105.0,0.695
1106.0,0.6953
1107.0,0.6956
1108.0,0.6959
1109.0,0.6962
1110.0,0.6964
1111.0,0.6967
1112.0,0.6969
1113.0,0.6971
1114.0,0.6973
1115.0,0.6974
1116.0,0.6976
1117.0,0.6977
1118.0,0.6978
1119.0,0.698
1120.0,0.6981
1121.0,0.6982
1122.0,0.6984
1123.0,0.6987
1124.0,0.6989
1125.0,0.6992
1126.0,0.6995
1127.0,0.6999
1128.0,0.7004
1129.0,0.7009
1130.0,0.7014
1131.0,0.7019
1132.0,0.7024
1133.0,0.7028
1134.0,0.7033
1135.0,0.7038
1136.0,0.7042
1137.0,0.7046
1138.0,0.7049
1139.0,0.7052
1140.0,0.7055
1141.0,0.7058
1142.0,0.7061
1143.0,0.7064
1144.0,0.7066
1145.0,0.7069
1146.0,0.7072
1147.0,0.7076
1148.0,0.7079
1149.0,0.7083
1150.0,0.7087
1151.0,0.7091
1152.0,0.7095
1153.0,0.71
1154.0,0.7105
1155.0,0.7109
1156.0,0.7114
1157.0,0.7119
1158.0,0.7124
1159.0,0.7129
1160.0,0.7133
1161.0,0.7138
1162.0,0.7142
1163.0,0.7147
1164.0,0.7151
1165.0,0.7155
1166.0,0.7159
1167.0,0.7163
1168.0,0.7167
1169.0,0.7171
1170.0,0.7175
1171.0,0.7179
1172.0,0.7182
1173.0,0.7186
1174.0,0.7189
1175.0,0.7193
1176.0,0.7196
1177.0,0.72
1178.0,0.7203
1179.0,0.7206
1180.0,0.7209
1181.0,0.7212
1182.0,0.7216
1183.0,0.7219
1184.0,0.7222
1185.0,0.7226
1186.0,0.7229
1187.0,0.7232
1188.0,0.7236
1189.0,0.7239
1190.0,0.7242
1191.0,0.7246
1192.0,0.7249
1193.0,0.7252
1194.0,0.7255
1195.0,0.7259
1196.0,0.7262
1197.0,0.7265
1198.0,0.7268
1199.0,0.7271
1200.0,0.7274
1201.0,0.7277
1202.0,0.728
1203.0,0.7283
1204.0,0.7286
1205.0,0.7289
1206.0,0.7292
1207.0,0.7295
1208.0,0.7298
1209.0,0.7302
1210.0,0.7305
1211.0,0.7308
1212.0,0.7311
1213.0,0.7314
1214.0,0.7317
1215.0,0.732
1216.0,0.7323
1217.0,0.7326
1218.0,0.7329
1219.0,0.7332
1220.0,0.7335
1221.0,0.7338
1222.0,0.7341
1223.0,0.7343
1224.0,0.7346
1225.0,0.7349
1226.0,0.7352
1227.0,0.7354
1228.0,0.7357
1229.0,0.736
1230.0,0.7362
1231.0,0.7365
1232.0,0.7367
1233.0,0.737
1234.0,0.7372
1235.0,0.7375
1236.0,0.7377
1237.0,0.738
1238.0,0.7382
1239.0,0.7385
1240.0,0.7387
1241.0,0.7389
1242.0,0.7392
1243.0,0.7394
1244.0,0.7397
1245.0,0.7399
1246.0,0.7401
1247.0,0.7403
1248.0,0.7405
1249.0,0.7407
1250.0,0.7409
1251.0,0.7411
1252.0,0.7413
1253.0,0.7415
1254.0,0.7417
1255.0,0.7419
1256.0,0.7421
1257.0,0.7423
1258.0,0.7425
1259.0,0.7426
1260.0,0.7428
1261.0,0.743
1262.0,0.7431
1263.0,0.7433
1264.0,0.7435
1265.0,0.7436
1266.0,0.7438
1267.0,0.7439
1268.0,0.7441
1269.0,0.7442
1270.0,0.7444
1271.0,0.7445
1272.0,0.7446
1273.0,0.7448
1274.0,0.7449
1275.0,0.745
1276.0,0.7451
1277.0,0.7453
1278.0,0.7454
1279.0,0.7455
1280.0,0.7456
1281.0,0.7456
1282.0,0.7457
1283.0,0.7458
1284.0,0.7459
1285.0,0.7459
1286.0,0.7459
1287.0,0.746
1288.0,0.746
1289.0,0.746
1290.0,0.746
1291.0,0.7461
1292.0,0.7461
1293.0,0.7461
1294.0,0.7461
1295.0,0.746
1296.0,0.746
1297.0,0.746
1298.0,0.7459
1299.0,0.7459
1300.0,0.7458
1301.0,0.7458
1302.0,0.7457
1303.0,0.7456
1304.0,0.7455
1305.0,0.7454
1306.0,0.7453
1307.0,0.7452
1308.0,0.7451
1309.0,0.745
1310.0,0.7449
1311.0,0.7448
1312.0,0.7447
1313.0,0.7446
1314.0,0.7445
1315.0,0.7444
1316.0,0.7443
1317.0,0.7441
1318.0,0.744
1319.0,0.7438
1320.0,0.7437
1321.0,0.7435
1322.0,0.7434
1323.0,0.7432
1324.0,0.743
1325.0,0.7428
1326.0,0.7426
1327.0,0.7424
1328.0,0.7421
1329.0,0.7419
1330.0,0.7416
1331.0,0.7413
1332.0,0.741
1333.0,0.7407
1334.0,0.7404
1335.0,0.7402
1336.0,0.7399
1337.0,0.7397
1338.0,0.7395
1339.0,0.7393
1340.0,0.7392
1341.0,0.739
1342.0,0.7388
1343.0,0.7385
1344.0,0.7383
1345.0,0.738
1346.0,0.7376
1347.0,0.7372
1348.0,0.7368
1349.0,0.7363
1350.0,nan
1351.0,nan
1352.0,nan
1353.0,nan
1354.0,nan
1355.0,nan
1356.0,nan
1357.0,nan
1358.0,nan
1359.0,nan
1360.0,nan
1361.0,nan
1362.0,nan
1363.0,nan
1364.0,nan
1365.0,nan
1366.0,nan
1367.0,nan
1368.0,nan
1369.0,nan
1370.0,nan
1371.0,nan
1372.0,nan
1373.0,nan
1374.0,nan
1375.0,nan
1376.0,nan
1377.0,nan
1378.0,nan
1379.0,nan
1380.0,nan
1381.0,nan
1382.0,nan
1383.0,nan
1384.0,nan
1385.0,nan
1386.0,nan
1387.0,nan
1388.0,nan
1389.0,nan
1390.0,nan
1391.0,nan
1392.0,nan
1393.0,nan
1394.0,nan
1395.0,nan
1396.0,nan
1397.0,nan
1398.0,nan
1399.0,nan
1400.0,nan
1401.0,nan
1402.0,nan
1403.0,nan
1404.0,nan
1405.0,nan
1406.0,nan
1407.0,nan
1408.0,nan
1409.0,nan
1410.0,nan
1411.0,nan
1412.0,nan
1413.0,nan
1414.0,nan
1415.0,nan
1416.0,nan
1417.0,nan
1418.0,nan
1419.0,nan
1420.0,0.6388
1421.0,0.6395
1422.0,0.6403
1423.0,0.6408
1424.0,0.6413
1425.0,0.6416
1426.0,0.6419
1427.0,0.6422
1428.0,0.6424
1429.0,0.6425
1430.0,0.6425
1431.0,0.6425
1432.0,0.6424
1433.0,0.6424
1434.0,0.6423
1435.0,0.6422
1436.0,0.6421
1437.0,0.642
1438.0,0.6419
1439.0,0.6419
1440.0,0.6419
1441.0,0.642
1442.0,0.6421
1443.0,0.6422
1444.0,0.6423
1445.0,0.6425
1446.0,0.6427
1447.0,0.6429
1448.0,0.6431
1449.0,0.6433
1450.0,0.6435
1451.0,0.6438
1452.0,0.644
1453.0,0.6441
1454.0,0.6443
1455.0,0.6444
1456.0,0.6445
1457.0,0.6447
1458.0,0.6448
1459.0,0.6449
1460.0,0.645
1461.0,0.6451
1462.0,0.6453
1463.0,0.6454
1464.0,0.6456
1465.0,0.6458
1466.0,0.646
1467.0,0.6463
1468.0,0.6466
1469.0,0.647
1470.0,0.6474
1471.0,0.6478
1472.0,0.6484
1473.0,0.6489
1474.0,0.6495
1475.0,0.65
1476.0,0.6506
1477.0,0.6512
1478.0,0.6519
1479.0,0.6525
1480.0,0.6532
1481.0,0.6539
1482.0,0.6546
1483.0,0.6554
1484.0,0.6561
1485.0,0.6569
1486.0,0.6576
1487.0,0.6584
1488.0,0.6591
1489.0,0.6599
1490.0,0.6606
1491.0,0.6613
1492.0,0.662
1493.0,0.6627
1494.0,0.6634
1495.0,0.664
1496.0,0.6647
1497.0,0.6653
1498.0,0.666
1499.0,0.6666
1500.0,0.6673
1501.0,0.6679
1502.0,0.6685
1503.0,0.6692
1504.0,0.6698
1505.0,0.6705
1506.0,0.6711
1507.0,0.6717
1508.0,0.6723
1509.0,0.6729
1510.0,0.6734
1511.0,0.674
1512.0,0.6746
1513.0,0.6752
1514.0,0.6757
1515.0,0.6763
1516.0,0.6768
1517.0,0.6773
1518.0,0.6779
1519.0,0.6784
1520.0,0.6789
1521.0,0.6794
1522.0,0.6799
1523.0,0.6804
1524.0,0.6809
1525.0,0.6814
1526.0,0.6819
1527.0,0.6823
1528.0,0.6828
1529.0,0.6832
1530.0,0.6837
1531.0,0.6841
1532.0,0.6845
1533.0,0.6849
1534.0,0.6853
1535.0,0.6858
1536.0,0.6861
1537.0,0.6865
1538.0,0.6869
1539.0,0.6873
1540.0,0.6877
1541.0,0.6881
1542.0,0.6884
1543.0,0.6888
1544.0,0.6892
1545.0,0.6895
1546.0,0.6899
1547.0,0.6902
1548.0,0.6906
1549.0,0.6909
1550.0,0.6912
1551.0,0.6915
1552.0,0.6918
1553.0,0.6921
1554.0,0.6924
1555.0,0.6927
1556.0,0.693
1557.0,0.6933
1558.0,0.6936
1559.0,0.6938
1560.0,0.6941
1561.0,0.6943
1562.0,0.6946
1563.0,0.6949
1564.0,0.6951
1565.0,0.6953
1566.0,0.6956
1567.0,0.6958
1568.0,0.6961
1569.0,0.6963
1570.0,0.6965
1571.0,0.6967
1572.0,0.697
1573.0,0.6972
1574.0,0.6974
1575.0,0.6977
1576.0,0.6979
1577.0,0.6981
1578.0,0.6983
1579.0,0.6985
1580.0,0.6987
1581.0,0.6989
1582.0,0.6991
1583.0,0.6993
1584.0,0.6995
1585.0,0.6996
1586.0,0.6998
1587.0,0.6999
1588.0,0.7001
1589.0,0.7002
1590.0,0.7004
1591.0,0.7005
1592.0,0.7006
1593.0,0.7008
1594.0,0.7009
1595.0,0.701
1596.0,0.7011
1597.0,0.7012
1598.0,0.7013
1599.0,0.7014
1600.0,0.7015
1601.0,0.7016
1602.0,0.7017
1603.0,0.7018
1604.0,0.7019
1605.0,0.7019
1606.0,0.702
1607.0,0.7021
1608.0,0.7021
1609.0,0.7022
1610.0,0.7023
1611.0,0.7023
1612.0,0.7023
1613.0,0.7024
1614.0,0.7024
1615.0,0.7025
1616.0,0.7025
1617.0,0.7025
1618.0,0.7025
1619.0,0.7026
1620.0,0.7026
1621.0,0.7026
1622.0,0.7026
1623.0,0.7026
1624.0,0.7026
1625.0,0.7026
1626.0,0.7026
1627.0,0.7026
1628.0,0.7026
1629.0,0.7026
1630.0,0.7026
1631.0,0.7025
1632.0,0.7025
1633.0,0.7025
1634.0,0.7024
1635.0,0.7024
1636.0,0.7024
1637.0,0.7023
1638.0,0.7023
1639.0,0.7022
1640.0,0.7021
1641.0,0.7021
1642.0,0.702
1643.0,0.702
1644.0,0.7019
1645.0,0.7018
1646.0,0.7018
1647.0,0.7017
1648.0,0.7016
1649.0,0.7015
1650.0,0.7014
1651.0,0.7013
1652.0,0.7012
1653.0,0.7011
1654.0,0.701
1655.0,0.7009
1656.0,0.7008
1657.0,0.7006
1658.0,0.7005
1659.0,0.7004
1660.0,0.7003
1661.0,0.7001
1662.0,0.7
1663.0,0.6999
1664.0,0.6998
1665.0,0.6996
1666.0,0.6995
1667.0,0.6993
1668.0,0.6992
1669.0,0.699
1670.0,0.6989
1671.0,0.6987
1672.0,0.6985
1673.0,0.6983
1674.0,0.6982
1675.0,0.698
1676.0,0.6978
1677.0,0.6976
1678.0,0.6974
1679.0,0.6972
1680.0,0.697
1681.0,0.6968
1682.0,0.6966
1683.0,0.6963
1684.0,0.6961
1685.0,0.6959
1686.0,0.6957
1687.0,0.6954
1688.0,0.6952
1689.0,0.6949
1690.0,0.6947
1691.0,0.6944
1692.0,0.6942
1693.0,0.6939
1694.0,0.6937
1695.0,0.6934
1696.0,0.6932
1697.0,0.6929
1698.0,0.6927
1699.0,0.6924
1700.0,0.6921
1701.0,0.6919
1702.0,0.6916
1703.0,0.6913
1704.0,0.691
1705.0,0.6907
1706.0,0.6904
1707.0,0.6901
1708.0,0.6898
1709.0,0.6895
1710.0,0.6892
1711.0,0.6889
1712.0,0.6886
1713.0,0.6883
1714.0,0.688
1715.0,0.6877
1716.0,0.6874
1717.0,0.687
1718.0,0.6867
1719.0,0.6864
1720.0,0.686
1721.0,0.6857
1722.0,0.6854
1723.0,0.685
1724.0,0.6846
1725.0,0.6843
1726.0,0.6839
1727.0,0.6836
1728.0,0.6832
1729.0,0.6829
1730.0,0.6825
1731.0,0.6821
1732.0,0.6818
1733.0,0.6814
1734.0,0.681
1735.0,0.6807
1736.0,0.6803
1737.0,0.68
1738.0,0.6796
1739.0,0.6792
1740.0,0.6788
1741.0,0.6785
1742.0,0.6781
1743.0,0.6777
1744.0,0.6774
1745.0,0.677
1746.0,0.6766
1747.0,0.6763
1748.0,0.6759
1749.0,0.6755
1750.0,0.6752
1751.0,0.6749
1752.0,0.6745
1753.0,0.6742
1754.0,0.6738
1755.0,0.6735
1756.0,0.6732
1757.0,0.6728
1758.0,0.6725
1759.0,0.6722
1760.0,0.6719
1761.0,0.6716
1762.0,0.6713
1763.0,0.671
1764.0,0.6707
1765.0,0.6704
1766.0,0.6701
1767.0,0.6698
1768.0,0.6695
1769.0,0.6692
1770.0,0.6689
1771.0,0.6686
1772.0,0.6683
1773.0,0.668
1774.0,0.6677
1775.0,0.6674
1776.0,0.6671
1777.0,0.6668
1778.0,0.6665
1779.0,0.6662
1780.0,0.6658
1781.0,0.6655
1782.0,0.6652
1783.0,0.6649
1784.0,0.6646
1785.0,0.6642
1786.0,0.6639
1787.0,0.6636
1788.0,0.6633
1789.0,0.663
1790.0,0.6626
1791.0,0.6623
1792.0,0.6619
1793.0,0.6615
1794.0,0.6611
1795.0,0.6607
1796.0,0.6603
1797.0,0.6599
1798.0,0.6596
1799.0,0.6591
1800.0,0.6586
1801.0,0.6626
1802.0,0.6622
1803.0,0.6617
1804.0,0.6612
1805.0,0.6607
1806.0,0.6601
1807.0,0.6596
1808.0,0.6591
1809.0,0.6587
1810.0,nan
1811.0,nan
1812.0,nan
1813.0,nan
1814.0,nan
1815.0,nan
1816.0,nan
1817.0,nan
1818.0,nan
1819.0,nan
1820.0,nan
1821.0,nan
1822.0,nan
1823.0,nan
1824.0,nan
1825.0,nan
1826.0,nan
1827.0,nan
1828.0,nan
1829.0,nan
1830.0,nan
1831.0,nan
1832.0,nan
1833.0,nan
1834.0,nan
1835.0,nan
1836.0,nan
1837.0,nan
1838.0,nan
1839.0,nan
1840.0,nan
1841.0,nan
1842.0,nan
1843.0,nan
1844.0,nan
1845.0,nan
1846.0,nan
1847.0,nan
1848.0,nan
1849.0,nan
1850.0,nan
1851.0,nan
1852.0,nan
1853.0,nan
1854.0,nan
1855.0,nan
1856.0,nan
1857.0,nan
1858.0,nan
1859.0,nan
1860.0,nan
1861.0,nan
1862.0,nan
1863.0,nan
1864.0,nan
1865.0,nan
1866.0,nan
1867.0,nan
1868.0,nan
1869.0,nan
1870.0,nan
1871.0,nan
1872.0,nan
1873.0,nan
1874.0,nan
1875.0,nan
1876.0,nan
1877.0,nan
1878.0,nan
1879.0,nan
1880.0,nan
1881.0,nan
1882.0,nan
1883.0,nan
1884.0,nan
1885.0,nan
1886.0,nan
1887.0,nan
1888.0,nan
1889.0,nan
1890.0,nan
1891.0,nan
1892.0,nan
1893.0,nan
1894.0,nan
1895.0,nan
1896.0,nan
1897.0,nan
1898.0,nan
1899.0,nan
1900.0,nan
1901.0,nan
1902.0,nan
1903.0,nan
1904.0,nan
1905.0,nan
1906.0,nan
1907.0,nan
1908.0,nan
1909.0,nan
1910.0,nan
1911.0,nan
1912.0,nan
1913.0,nan
1914.0,nan
1915.0,nan
1916.0,nan
1917.0,nan
1918.0,nan
1919.0,nan
1920.0,nan
1921.0,nan
1922.0,nan
1923.0,nan
1924.0,nan
1925.0,nan
1926.0,nan
1927.0,nan
1928.0,nan
1929.0,nan
1930.0,nan
1931.0,nan
1932.0,nan
1933.0,nan
1934.0,nan
1935.0,nan
1936.0,nan
1937.0,nan
1938.0,nan
1939.0,nan
1940.0,nan
1941.0,nan
1942.0,nan
1943.0,nan
1944.0,nan
1945.0,nan
1946.0,nan
1947.0,nan
1948.0,nan
1949.0,nan
1950.0,0.4458
1951.0,0.4463
1952.0,0.447
1953.0,0.4476
1954.0,0.4483
1955.0,0.4491
1956.0,0.4499
1957.0,0.4509
1958.0,0.4518
1959.0,0.4528
1960.0,0.4536
1961.0,0.4545
1962.0,0.4553
1963.0,0.4561
1964.0,0.4569
1965.0,0.4576
1966.0,0.4584
1967.0,0.4591
1968.0,0.4598
1969.0,0.4605
1970.0,0.4612
1971.0,0.4619
1972.0,0.4625
1973.0,0.4633
1974.0,0.464
1975.0,0.4647
1976.0,0.4654
1977.0,0.4661
1978.0,0.4668
1979.0,0.4675
1980.0,0.4682
1981.0,0.4689
1982.0,0.4696
1983.0,0.4703
1984.0,0.471
1985.0,0.4717
1986.0,0.4724
1987.0,0.4731
1988.0,0.4738
1989.0,0.4744
1990.0,0.4751
1991.0,0.4758
1992.0,0.4765
1993.0,0.4771
1994.0,0.4777
1995.0,0.4783
1996.0,0.479
1997.0,0.4796
1998.0,0.4803
1999.0,0.4811
2000.0,0.4821
2001.0,0.4832
2002.0,0.4844
2003.0,0.4858
2004.0,0.4874
2005.0,0.4889
2006.0,0.4904
2007.0,0.4918
2008.0,0.493
2009.0,0.4941
2010.0,0.4951
2011.0,0.4962
2012.0,0.4972
2013.0,0.4982
2014.0,0.4992
2015.0,0.5002
2016.0,0.5013
2017.0,0.5023
2018.0,0.5033
2019.0,0.5042
2020.0,0.5051
2021.0,0.5059
2022.0,0.5068
2023.0,0.5076
2024.0,0.5083
2025.0,0.5091
2026.0,0.5098
2027.0,0.5105
2028.0,0.5112
2029.0,0.5119
2030.0,0.5126
2031.0,0.5133
2032.0,0.514
2033.0,0.5146
2034.0,0.5153
2035.0,0.5159
2036.0,0.5166
2037.0,0.5172
2038.0,0.5179
2039.0,0.5185
2040.0,0.5191
2041.0,0.5198
2042.0,0.5203
2043.0,0.5209
2044.0,0.5214
2045.0,0.522
2046.0,0.5225
2047.0,0.5231
2048.0,0.5237
2049.0,0.5242
2050.0,0.5248
2051.0,0.5254
2052.0,0.526
2053.0,0.5266
2054.0,0.5272
2055.0,0.5279
2056.0,0.5285
2057.0,0.5291
2058.0,0.5297
2059.0,0.5302
2060.0,0.5308
2061.0,0.5312
2062.0,0.5318
2063.0,0.5323
2064.0,0.5328
2065.0,0.5333
2066.0,0.5339
2067.0,0.5344
2068.0,0.5349
2069.0,0.5354
2070.0,0.536
2071.0,0.5365
2072.0,0.537
2073.0,0.5375
2074.0,0.538
2075.0,0.5385
2076.0,0.5389
2077.0,0.5394
2078.0,0.5399
2079.0,0.5403
2080.0,0.5408
2081.0,0.5412
2082.0,0.5417
2083.0,0.5421
2084.0,0.5425
2085.0,0.543
2086.0,0.5434
2087.0,0.5438
2088.0,0.5443
2089.0,0.5447
2090.0,0.5451
2091.0,0.5455
2092.0,0.5459
2093.0,0.5463
2094.0,0.5467
2095.0,0.5471
2096.0,0.5475
2097.0,0.5479
2098.0,0.5483
2099.0,0.5487
2100.0,0.5491
2101.0,0.5494
2102.0,0.5498
2103.0,0.5502
2104.0,0.5506
2105.0,0.5509
2106.0,0.5513
2107.0,0.5516
2108.0,0.552
2109.0,0.5524
2110.0,0.5527
2111.0,0.5531
2112.0,0.5535
2113.0,0.5538
2114.0,0.5542
2115.0,0.5546
2116.0,0.555
2117.0,0.5553
2118.0,0.5557
2119.0,0.5561
2120.0,0.5564
2121.0,0.5568
2122.0,0.5571
2123.0,0.5574
2124.0,0.5576
2125.0,0.5579
2126.0,0.5581
2127.0,0.5583
2128.0,0.5584
2129.0,0.5585
2130.0,0.5585
2131.0,0.5585
2132.0,0.5585
2133.0,0.5584
2134.0,0.5584
2135.0,0.5583
2136.0,0.5583
2137.0,0.5581
2138.0,0.5579
2139.0,0.5577
2140.0,0.5574
2141.0,0.5571
2142.0,0.5567
2143.0,0.5563
2144.0,0.5559
2145.0,0.5554
2146.0,0.5549
2147.0,0.5544
2148.0,0.5538
2149.0,0.5532
2150.0,0.5526
2151.0,0.552
2152.0,0.5514
2153.0,0.5508
2154.0,0.5502
2155.0,0.5496
2156.0,0.549
2157.0,0.5484
2158.0,0.5479
2159.0,0.5473
2160.0,0.5468
2161.0,0.5462
2162.0,0.5457
2163.0,0.5452
2164.0,0.5447
2165.0,0.5443
2166.0,0.544
2167.0,0.5437
2168.0,0.5434
2169.0,0.5431
2170.0,0.5429
2171.0,0.5427
2172.0,0.5424
2173.0,0.5422
2174.0,0.542
2175.0,0.5418
2176.0,0.5417
2177.0,0.5415
2178.0,0.5413
2179.0,0.541
2180.0,0.5408
2181.0,0.5406
2182.0,0.5404
2183.0,0.5401
2184.0,0.5399
2185.0,0.5396
2186.0,0.5394
2187.0,0.5391
2188.0,0.5387
2189.0,0.5384
2190.0,0.5381
2191.0,0.5378
2192.0,0.5374
2193.0,0.5369
2194.0,0.5364
2195.0,0.5358
2196.0,0.5351
2197.0,0.5343
2198.0,0.5335
2199.0,0.5325
2200.0,0.5316
2201.0,0.5306
2202.0,0.5297
2203.0,0.5288
2204.0,0.5281
2205.0,0.5276
2206.0,0.5273
2207.0,0.5273
2208.0,0.5275
2209.0,0.5279
2210.0,0.5285
2211.0,0.5294
2212.0,0.5305
2213.0,0.5317
2214.0,0.5329
2215.0,0.5344
2216.0,0.5356
2217.0,0.5368
2218.0,0.5379
2219.0,0.5388
2220.0,0.5395
2221.0,0.5401
2222.0,0.5405
2223.0,0.5408
2224.0,0.5409
2225.0,0.5409
2226.0,0.5408
2227.0,0.5406
2228.0,0.5403
2229.0,0.5399
2230.0,0.5395
2231.0,0.539
2232.0,0.5385
2233.0,0.5379
2234.0,0.5373
2235.0,0.5366
2236.0,0.536
2237.0,0.5353
2238.0,0.5346
2239.0,0.5339
2240.0,0.5331
2241.0,0.5324
2242.0,0.5317
2243.0,0.5309
2244.0,0.5302
2245.0,0.5294
2246.0,0.5287
2247.0,0.5279
2248.0,0.527
2249.0,0.5262
2250.0,0.5253
2251.0,0.5244
2252.0,0.5234
2253.0,0.5225
2254.0,0.5215
2255.0,0.5205
2256.0,0.5194
2257.0,0.5184
2258.0,0.5173
2259.0,0.5162
2260.0,0.5151
2261.0,0.5139
2262.0,0.5127
2263.0,0.5115
2264.0,0.5102
2265.0,0.5088
2266.0,0.5075
2267.0,0.5061
2268.0,0.5047
2269.0,0.5033
2270.0,0.5018
2271.0,0.5004
2272.0,0.4989
2273.0,0.4974
2274.0,0.4959
2275.0,0.4945
2276.0,0.493
2277.0,0.4915
2278.0,0.49
2279.0,0.4885
2280.0,0.487
2281.0,0.4854
2282.0,0.4839
2283.0,0.4825
2284.0,0.481
2285.0,0.4796
2286.0,0.4782
2287.0,0.4768
2288.0,0.4755
2289.0,0.4741
2290.0,0.4728
2291.0,0.4715
2292.0,0.4702
2293.0,0.4689
2294.0,0.4676
2295.0,0.4664
2296.0,0.4651
2297.0,0.4639
2298.0,0.4627
2299.0,0.4615
2300.0,0.4604
2301.0,0.4593
2302.0,0.4582
2303.0,0.4571
2304.0,0.456
2305.0,0.4549
2306.0,0.4538
2307.0,0.4528
2308.0,0.4517
2309.0,0.4507
2310.0,0.4497
2311.0,0.4487
2312.0,0.4477
2313.0,0.4466
2314.0,0.4455
2315.0,0.4445
2316.0,0.4434
2317.0,0.4423
2318.0,0.4411
2319.0,0.44
2320.0,0.4388
2321.0,0.4377
2322.0,0.4367
2323.0,0.4357
2324.0,0.4347
2325.0,0.4339
2326.0,0.433
2327.0,0.4322
2328.0,0.4315
2329.0,0.4308
2330.0,0.4302
2331.0,0.4296
2332.0,0.4291
2333.0,0.4286
2334.0,0.4283
2335.0,0.428
2336.0,0.4277
2337.0,0.4276
2338.0,0.4275
2339.0,0.4275
2340.0,0.4276
2341.0,0.4278
2342.0,0.4281
2343.0,0.4284
2344.0,0.4288
2345.0,0.4294
2346.0,0.43
2347.0,0.4307
2348.0,0.4315
2349.0,0.4324
2350.0,0.4333
2351.0,0.4344
2352.0,0.4355
2353.0,0.4367
2354.0,0.438
2355.0,0.4392
2356.0,0.4405
2357.0,0.4418
2358.0,0.443
2359.0,0.4441
2360.0,0.4453
2361.0,0.4463
2362.0,0.4473
2363.0,0.4483
2364.0,0.4492
2365.0,0.45
2366.0,0.4507
2367.0,0.4514
2368.0,0.452
2369.0,0.4525
2370.0,0.4529
2371.0,0.4533
2372.0,0.4536
2373.0,0.454
2374.0,0.4542
2375.0,0.4544
2376.0,0.4545
2377.0,0.4544
2378.0,0.4542
2379.0,0.4541
2380.0,0.4539
2381.0,0.4536
2382.0,0.4532
2383.0,0.4529
2384.0,0.4525
2385.0,0.4521
2386.0,0.4517
2387.0,0.4513
2388.0,0.4509
2389.0,0.4505
2390.0,0.45
2391.0,0.4495
2392.0,0.449
2393.0,0.4485
2394.0,0.448
2395.0,0.4474
2396.0,0.4468
2397.0,0.4462
2398.0,0.4457
2399.0,0.445
2400.0,0.4444
2401.0,0.4437
2402.0,0.4429
2403.0,0.4421
2404.0,0.4413
2405.0,0.4404
2406.0,0.4394
2407.0,0.4384
2408.0,0.4375
2409.0,0.4366
2410.0,0.4356
2411.0,0.4347
2412.0,0.4337
2413.0,0.4325
2414.0,0.4315
2415.0,0.4302
2416.0,0.4287
2417.0,0.4272
2418.0,0.4256
2419.0,0.424
2420.0,0.4225
2421.0,0.4212
2422.0,0.4197
2423.0,0.4184
2424.0,0.4173
2425.0,0.4163
2426.0,0.4153
2427.0,0.4143
2428.0,0.4133
2429.0,0.4122
2430.0,0.411
2431.0,0.4099
2432.0,0.4085
2433.0,0.4069
2434.0,0.4053
2435.0,0.4033
2436.0,0.4014
2437.0,0.3999
2438.0,0.3984
2439.0,0.3971
2440.0,0.3959
2441.0,0.3946
2442.0,0.3934
2443.0,0.3924
2444.0,0.3912
2445.0,0.3903
2446.0,0.3887
2447.0,0.3868
2448.0,0.3846
2449.0,0.3821
2450.0,nan
2451.0,nan
2452.0,nan
2453.0,nan
2454.0,nan
2455.0,nan
2456.0,nan
2457.0,nan
2458.0,nan
2459.0,nan
2460.0,nan
2461.0,nan
2462.0,nan
2463.0,nan
2464.0,nan
2465.0,nan
2466.0,nan
2467.0,nan
2468.0,nan
2469.0,nan
2470.0,nan
2471.0,nan
2472.0,nan
2473.0,nan
2474.0,nan
2475.0,nan
2476.0,nan
2477.0,nan
2478.0,nan
2479.0,nan
2480.0,nan
2481.0,nan
2482.0,nan
2483.0,nan
2484.0,nan
2485.0,nan
2486.0,nan
2487.0,nan
2488.0,nan
2489.0,nan
2490.0,nan
2491.0,nan
2492.0,nan
2493.0,nan
2494.0,nan
2495.0,nan
2496.0,nan
2497.0,nan
2498.0,nan
2499.0,nan
2500.0,nan
