Wavelength,15JUL18
350,0.01172016511313833
351,0.011758270743115588
352,0.011696881403861183
353,0.011736178780311201
354,0.0118240938573017
355,0.01186460844239947
356,0.011833491176109233
357,0.011864888029751261
358,0.011828160298121167
359,0.0118205974280043
360,0.011651424845854304
361,0.01166342622320169
362,0.011749121213756451
363,0.011708941231153708
364,0.011718948835654119
365,0.011740150120224554
366,0.011636212736886597
367,0.011617612413755278
368,0.011666207717752671
369,0.011642407199252811
370,0.01167563649410431
371,0.011720913736544884
372,0.011754861779520547
373,0.011857263357809546
374,0.011849958422382562
375,0.011877533385706782
376,0.011850671350626073
377,0.011874390025028905
378,0.011885180765151653
379,0.011958383762693025
380,0.01195763120590753
381,0.011946669097506819
382,0.01192986085264183
383,0.01195816829513537
384,0.012092628920413042
385,0.012205198067536255
386,0.012243702803707505
387,0.012249602583553443
388,0.012226074837059064
389,0.012309516962341718
390,0.01230191207876252
391,0.012340726361090014
392,0.012430825114235017
393,0.012430745767420773
394,0.012561883772579635
395,0.012498846853424521
396,0.012520090863472071
397,0.012577806318305271
398,0.012641696744278782
399,0.012668474566474425
400,0.012716487389487961
401,0.012752476192053674
402,0.012762968563452954
403,0.01281075716526479
404,0.012841691801105504
405,0.012847282318625877
406,0.012888689992103474
407,0.012910427764662427
408,0.0129096956312172
409,0.012933519225723803
410,0.013008516058376017
411,0.01307133654082221
412,0.013137968334288697
413,0.013152878767764394
414,0.01320216746324137
415,0.013266287911657789
416,0.013337779222529475
417,0.013384640981887396
418,0.013416306163111236
419,0.013439872774966624
420,0.013538672404686978
421,0.013626024408107878
422,0.013687282402747655
423,0.013687664328172002
424,0.013783835527045242
425,0.013849321696734185
426,0.01392186937604167
427,0.014020694189408158
428,0.01409461400671995
429,0.014140043029987455
430,0.014201529092340305
431,0.014326556934918029
432,0.014428933210274782
433,0.014515981125175336
434,0.014579842238711907
435,0.014592324221654298
436,0.01464866985836413
437,0.014732522235575272
438,0.01481084713523824
439,0.014879755921115356
440,0.014955927003463772
441,0.015032771902856186
442,0.015100030843144933
443,0.015180451081243369
444,0.0152711175424201
445,0.015366500977133709
446,0.015440669848337606
447,0.015496819829570421
448,0.015568322315529086
449,0.015650548512634463
450,0.015727614901761826
451,0.015799204017249685
452,0.015882878995487765
453,0.015950731756106215
454,0.01600716321244859
455,0.016064499919338237
456,0.016120244363455213
457,0.016182394411870964
458,0.01624448919266615
459,0.016339095409749677
460,0.01641063484262688
461,0.016451604267956818
462,0.016518292687449768
463,0.016600422298734263
464,0.016675931543966308
465,0.01672274246682461
466,0.01677934313874214
467,0.016847571554374545
468,0.016870153168994394
469,0.01693330251481391
470,0.017009081335484483
471,0.017074260974629413
472,0.017133270331283267
473,0.01719954836981097
474,0.01726060898744607
475,0.01730294389457516
476,0.017342882888793626
477,0.01739461317658589
478,0.017454293449301536
479,0.017488607099065676
480,0.017548418234004774
481,0.017618672526292043
482,0.01766954282201751
483,0.01769081644989855
484,0.017727571782634996
485,0.017784788938444783
486,0.017850679154607637
487,0.01792940686030784
488,0.017976171492846187
489,0.01800223601335756
490,0.01803968880848391
491,0.018123632639193137
492,0.018169031660014448
493,0.018217169474996533
494,0.018271361055166538
495,0.018343763073400444
496,0.018407125610089496
497,0.018459025903637273
498,0.018549200908675567
499,0.018656176350813833
500,0.018748497807737186
501,0.018815134831575733
502,0.018959205717259855
503,0.01908193416268376
504,0.01919673386368967
505,0.019355269067665194
506,0.019450666358790697
507,0.019572861004402857
508,0.019735986369936905
509,0.019897459569646395
510,0.020071084514233922
511,0.020265142995862732
512,0.020472997717570274
513,0.020706319462882004
514,0.020955353406403414
515,0.02127017645069222
516,0.021609958332063445
517,0.0218793905447207
518,0.022209141193669388
519,0.02262045705939226
520,0.02294797340465101
521,0.02324762486182816
522,0.023573797883749054
523,0.02395629351955316
524,0.02436567651413884
525,0.024856018958204718
526,0.025281005920889672
527,0.02563409167293837
528,0.026090384016716917
529,0.02651422248202597
530,0.026980077344303632
531,0.02741614199604631
532,0.02779884086921925
533,0.02818688854178287
534,0.02860093250775646
535,0.029020650221969695
536,0.029448073138277953
537,0.02987065841816195
538,0.030249260177651376
539,0.030639969962536796
540,0.031066492924860058
541,0.0314184906197713
542,0.03179694183115182
543,0.032164933904103486
544,0.03256722446573433
545,0.03294275630321927
546,0.0333068412260837
547,0.033717751063030904
548,0.034115124450370266
549,0.03449138353568457
550,0.03487815446090854
551,0.03525852358285467
552,0.03560942469029382
553,0.035859931421345165
554,0.036126955867853
555,0.03636889929163532
556,0.036579687202884105
557,0.03672045899109977
558,0.03684807018389144
559,0.036963570315883855
560,0.037045732651398086
561,0.03708282590658463
562,0.03711351650086751
563,0.03715248770932551
564,0.03711973802026426
565,0.03706375203458018
566,0.03701932929898728
567,0.036918204042935485
568,0.036801647504797474
569,0.03667480665884619
570,0.03656178868410091
571,0.03642714337964627
572,0.036290346716306446
573,0.036183921987371206
574,0.03603245653064461
575,0.03588768040677215
576,0.03576447239951448
577,0.03565759092153499
578,0.035551104633428095
579,0.03544451164950882
580,0.035349654315830745
581,0.03528356501093249
582,0.03525522457349575
583,0.035228789153098294
584,0.03521942926163522
585,0.03523968353107626
586,0.03523044155250372
587,0.03523640102982503
588,0.03523169954163076
589,0.03526324892601178
590,0.03531010295996513
591,0.03535409134211062
592,0.03541770347658443
593,0.03553180285304465
594,0.035633977515040244
595,0.035723092241811694
596,0.035812097737383336
597,0.03593496836209116
598,0.036035408147644624
599,0.036112614522156965
600,0.0361713137688829
601,0.036232351922713624
602,0.03629104056534339
603,0.0363336030950521
604,0.03637609348363481
605,0.036396805064554553
606,0.0363511887174663
607,0.036329010793082185
608,0.03627844285025969
609,0.03617865898981021
610,0.03607523112397266
611,0.03598956832990949
612,0.03591414693298424
613,0.035836822023223705
614,0.03575427072120167
615,0.03569691102503775
616,0.03562145265354242
617,0.03555946136009139
618,0.035503750346643305
619,0.03546415478847887
620,0.0354506932959856
621,0.035442970199870916
622,0.03543889244290642
623,0.0354815371951442
624,0.035541006000852846
625,0.03561596988131839
626,0.035689780770137666
627,0.03578355175628404
628,0.03589258098794036
629,0.0360053957307349
630,0.03612930194157882
631,0.036248989755246125
632,0.03635672502670862
633,0.036479304897051465
634,0.03655522418107679
635,0.036618390766736564
636,0.036658945005238155
637,0.03663573255799997
638,0.036603607055093995
639,0.0365760203799793
640,0.03653879318289839
641,0.03646479739878324
642,0.03633956867937371
643,0.036211462958823215
644,0.03610237990779068
645,0.03590596662056629
646,0.0357224715824882
647,0.03555739416221282
648,0.03549106094550371
649,0.03536745213740122
650,0.03528876005080682
651,0.035281808226137044
652,0.03527151451038737
653,0.03523618379827277
654,0.035169540917785416
655,0.035121703503505505
656,0.03503775102103442
657,0.03484883387065241
658,0.034690376081161364
659,0.03447600676676015
660,0.034274636528754426
661,0.0340775273659685
662,0.03385407771867501
663,0.03358363072802757
664,0.0334041298011614
665,0.03326542457018702
666,0.03308857855043102
667,0.0329082769062195
668,0.03274881937836602
669,0.03262597117889661
670,0.032573250110138514
671,0.03252120437628955
672,0.032484351210721
673,0.032478725808686826
674,0.032504696203677796
675,0.03251635862119749
676,0.03254085397081301
677,0.03256154277326959
678,0.03258747451726446
679,0.032658440805276655
680,0.03279929255819541
681,0.03295688245033643
682,0.033190400835849274
683,0.033517739591316154
684,0.03390085738104106
685,0.03435174903901152
686,0.03499577430626363
687,0.03584550541453851
688,0.036907738671596836
689,0.03802105034911167
690,0.03934006497506719
691,0.040712989018263895
692,0.04235222770650007
693,0.04395969241183987
694,0.04593605292044213
695,0.047916641852231885
696,0.05036594973515457
697,0.05274574447999547
698,0.055239212221205654
699,0.05798906750190208
700,0.060749997400324246
701,0.06354759935264097
702,0.06632384391330504
703,0.06940173311531497
704,0.07243287499457043
705,0.07528729662704867
706,0.0779102275009777
707,0.08055436306895397
708,0.08352712675135342
709,0.08636070303036109
710,0.08943930161134162
711,0.09261217234282398
712,0.09575909615952985
713,0.09889427593089874
714,0.1017359965114963
715,0.10449804447504457
716,0.10743895698107386
717,0.11028890147987379
718,0.11272852589414925
719,0.11570104466198224
720,0.1189762026739496
721,0.12196592916360219
722,0.1244293531244337
723,0.12745539730814656
724,0.13037644684353922
725,0.13296573244489335
726,0.13566065186550752
727,0.13806586313717822
728,0.14015176294938464
729,0.1425901151917408
730,0.14467117229787757
731,0.14658621192220844
732,0.14832633116870297
733,0.15025364005304004
734,0.15191739461033477
735,0.15356818778134818
736,0.15490072296301888
737,0.1560811994863128
738,0.15743181268861445
739,0.15887043549409927
740,0.16013277091192116
741,0.16127378676900428
742,0.16234029712852294
743,0.16334119151099075
744,0.16432132517611203
745,0.1651915817963127
746,0.16600850013752413
747,0.16682237064003075
748,0.16763529649272219
749,0.16849021171017756
750,0.1693264357773056
751,0.17003056250884863
752,0.17066357313650324
753,0.17126313054218933
754,0.17187950121352985
755,0.17249761720855533
756,0.17311358823543554
757,0.17373655421861728
758,0.17425959941134622
759,0.17478560721834244
760,0.17572692523321848
761,0.17748085042440087
762,0.1784873113012398
763,0.17866962140996528
764,0.17878612412797
765,0.17886320545198492
766,0.17889390827137058
767,0.17901616626302574
768,0.17921954734238044
769,0.1795470955684066
770,0.17993159568950706
771,0.1803654464411178
772,0.18079881697084077
773,0.18122483290282468
774,0.18168130124596613
775,0.18210002409289613
776,0.18252014708576006
777,0.18297254227880266
778,0.1833898788345436
779,0.1838201178883152
780,0.1842692976800494
781,0.1846703184994288
782,0.18507923212215074
783,0.18543171042365283
784,0.18584840535587538
785,0.18632931454478344
786,0.18675043695317967
787,0.18711064713610842
788,0.18749499493644106
789,0.18790183832764581
790,0.18832622940773036
791,0.18873200868581771
792,0.189127527397555
793,0.18955847362776926
794,0.18995366372451833
795,0.1902580305615465
796,0.19058250908670876
797,0.19092976432407963
798,0.19132607442932426
799,0.19171928671217253
800,0.19207051857958657
801,0.19242917994484532
802,0.19281053416574956
803,0.19321836927012673
804,0.19364318173981213
805,0.19400334289811585
806,0.1943749177861141
807,0.19479021256617307
808,0.19517503445509665
809,0.1955807160025225
810,0.19597146172624114
811,0.19631995703942146
812,0.19672757371308186
813,0.19707484061854733
814,0.19748995632092073
815,0.1979748489817596
816,0.19839821572150262
817,0.19881282280510798
818,0.19921985130590286
819,0.19961998709559697
820,0.2000024421306202
821,0.20038034428106113
822,0.20078690277196687
823,0.20122562879331285
824,0.20165865574017464
825,0.20205822239074858
826,0.2024544905906635
827,0.20278926469118574
828,0.20315463333637934
829,0.2035427453803218
830,0.2038927306477637
831,0.20423615975848264
832,0.20459423892732942
833,0.20493497166052121
834,0.20530185804733492
835,0.20574503368930214
836,0.2061566591215523
837,0.20651564599203762
838,0.20686176264000933
839,0.20726429707635477
840,0.20764071548551186
841,0.2079915463521027
842,0.20836444049867098
843,0.20869657106645675
844,0.20904503885165068
845,0.20942725597204237
846,0.20983399304135705
847,0.2102572895007766
848,0.21065417847037066
849,0.21103700079982873
850,0.21146528712211932
851,0.21191328348244498
852,0.21231059979983918
853,0.2126469464279285
854,0.21309494344300228
855,0.21348341644326407
856,0.2138935637225912
857,0.2142841766452655
858,0.21464041793270178
859,0.21489180007920256
860,0.21518280027755027
861,0.2155215604450016
862,0.21589701259686472
863,0.21622364470550953
864,0.2165244131084065
865,0.21687777150192453
866,0.21721062029035787
867,0.21750951901906718
868,0.21783458520444615
869,0.21827786877318456
870,0.21860922062906504
871,0.2189200828926572
872,0.21923286746421994
873,0.21956139663432656
874,0.21989288350082536
875,0.22021209413295
876,0.22053993247271586
877,0.22093522595639964
878,0.22132498043548665
879,0.2216326584638375
880,0.22187816477009778
881,0.22222850225006788
882,0.22258858974851065
883,0.22291747558220662
884,0.22321606370696184
885,0.22356935546883555
886,0.22388108830407014
887,0.2241374715238398
888,0.22446683583021615
889,0.22472435372726213
890,0.22507088179107726
891,0.2253774247698888
892,0.22565286919939062
893,0.2260394634184482
894,0.22635728991533138
895,0.22662607531896212
896,0.22688111025336447
897,0.22725720829465224
898,0.22769605727575642
899,0.22798912996134263
900,0.22822474947885152
901,0.22854478769957098
902,0.22880889700544857
903,0.22898673460876823
904,0.22927247814179688
905,0.22959270515602576
906,0.2298703905649783
907,0.23016631145982175
908,0.2305250784732671
909,0.23087786759154527
910,0.23118981774030617
911,0.23143193006606905
912,0.2315887109985486
913,0.23204378173269327
914,0.2323219447836399
915,0.2324728948599011
916,0.23262946737466172
917,0.23278079298177656
918,0.23299429827353188
919,0.2332821928631868
920,0.2335707813834238
921,0.23378617651077993
922,0.23389608915664417
923,0.23403057538260164
924,0.23430957425867657
925,0.23441324202181685
926,0.23466349023711516
927,0.2349184899803377
928,0.23492156743975923
929,0.2351541842048125
930,0.23535222816470014
931,0.2356271393868252
932,0.2361125858035529
933,0.2364170098665112
934,0.23642791687984288
935,0.23646618579915873
936,0.2369894786868457
937,0.2369842333842202
938,0.23693351661498382
939,0.23701038692126003
940,0.23700554100694826
941,0.2370448591339019
942,0.23699421276762245
943,0.23695945969379276
944,0.23682111364896294
945,0.23683330001609215
946,0.23684247997724706
947,0.23676306615700313
948,0.23657311086259797
949,0.23634101101446925
950,0.2358444838472263
951,0.23542813392172507
952,0.23531081994437403
953,0.23514782296660638
954,0.2346284146384342
955,0.23414464934094267
956,0.2341125681488502
957,0.23345222768320784
958,0.23327368937751058
959,0.233194319432396
960,0.23301000320270093
961,0.23268909808542887
962,0.23248625955896535
963,0.2325728692863343
964,0.23259513738726897
965,0.23227530436237576
966,0.2323508186669051
967,0.2323321168513557
968,0.2324130381988759
969,0.23213405075878257
970,0.23243143878972294
971,0.23263171222397322
972,0.2325789267472082
973,0.23247378840440394
974,0.23247972865931216
975,0.23260925585553957
976,0.23276468161363117
977,0.23294925586206433
978,0.2331789163290669
979,0.23310510460337147
980,0.23308739606786072
981,0.23345042238647934
982,0.23374220022827918
983,0.23415546697444556
984,0.2342905513565885
985,0.23409361940512596
986,0.234467456638968
987,0.23482675979725584
988,0.23541724188654012
989,0.2357373193460751
990,0.23573089537565067
991,0.23658293650856344
992,0.23705959932611556
993,0.23710053147328392
994,0.23740773582329028
995,0.23790610340082546
996,0.2380368446522189
997,0.2384514039897984
998,0.2383452522242907
999,0.23924532924146225
1000,0.23964913306845836
1001,0.23991630480922288
1002,0.2405725235035474
1003,0.24098385163810637
1004,0.2413354228343112
1005,0.24160216943694401
1006,0.24163796435594628
1007,0.24215719543756803
1008,0.2429749368020187
1009,0.2436468107233078
1010,0.24438590338177535
1011,0.24499065588583208
1012,0.2452512199222492
1013,0.24570303639257546
1014,0.2463031476314367
1015,0.24683135001794382
1016,0.24728439676197994
1017,0.24813782766670495
1018,0.24866274587871534
1019,0.24911938705123177
1020,0.24974764527505372
1021,0.2501858309187912
1022,0.2507393602533281
1023,0.2513207207246958
1024,0.25187528450395835
1025,0.2523726781666842
1026,0.2528485494127039
1027,0.25323030478514846
1028,0.2536330315214649
1029,0.2543724805568711
1030,0.2548749586787222
1031,0.2552655995295541
1032,0.25584172531647587
1033,0.25645648836939783
1034,0.25684520150318496
1035,0.2573876276861461
1036,0.2578323467116498
1037,0.258481360729641
1038,0.2595317696279633
1039,0.26006530903096803
1040,0.26053556064903616
1041,0.26089820753944737
1042,0.26141995570978127
1043,0.26170522282480835
1044,0.26207198147129385
1045,0.2628959805219732
1046,0.2635787024933696
1047,0.2639502975282202
1048,0.2643928135083966
1049,0.2649427465876736
1050,0.26536447333105034
1051,0.2655160148590796
1052,0.26595369206912817
1053,0.26655550804454475
1054,0.26676385259582125
1055,0.26699511865263065
1056,0.26721583812899874
1057,0.26754719561089857
1058,0.2680532979844789
1059,0.2686706505114207
1060,0.2692605812528829
1061,0.26978541665545763
1062,0.2702697497918718
1063,0.27071231669483437
1064,0.2710025261307344
1065,0.27138495037553395
1066,0.2717168923544223
1067,0.2722359265599905
1068,0.272738489213526
1069,0.27319409879771245
1070,0.27353409582275046
1071,0.27380577365763203
1072,0.2741049576429144
1073,0.2744712200994488
1074,0.2749891645563917
1075,0.2754230807161626
1076,0.27577832659491375
1077,0.2760415003626834
1078,0.27635861021987596
1079,0.27686577363508036
1080,0.27705946261624703
1081,0.2771791468127544
1082,0.27739972799784496
1083,0.27762462632992413
1084,0.2781462083569188
1085,0.27870461771166755
1086,0.2789841278878073
1087,0.2792469844102777
1088,0.27968982424858924
1089,0.2799719294962922
1090,0.2801663606273638
1091,0.2804859042970477
1092,0.28080086864959664
1093,0.2809357851248222
1094,0.28120450211177894
1095,0.28172978588858705
1096,0.28196167214583945
1097,0.2819699789530212
1098,0.28196795196623037
1099,0.28219886075215145
1100,0.28242733684486754
1101,0.2825170086697346
1102,0.28262844978583246
1103,0.28284881204932155
1104,0.28302682381256095
1105,0.2832038682426906
1106,0.28347565234062705
1107,0.28361646170071775
1108,0.28375784273104077
1109,0.283954410793437
1110,0.2840236847741565
1111,0.28400659653839044
1112,0.2839282325853224
1113,0.2841144065405872
1114,0.28429074197966464
1115,0.28414457787644914
1116,0.2845983545662185
1117,0.284335467206647
1118,0.2843614563844007
1119,0.2845520521631527
1120,0.2847891260580435
1121,0.2852133312428511
1122,0.28510817915430264
1123,0.2851885495773895
1124,0.2853578723703807
1125,0.2849259253927303
1126,0.28438897463853796
1127,0.2844921900628803
1128,0.28412834096326844
1129,0.28359902463460573
1130,0.2835379536580861
1131,0.2830240764915176
1132,0.2820556232236888
1133,0.28122528609570185
1134,0.2800066482354677
1135,0.2791281337450029
1136,0.27827660738931653
1137,0.27715587486187815
1138,0.2755530644446601
1139,0.27449181124607114
1140,0.2732583808972732
1141,0.2716566263731939
1142,0.27020934092545346
1143,0.2690257946594582
1144,0.26781393329063496
1145,0.26659175770305216
1146,0.26475100484486885
1147,0.26282078613372484
1148,0.2610218793982909
1149,0.2593500113254846
1150,0.257386402228598
1151,0.2554910548411342
1152,0.25380322941053257
1153,0.25235175929639886
1154,0.2507932226566945
1155,0.24958830111217778
1156,0.24869708961912118
1157,0.24777206214568626
1158,0.24679485171074725
1159,0.24589754132082725
1160,0.2452034385908868
1161,0.24425356026489337
1162,0.24340982100329545
1163,0.24261496979835462
1164,0.24192944860928328
1165,0.2413924196479339
1166,0.24097363424555046
1167,0.24066039869714406
1168,0.24039022734803828
1169,0.239865697648672
1170,0.23941751796000738
1171,0.23888520541925806
1172,0.23858745832292366
1173,0.23841280449621877
1174,0.23825178832070992
1175,0.23804981600992875
1176,0.23793729122135715
1177,0.23777550404020892
1178,0.23769865249787303
1179,0.23765777931012713
1180,0.2375651358716689
1181,0.2374080177302158
1182,0.2372895644563527
1183,0.23717680032629856
1184,0.23705016854199407
1185,0.23689456208663384
1186,0.23691308338043077
1187,0.23695198438273507
1188,0.23690778427890408
1189,0.23697513747813476
1190,0.23690170151517795
1191,0.23680190042433671
1192,0.23683431293425972
1193,0.23679238238187306
1194,0.23670204879673462
1195,0.2366278273683458
1196,0.2367152176769687
1197,0.2367661816830094
1198,0.23676490728952115
1199,0.23691618956812882
1200,0.23715115530495817
1201,0.23728668272232123
1202,0.23746234451695153
1203,0.2376666502274806
1204,0.23778200500036611
1205,0.2380219863119621
1206,0.23836441248630114
1207,0.23871872990213414
1208,0.23912494777260973
1209,0.23941915866737135
1210,0.23971763459956005
1211,0.24010597467401634
1212,0.2404861391142489
1213,0.24092667218717986
1214,0.24133206870259574
1215,0.24164795165790914
1216,0.2420781298797757
1217,0.24249827439709726
1218,0.24307329853414972
1219,0.24388491928532324
1220,0.24451478814525598
1221,0.2450833772315945
1222,0.24569771387770126
1223,0.24620069279432932
1224,0.24676553634616732
1225,0.24735708830603448
1226,0.24794016681966005
1227,0.2485587732393593
1228,0.249193404914981
1229,0.24983964786555218
1230,0.2503843513591251
1231,0.25100754846919127
1232,0.25184931489283635
1233,0.25257091871899917
1234,0.2532023910967555
1235,0.25393916538888206
1236,0.25471582164593964
1237,0.25543290683263137
1238,0.2558412233887328
1239,0.256535401478749
1240,0.257450723211192
1241,0.25809461883584917
1242,0.258660888534189
1243,0.25914165612745343
1244,0.25981110642456795
1245,0.2604806243861816
1246,0.2610664453781657
1247,0.26156457244733355
1248,0.26212256181257254
1249,0.26252401656345314
1250,0.26301339764081877
1251,0.26381076513464774
1252,0.2643179814938745
1253,0.26461419595608976
1254,0.265091544160211
1255,0.2656201611813346
1256,0.26604103347104147
1257,0.2665015765838292
1258,0.2670072434753166
1259,0.2674701233989956
1260,0.26778035135050526
1261,0.268189185624178
1262,0.2687071564339385
1263,0.26918755216432566
1264,0.2695743851892751
1265,0.27014325108763143
1266,0.27072775809881877
1267,0.2710651120475502
1268,0.2715251224781474
1269,0.271926603895292
1270,0.2721766992071911
1271,0.27266807624601497
1272,0.2730454702406582
1273,0.27354450263122787
1274,0.27409991084724017
1275,0.27447790191185156
1276,0.274864110584769
1277,0.2753044231933627
1278,0.27562670671860395
1279,0.27577724170787
1280,0.2761041774148981
1281,0.2765325168792514
1282,0.27674048124295825
1283,0.27686066498406736
1284,0.276910069046422
1285,0.27679525442629915
1286,0.27675135399557926
1287,0.2768460820566183
1288,0.2768131056079274
1289,0.27690862386779
1290,0.2768548825175009
1291,0.27663019470687533
1292,0.27658743156158205
1293,0.2767388415741152
1294,0.2766496000843748
1295,0.276493673361142
1296,0.27624866634404566
1297,0.2760411707123528
1298,0.2758445997982736
1299,0.27555673376243983
1300,0.27517592707585253
1301,0.27489530218609937
1302,0.2745411811564248
1303,0.2740950820593658
1304,0.2739606035308414
1305,0.27321832076798647
1306,0.2722686640671087
1307,0.27143467667756777
1308,0.2705804221133078
1309,0.2697500369394026
1310,0.2691395820038663
1311,0.2685172368602621
1312,0.2679951895438865
1313,0.2673996577665407
1314,0.26662968479134685
1315,0.26590313352438383
1316,0.2651792768672666
1317,0.2644566009530478
1318,0.2636259658286699
1319,0.2624818397608914
1320,0.2617042180567809
1321,0.2607289926746487
1322,0.259487975297494
1323,0.25842322901516374
1324,0.2571443586265242
1325,0.2557464946243406
1326,0.2546875785494933
1327,0.25368783842191855
1328,0.2526679459925657
1329,0.2514042351458904
1330,0.25012860544453175
1331,0.24867321966986794
1332,0.2472720737156837
1333,0.24602693615785856
1334,0.24475627059981908
1335,0.24316678884134124
1336,0.24157209513402766
1337,0.24025095331452698
1338,0.23915192030728416
1339,0.2378821719238954
1340,0.23639081820207367
1341,0.23485911852593105
1342,0.233249610334189
1343,0.23186089624239076
1344,0.23062499239021006
1345,0.22958848577651458
1346,0.22853577988166773
1347,0.2272253425756543
1348,0.2259491029318091
1349,0.2249382512395284
1350,0.22425380931574834
1351,0.22352479412452786
1352,0.22210506636216015
1353,0.2212165943084032
1354,0.21953424971806912
1355,0.21882107974203616
1356,0.21774247162091898
1357,0.2192478019536735
1358,0.21920578312250322
1359,0.21773992311828355
1360,0.21645736084209424
1361,0.21903510125219242
1362,0.22074062947358158
1363,0.22199244119962291
1364,0.2220301745522677
1365,0.21841764911660372
1366,0.21724236465126312
1367,0.2146090430259121
1368,0.20917070624748477
1369,0.20694004265765542
1370,0.20548023801538504
1371,0.20541690515183347
1372,0.20254698607673427
1373,0.202330437817618
1374,0.20026122402812782
1375,0.19805368415212327
1376,0.19584964370920654
1377,0.19498137190472276
1378,0.1942197430057851
1379,0.1935177519116241
1380,0.19105675648492232
1381,0.18850866809287503
1382,0.18550795088129718
1383,0.1810901230034898
1384,0.17649177140885242
1385,0.17019447809939012
1386,0.16468345027233988
1387,0.16006700575186664
1388,0.15636107473237748
1389,0.15294985579173342
1390,0.15017124119233732
1391,0.1485806183934517
1392,0.14703245283298033
1393,0.1444285377761895
1394,0.14290386271680233
1395,0.1399990684504286
1396,0.13627839178916468
1397,0.132586465992511
1398,0.1296952100079649
1399,0.1256818577717648
1400,0.12248512389319972
1401,0.11915753429106377
1402,0.11442091769182428
1403,0.1116207189251121
1404,0.11037285127004609
1405,0.10925266212561707
1406,0.10658871164723732
1407,0.10378181972439357
1408,0.10211570198260463
1409,0.09977413565397766
1410,0.09773561494051684
1411,0.09664253073453472
1412,0.09516219166168527
1413,0.09207793439863146
1414,0.09099801693685122
1415,0.09090812536865636
1416,0.08969699102627308
1417,0.08822486447692326
1418,0.08692616096271996
1419,0.08510628488418776
1420,0.08366182253746247
1421,0.0835789102307558
1422,0.0824896861733295
1423,0.0815410569105423
1424,0.08078283021095899
1425,0.08007961393602299
1426,0.07946463576650648
1427,0.07926651964924034
1428,0.07853474618701267
1429,0.07812857513143143
1430,0.07749123277446038
1431,0.07699292100428343
1432,0.07657685015123097
1433,0.07602129929949575
1434,0.07571507328713192
1435,0.07530660498238118
1436,0.0747495877391307
1437,0.07429990923360544
1438,0.07378924039491525
1439,0.07352817184774404
1440,0.07340405815533688
1441,0.0731777677051742
1442,0.07330418696970982
1443,0.07306417946992026
1444,0.07240358132849356
1445,0.07209739639205687
1446,0.07197066885526632
1447,0.07179656561142563
1448,0.07143498932741277
1449,0.07128734200579286
1450,0.07159671346621563
1451,0.07155451416872986
1452,0.07148315311745018
1453,0.07161413988961354
1454,0.07155809007294575
1455,0.07148916167777453
1456,0.07135264395762211
1457,0.07154729499110207
1458,0.07163326982375523
1459,0.07159227259413617
1460,0.07137663331662755
1461,0.07094934987559523
1462,0.07086403010167983
1463,0.07093417500980548
1464,0.07095896700300644
1465,0.0712519722611509
1466,0.07143740991512237
1467,0.07147551296876269
1468,0.07176119664831317
1469,0.07246299619993676
1470,0.07272277401583903
1471,0.07260423315122769
1472,0.07268890151798277
1473,0.07274335926583828
1474,0.07291612660571467
1475,0.07328308099348685
1476,0.07349748232192321
1477,0.07369717769950507
1478,0.07392901154003202
1479,0.07449518012467507
1480,0.0748364625514095
1481,0.07504574144137187
1482,0.07533697238655321
1483,0.07589680982293287
1484,0.07626617929790949
1485,0.07630450132333308
1486,0.07650751319825339
1487,0.07653442912009845
1488,0.0767858964713028
1489,0.07718934650718266
1490,0.07769493007013054
1491,0.07806672340452286
1492,0.07874836898179402
1493,0.07909526680367204
1494,0.0790324896302336
1495,0.07932523203462824
1496,0.07981700303188399
1497,0.08021619589444001
1498,0.08067287674721041
1499,0.08117366072993118
1500,0.08150192705495778
1501,0.08198116305924379
1502,0.0824971957459392
1503,0.08297200858894122
1504,0.08339423462624374
1505,0.08382959113275487
1506,0.0844406338599547
1507,0.08495270463432644
1508,0.08536253187578435
1509,0.08585712601287193
1510,0.08640117202994545
1511,0.08689726182568902
1512,0.0872933080475693
1513,0.08786299003644873
1514,0.08850397565660462
1515,0.08901177401960585
1516,0.08939638704131464
1517,0.08989257056937691
1518,0.0902497491467688
1519,0.09061934064192054
1520,0.09114500766954572
1521,0.09155005681250986
1522,0.09185318673654555
1523,0.09228542291025338
1524,0.09289152649163168
1525,0.09339047109412285
1526,0.09369314932331196
1527,0.09421663523648899
1528,0.0946990086364437
1529,0.09521272130064787
1530,0.09569047998859687
1531,0.09604917446868785
1532,0.0965974632564445
1533,0.09707470618298986
1534,0.09758793391919338
1535,0.09807076391073861
1536,0.09852999059076052
1537,0.09889107169742566
1538,0.0993517483631732
1539,0.09982445141169469
1540,0.10025976491388541
1541,0.10060564448185733
1542,0.101066984549153
1543,0.10177263552755138
1544,0.10222590741079937
1545,0.10261828196101702
1546,0.1030454944214717
1547,0.10327112334494211
1548,0.10364182321525175
1549,0.10420587487536552
1550,0.10466561102764757
1551,0.10519003582454806
1552,0.1055063996256487
1553,0.10559617438889883
1554,0.10591143691341064
1555,0.10627464534715397
1556,0.10662306125395801
1557,0.10712386339407017
1558,0.10755108600195903
1559,0.10786347317531741
1560,0.10822111152222225
1561,0.10864075698859502
1562,0.10912580969814817
1563,0.10981144643141219
1564,0.11020243785295579
1565,0.110599636309692
1566,0.11085633298456174
1567,0.11091219070722004
1568,0.11130746387055133
1569,0.11180695557850844
1570,0.11217079334353594
1571,0.11261746513924639
1572,0.11313137479043504
1573,0.11356163064142405
1574,0.11392931313855839
1575,0.11436585301901875
1576,0.11479777051968484
1577,0.11509018352182335
1578,0.1154566260805823
1579,0.11596911840084026
1580,0.11634113544681121
1581,0.11651055781135963
1582,0.11664348327879859
1583,0.11717002650297698
1584,0.11765456759718654
1585,0.11797116388626186
1586,0.11841217780896433
1587,0.11892839657422577
1588,0.11935363779665012
1589,0.11967198343232674
1590,0.11998750953729628
1591,0.12044611303516878
1592,0.1209245470834456
1593,0.12140043702303388
1594,0.12201393603932617
1595,0.12252180183994077
1596,0.12285191458636072
1597,0.1233716306606803
1598,0.1240512093436794
1599,0.12461293751897558
1600,0.12518784103821817
1601,0.1257086171376493
1602,0.12614696922952073
1603,0.1266694981727715
1604,0.12714536450268732
1605,0.1277541975763754
1606,0.12859584407625158
1607,0.12906197235949346
1608,0.12930742184086091
1609,0.1297987656319562
1610,0.1301583483315374
1611,0.13062795214080314
1612,0.13139117364103473
1613,0.131941161711077
1614,0.13230408362243723
1615,0.13276502350902275
1616,0.13333190756273317
1617,0.13374011089906274
1618,0.13427573035935414
1619,0.1347696887865535
1620,0.1351150122679094
1621,0.13559019877967218
1622,0.13611677671485128
1623,0.13662408130616738
1624,0.13695322891008538
1625,0.1372876922806714
1626,0.1377092097801758
1627,0.1380509629657525
1628,0.1385083449514251
1629,0.13882558650830024
1630,0.13897185516442112
1631,0.13928293459123917
1632,0.13967826715736714
1633,0.14006084208823885
1634,0.14047471262258412
1635,0.14064987716868116
1636,0.14089030252535664
1637,0.141105531649043
1638,0.14124984747218894
1639,0.14139270486509783
1640,0.14178515530886576
1641,0.14212199933483796
1642,0.14255306334570983
1643,0.142823598301134
1644,0.14302278023309406
1645,0.1432232220532076
1646,0.14318166948972733
1647,0.14328581019537573
1648,0.14369932470389063
1649,0.1438514873349141
1650,0.14364241017305068
1651,0.14370792215684058
1652,0.14351362829660708
1653,0.14343733403399034
1654,0.1437009345689666
1655,0.14378619225383954
1656,0.14382697915617793
1657,0.14376181684695205
1658,0.1434885208887272
1659,0.1433301648755889
1660,0.14329006472906602
1661,0.14316215261171636
1662,0.14303028419128966
1663,0.1429111525141299
1664,0.14260166006529856
1665,0.14238920463893204
1666,0.14242767000749676
1667,0.1423034737629218
1668,0.1420899162538033
1669,0.14197273897151547
1670,0.14189963146397622
1671,0.14181817041754552
1672,0.14173483759655653
1673,0.1415968657321032
1674,0.1412743808024504
1675,0.14109124394631403
1676,0.1411045881102279
1677,0.14103773825503874
1678,0.1410034002588671
1679,0.14093657439343904
1680,0.14089735805131665
1681,0.14072096241428067
1682,0.140540601809185
1683,0.14050338236000226
1684,0.14039316204444857
1685,0.1402594250260097
1686,0.14036927548484818
1687,0.1402629927326245
1688,0.13992550983068347
1689,0.13958621731991872
1690,0.1392040250494304
1691,0.13884167901988748
1692,0.13828267984031842
1693,0.13801409428934724
1694,0.13803842690394333
1695,0.13792969589846288
1696,0.13775206480667088
1697,0.13749616981801638
1698,0.1372180709096234
1699,0.13685178296592293
1700,0.13671087451586614
1701,0.1366272069428058
1702,0.13637466089437925
1703,0.1360155550339388
1704,0.13563460480456613
1705,0.13537304903095015
1706,0.13499509399370574
1707,0.13464005489538722
1708,0.13419642402219956
1709,0.1337212647381788
1710,0.13315169377682462
1711,0.1324958048026037
1712,0.13193074277327616
1713,0.1314164362377367
1714,0.13081239544757847
1715,0.13041681332235933
1716,0.12998200030866924
1717,0.12960377439455506
1718,0.12903277602002267
1719,0.12871353181062598
1720,0.12844197882017833
1721,0.12821381896848213
1722,0.12821882311167418
1723,0.1279497323967632
1724,0.1279039300667895
1725,0.12777766913055677
1726,0.12773320522100381
1727,0.12765267975924038
1728,0.1275049067840049
1729,0.1273740411600117
1730,0.12720512525222188
1731,0.12714457795422413
1732,0.12697631954399513
1733,0.1271095537184332
1734,0.12764846474501396
1735,0.12785776364588364
1736,0.12813704870781883
1737,0.12832560776809343
1738,0.1282591868156051
1739,0.12833549570905733
1740,0.12832278626719412
1741,0.1282808209722998
1742,0.1280815442441367
1743,0.12802310393134492
1744,0.12791305616947468
1745,0.12775197415989026
1746,0.12782791201687704
1747,0.12786014748242552
1748,0.12745193627139656
1749,0.12708968629941558
1750,0.1266277396724853
1751,0.12647113960376716
1752,0.12618252965713775
1753,0.12576624177142404
1754,0.1257136630502198
1755,0.12515240086915216
1756,0.12446460725838097
1757,0.12401718438776443
1758,0.1237772611899794
1759,0.12360389952131813
1760,0.12331501253374147
1761,0.1234708547464721
1762,0.12331131495176822
1763,0.12307123463476863
1764,0.1228817797949585
1765,0.12282079946068872
1766,0.12278321637351683
1767,0.12215307622718241
1768,0.12191248589812179
1769,0.12182200395073331
1770,0.12148707065381426
1771,0.1218658891742054
1772,0.12187098199991664
1773,0.12198386362513217
1774,0.1219934498179599
1775,0.12159175389372393
1776,0.12168390175891806
1777,0.12193637103561436
1778,0.12156946247970613
1779,0.12149866111365486
1780,0.12150038748655602
1781,0.12151464910529149
1782,0.12149855979854253
1783,0.12176218145406503
1784,0.12195881342671741
1785,0.12195177341116224
1786,0.12210727723777852
1787,0.12258592778755217
1788,0.12253931997669167
1789,0.12164293465334888
1790,0.12158258222653312
1791,0.12165979110225916
1792,0.12199576001733779
1793,0.12200717324088903
1794,0.12271102368344203
1795,0.12337098286463277
1796,0.12340449656516085
1797,0.1236088334434412
1798,0.12396506963244851
1799,0.12393323291620992
1800,0.1236123896536272
1801,0.12224724468013358
1802,0.1225910825316966
1803,0.12226773177807426
1804,0.12231814588240285
1805,0.12276238016243833
1806,0.12313388332887923
1807,0.12331878089440287
1808,0.12309438724890025
1809,0.12332220474096847
1810,0.12357325922475605
1811,0.12394320466538333
1812,0.12461267609897388
1813,0.12481209086128614
1814,0.12474068043359147
1815,0.12493448742648744
1816,0.12516178082335835
1817,0.1255758655133179
1818,0.12564831968830853
1819,0.12580515415672422
1820,0.12618116116208483
1821,0.12547329976757918
1822,0.12553057885212732
1823,0.12702825801917036
1824,0.12662564502549
1825,0.12610166666246284
1826,0.12630938263137523
1827,0.12654923179880562
1828,0.1269617057895157
1829,0.12692670189205318
1830,0.12754601314810698
1831,0.12892228538995706
1832,0.1299632437842987
1833,0.1313293371806829
1834,0.13440369916733297
1835,0.13662247990742277
1836,0.13983771994839544
1837,0.1437782570033378
1838,0.14638194250649114
1839,0.14582076057227697
1840,0.14466155565147576
1841,0.1452738172928007
1842,0.14476507077725786
1843,0.13736510256420176
1844,0.13483558450357863
1845,0.13500523193380654
1846,0.13375456054012114
1847,0.13428367901414187
1848,0.13266822885580676
1849,0.13350565327738823
1850,0.1354225449358415
1851,0.13464825296670957
1852,0.1354986161124223
1853,0.13490961350753472
1854,0.13504735715536229
1855,0.1335816417044605
1856,0.13233929252477938
1857,0.1318457491124771
1858,0.1296540020690815
1859,0.12700228517287965
1860,0.1241363203929143
1861,0.12317803831402138
1862,0.12097471092324227
1863,0.11832431029660642
1864,0.11717066857768096
1865,0.1185910345204951
1866,0.11719435362567238
1867,0.11899486598961559
1868,0.11970936942512597
1869,0.12180804731993475
1870,0.12613316693107707
1871,0.12551840284405008
1872,0.1267603937932324
1873,0.12032692730052291
1874,0.11007598287726778
1875,0.10289004084788378
1876,0.09777769317173332
1877,0.09320321321237432
1878,0.08902508600314854
1879,0.08687703013694764
1880,0.08473126590801369
1881,0.08272120757432938
1882,0.08089288932980251
1883,0.07881481873311608
1884,0.07716812855725902
1885,0.07545833453713818
1886,0.0738312175250728
1887,0.0721498419013038
1888,0.07065540726258639
1889,0.0693511505321951
1890,0.06816955880784092
1891,0.06595850272874064
1892,0.06432202166227388
1893,0.062463715721776225
1894,0.061062126462762045
1895,0.06054702451916555
1896,0.061055341661297675
1897,0.05964027074815377
1898,0.059304228142657484
1899,0.05896899466195182
1900,0.05929562771409619
1901,0.06002472748606569
1902,0.05954630874449161
1903,0.06014570370326676
1904,0.05840510149797897
1905,0.056282153628513694
1906,0.05435372749294993
1907,0.052419938032495436
1908,0.05082930161896181
1909,0.048847807168192245
1910,0.04791105282349821
1911,0.04736119880834612
1912,0.04628794995122512
1913,0.04500374466248043
1914,0.04395294209165641
1915,0.04235080601813408
1916,0.041316769911931076
1917,0.04025730144709759
1918,0.039941232005756465
1919,0.039450301203074356
1920,0.03807300010611567
1921,0.037912456234162964
1922,0.037888573567759196
1923,0.037341287745447746
1924,0.037119797807558697
1925,0.03696828575978858
1926,0.037350056556030894
1927,0.036642899207014454
1928,0.036735238212983023
1929,0.03642831564619174
1930,0.036420409957924255
1931,0.03639698325247643
1932,0.03634357186372039
1933,0.03666537736940363
1934,0.036352921011552644
1935,0.03643220199818298
1936,0.036487727548525736
1937,0.03679002654586336
1938,0.03669966922443281
1939,0.03667466775161188
1940,0.036996313040009485
1941,0.03691568426861686
1942,0.03686163500064117
1943,0.03703962663982667
1944,0.0368253467703665
1945,0.03693435182488748
1946,0.03722395111066534
1947,0.03736436571809082
1948,0.03763839605937183
1949,0.037594916888310737
1950,0.0379128746846049
1951,0.0379074759150844
1952,0.03815230425926667
1953,0.038729905878831544
1954,0.03931049906986189
1955,0.03969697422750934
1956,0.03967957268545069
1957,0.040084231961992844
1958,0.04029092007964498
1959,0.040435779210841974
1960,0.040403511076403234
1961,0.040635817322620976
1962,0.04057678454248825
1963,0.04087098664552885
1964,0.04108249203782986
1965,0.04160544475448367
1966,0.04144101992787923
1967,0.04153138288939931
1968,0.04192790606663381
1969,0.04220204915237381
1970,0.04234368805659923
1971,0.04249912555249212
1972,0.04260104445529358
1973,0.04260725064473404
1974,0.04279985478040402
1975,0.04292126833240044
1976,0.043172917071755454
1977,0.04339563364171805
1978,0.04354315494715283
1979,0.04379898033555843
1980,0.04394029980128441
1981,0.04418065883503393
1982,0.044502014556528746
1983,0.04474102998740693
1984,0.045067583878340464
1985,0.04529119593830487
1986,0.04535122997820888
1987,0.04565244399669355
1988,0.04597575462953466
1989,0.046189116013773186
1990,0.04662000654438565
1991,0.04696820783205282
1992,0.04709643800081195
1993,0.047216138141846165
1994,0.047231788726515817
1995,0.04740869702345935
1996,0.047630198896363024
1997,0.04759742225267763
1998,0.04769567751365495
1999,0.04781176692634956
2000,0.048163523129899646
2001,0.04871347761561508
2002,0.04908351180999397
2003,0.04989539293584873
2004,0.05113931802285171
2005,0.052233739049842284
2006,0.05314247586174499
2007,0.053054916673143486
2008,0.05322845253358228
2009,0.053786062110763096
2010,0.05376898535637406
2011,0.05378438459973284
2012,0.05361853644163772
2013,0.053787199965261434
2014,0.05429543908320002
2015,0.054153131329390466
2016,0.05440731783922405
2017,0.05411769868569319
2018,0.05369662407792694
2019,0.05339343721578241
2020,0.05317401558488678
2021,0.05356774297428779
2022,0.053568196633061976
2023,0.05356076731069668
2024,0.053515419204568856
2025,0.05347943729271033
2026,0.05323685919091342
2027,0.0530570593007781
2028,0.05311705085712547
2029,0.05302452256276258
2030,0.05322282097349067
2031,0.05313608885963901
2032,0.0531183701002196
2033,0.053029763488512516
2034,0.05287250762028245
2035,0.05290623852924563
2036,0.0526823278199135
2037,0.052773059273137496
2038,0.052989136667315716
2039,0.053111854809454614
2040,0.05297636257659203
2041,0.053136036088114826
2042,0.05301030470136147
2043,0.05296455938587011
2044,0.0530869547483353
2045,0.052893775563282924
2046,0.05309966920541308
2047,0.053234987452056445
2048,0.05334635104888599
2049,0.053490044548242334
2050,0.05342351967131917
2051,0.053534774301392696
2052,0.0535358276339323
2053,0.05355456401169398
2054,0.05332091185664212
2055,0.05290666894196183
2056,0.05277856954155987
2057,0.05245640143015891
2058,0.05256063145960178
2059,0.0526578125768343
2060,0.052566697666471415
2061,0.05240238052237451
2062,0.05247215013476472
2063,0.05272930389089922
2064,0.05280949066519054
2065,0.05291830230413858
2066,0.05274727761054454
2067,0.0524975023491344
2068,0.05240608405916944
2069,0.052758532983312206
2070,0.05306103396794441
2071,0.05304668846689605
2072,0.052926024574609196
2073,0.05286757381061023
2074,0.05265687533962886
2075,0.05252940411326095
2076,0.05295023537018022
2077,0.052645352471550624
2078,0.05269290938562734
2079,0.052859481092714614
2080,0.05302317812538822
2081,0.052987087983228515
2082,0.05281245323309164
2083,0.052838568216064724
2084,0.05297103512580255
2085,0.05323192052101157
2086,0.05337259611338941
2087,0.05347807563390861
2088,0.05347390045901176
2089,0.0536406126257477
2090,0.05355488286684852
2091,0.053484220107158364
2092,0.0532472417787094
2093,0.05312377272401193
2094,0.05313614861547482
2095,0.05318894017208993
2096,0.05324228317014072
2097,0.053318817278818056
2098,0.0534529110840469
2099,0.05338655274960914
2100,0.05344620071512871
2101,0.05365075991581947
2102,0.05376723668415982
2103,0.0538007589096319
2104,0.05392278510742494
2105,0.05384811400574321
2106,0.053934824116205086
2107,0.05396428996091572
2108,0.05395032165284537
2109,0.05384432903872685
2110,0.053920154639732466
2111,0.05396354778952947
2112,0.05405058627956009
2113,0.05413649595442867
2114,0.05414432939191778
2115,0.0543061628127499
2116,0.0544535540646971
2117,0.05466751828962199
2118,0.05491490118785981
2119,0.05487523342995623
2120,0.05489793782126251
2121,0.054918062357617266
2122,0.05524749693109401
2123,0.055544764569110956
2124,0.05575643050929509
2125,0.05597079039105451
2126,0.055943957587922914
2127,0.05597897353057535
2128,0.055740821542483394
2129,0.05583137744757077
2130,0.055990467215052256
2131,0.0562845443833183
2132,0.05638952319316279
2133,0.056634005185582065
2134,0.056502872548221
2135,0.056513946074837874
2136,0.056682766760043204
2137,0.0569975005531083
2138,0.057192210972935614
2139,0.05765251966466827
2140,0.05775772838706557
2141,0.05775802785520322
2142,0.05784594795409377
2143,0.05785739534220746
2144,0.057938311003985
2145,0.058024482333728186
2146,0.057967953625055704
2147,0.058007554337923595
2148,0.05836405451526419
2149,0.058420983723951894
2150,0.058695279474738446
2151,0.059159982358947066
2152,0.05937948279872615
2153,0.05964516222240934
2154,0.059743303119200675
2155,0.059886269510655135
2156,0.059968274994530446
2157,0.060148973966076234
2158,0.06064079933162217
2159,0.06090069720522221
2160,0.0612742744889168
2161,0.06125695151449436
2162,0.061256078557075724
2163,0.06146974686065632
2164,0.06139134875925406
2165,0.061632846330764934
2166,0.0617873732936971
2167,0.061886107159028106
2168,0.062170785489804065
2169,0.062483556361914855
2170,0.06256136441867664
2171,0.06264416815762919
2172,0.06267645544328398
2173,0.06278909590476345
2174,0.06278211253749233
2175,0.06301800625207765
2176,0.06311965721251916
2177,0.0634122330837047
2178,0.06387275731141118
2179,0.06400445088587113
2180,0.06410120110905375
2181,0.06443343936110768
2182,0.06437684767693429
2183,0.06448095456458944
2184,0.06457304381051436
2185,0.06494954353974162
2186,0.06495154188492436
2187,0.0651691013968538
2188,0.06531059137980345
2189,0.06533635716594054
2190,0.0654596575724467
2191,0.06564027739189905
2192,0.06603467681421958
2193,0.06602606954983173
2194,0.06605018225562369
2195,0.06620113384203216
2196,0.06618916822952958
2197,0.06627876203410576
2198,0.06659953462267001
2199,0.06663194038510374
2200,0.06681547131570557
2201,0.067016320931962
2202,0.06653516108334945
2203,0.06676704099644526
2204,0.06685492180802821
2205,0.06706514146969403
2206,0.06750783735966251
2207,0.06779692630480598
2208,0.06776518326866479
2209,0.06773368156122672
2210,0.06786306486866381
2211,0.06809538074742262
2212,0.06820964168736751
2213,0.06828944815880317
2214,0.06825323487593857
2215,0.06840441598903164
2216,0.06847598957520193
2217,0.06843498631419394
2218,0.06840453786777315
2219,0.06828485562230063
2220,0.06796410600373648
2221,0.06784826931798654
2222,0.06786037572433434
2223,0.06765225800320995
2224,0.0677273254990518
2225,0.06758676896665684
2226,0.06748531223358989
2227,0.06727581017328407
2228,0.06701854630516768
2229,0.06685219916255383
2230,0.06669899887156458
2231,0.066582035288373
2232,0.06645985501113874
2233,0.06618537597303842
2234,0.0661000206106945
2235,0.06578853763295774
2236,0.06538377646827645
2237,0.06495993775026127
2238,0.06441070998433818
2239,0.06380164997324082
2240,0.06342053776935447
2241,0.06302137297401678
2242,0.06275215045310362
2243,0.06261396335662246
2244,0.06253564110423823
2245,0.06212339139254486
2246,0.06144038957657948
2247,0.060498394005985626
2248,0.05968063405399246
2249,0.05971656249656557
2250,0.05921174657132303
2251,0.058717851376645
2252,0.058127520919522634
2253,0.05768392065762511
2254,0.05750569036273772
2255,0.05735794252041307
2256,0.05699361643096292
2257,0.05681713097416341
2258,0.055978357409437365
2259,0.055639455486410805
2260,0.05522347505681123
2261,0.05513897978340634
2262,0.054905025905888874
2263,0.05436430083500801
2264,0.05432854252774197
2265,0.05400250163987212
2266,0.053962605268203546
2267,0.05370768320848693
2268,0.05353982842549558
2269,0.053041991960890225
2270,0.05277609677440553
2271,0.05270266956849312
2272,0.0530603639926749
2273,0.05275395843083687
2274,0.052521603035002876
2275,0.05210512741671827
2276,0.05190161370760187
2277,0.05173728418601668
2278,0.05184348396870483
2279,0.05198915834556524
2280,0.05180985195046063
2281,0.051793515087961234
2282,0.05193605752015816
2283,0.0513306902122367
2284,0.0514005379489476
2285,0.05132058029945944
2286,0.051436649108386266
2287,0.05143523549040224
2288,0.051150116168205126
2289,0.05074950608501441
2290,0.05090307790075173
2291,0.05079724218183976
2292,0.050596407807044066
2293,0.05040045551742699
2294,0.050239235882140285
2295,0.05015877009561537
2296,0.049748232347607196
2297,0.049373815395400825
2298,0.04905296177689083
2299,0.04858417865901688
2300,0.048251543035221736
2301,0.048279554472839686
2302,0.04779328689614483
2303,0.04757433449623524
2304,0.04736601527658993
2305,0.0471081180111519
2306,0.046870215051550174
2307,0.046583616736833255
2308,0.04641871914402279
2309,0.04621239287664397
2310,0.045684805689275305
2311,0.045715138014776946
2312,0.045499254783846046
2313,0.04561150389793951
2314,0.04570827827050389
2315,0.04559898591043274
2316,0.04578045460330209
2317,0.04601269824000388
2318,0.045942107429445045
2319,0.04592033832161399
2320,0.04590804123376944
2321,0.04603225093032007
2322,0.04612153106256692
2323,0.04643818723510301
2324,0.046360432990581374
2325,0.04629059180907553
2326,0.04643947400265279
2327,0.04623535357425601
2328,0.045674637379861556
2329,0.04554206837882044
2330,0.04557671829130143
2331,0.04548938194520363
2332,0.045246125584475924
2333,0.045246696278189974
2334,0.044796483159100356
2335,0.044544919460284826
2336,0.044569545469302
2337,0.04452963869728209
2338,0.044313270975707614
2339,0.043945212253918106
2340,0.04373265652018174
2341,0.04391227282482035
2342,0.04413897468233538
2343,0.043925425725327365
2344,0.043997671543224204
2345,0.04378387636391245
2346,0.04336872576245129
2347,0.043456278904085946
2348,0.04327807474317595
2349,0.04345200118931599
2350,0.04366443577775947
2351,0.04360727668825386
2352,0.043013774219494774
2353,0.043150974155841085
2354,0.04293862706869145
2355,0.04330765441178991
2356,0.043711741036475134
2357,0.04326415964245503
2358,0.043312480584509386
2359,0.04362771611750554
2360,0.04334312049174971
2361,0.04354034066621476
2362,0.0431539104674291
2363,0.04292312484724586
2364,0.04308134632617584
2365,0.043299550603699985
2366,0.043149531799512204
2367,0.043340119662863774
2368,0.04342801180115184
2369,0.043174087992971774
2370,0.04326847675494331
2371,0.04324153838725486
2372,0.04329280727479863
2373,0.04321319218010404
2374,0.04318409320785496
2375,0.04220026099144428
2376,0.04239964612408288
2377,0.04310197223325851
2378,0.0426800922668439
2379,0.042789902745428994
2380,0.04294043284163884
2381,0.04205885408833457
2382,0.04205200281555395
2383,0.041940637606184425
2384,0.04224819511454979
2385,0.04236410385892864
2386,0.04220369684120156
2387,0.04286566438247942
2388,0.04256877623449323
2389,0.04206231863728871
2390,0.041913507561208284
2391,0.0415193373347392
2392,0.04134752898900863
2393,0.041476459682963006
2394,0.04221919644792212
2395,0.04192050417272489
2396,0.04222134434194423
2397,0.042339960864766796
2398,0.04219567361776769
2399,0.04164365052879912
2400,0.041563266723909684
2401,0.04143631192452968
2402,0.041226977421387964
2403,0.04149573955481832
2404,0.04160185424919423
2405,0.041620999345473225
2406,0.04164750125451611
2407,0.04145777581936439
2408,0.04138170973095688
2409,0.041421000431538665
2410,0.041736959111924446
2411,0.042051606589822106
2412,0.04140684401449227
2413,0.040404402943029216
2414,0.04030259720728048
2415,0.0394779934793056
2416,0.0390773393074615
2417,0.040167040294519195
2418,0.03950891160148608
2419,0.03990540109038733
2420,0.03921508100291776
2421,0.039373028131448
2422,0.03906475974807998
2423,0.039404809106591235
2424,0.03912656153747769
2425,0.038752638656553595
2426,0.03884080988234505
2427,0.03816509560820369
2428,0.03832655725123803
2429,0.03879754672409087
2430,0.03871099796944909
2431,0.039212155542591325
2432,0.039318165102528474
2433,0.03859301789938156
2434,0.03879742563910353
2435,0.03935719221094061
2436,0.038890190998296034
2437,0.0388943922722724
2438,0.03850271877639179
2439,0.037631764076775154
2440,0.03702115405853704
2441,0.03678108213383999
2442,0.03601346855732192
2443,0.03607791495042039
2444,0.03571614116447902
2445,0.035669395892523964
2446,0.035998367991577906
2447,0.03606662592899987
2448,0.036507103115977865
2449,0.036007620029206336
2450,0.03654984526034889
2451,0.03668262180920533
2452,0.03601763992168344
2453,0.035403181397593506
2454,0.03651671455613399
2455,0.03529080470830419
2456,0.035740076889325616
2457,0.036239850891344585
2458,0.03571631267930485
2459,0.03522997605841793
2460,0.03531917365214758
2461,0.03533404984975805
2462,0.03463327330669422
2463,0.034192995196327645
2464,0.033361414067502225
2465,0.03372479844769752
2466,0.03294729297403319
2467,0.032789158220239784
2468,0.032761316996594056
2469,0.032303700499743765
2470,0.033708204549171755
2471,0.034036301958647944
2472,0.033684572079303435
2473,0.03449875254016006
2474,0.03513489626553731
2475,0.03522731812249631
2476,0.034173985995324944
2477,0.033955381622360614
2478,0.03343242949587941
2479,0.033117524969504944
2480,0.03444856724061856
2481,0.03637752918775618
2482,0.037096540481075316
2483,0.03804779649545342
2484,0.038958903740842106
2485,0.0386316261207786
2486,0.0382121035687651
2487,0.03648541127783775
2488,0.03606590182087975
2489,0.036467093806847296
2490,0.03534301143811855
2491,0.03680609735985621
2492,0.03702193667431618
2493,0.03687170378230449
2494,0.0381049415949478
2495,0.03949179874233506
2496,0.037385117817885755
2497,0.03674257735257157
2498,0.037498515667407
2499,0.03787948522974926
2500,0.0393190682364222
