Wavelength,02JUN18
350,0.02547806035494665
351,0.02562673770913248
352,0.02554234937194244
353,0.02557852263579637
354,0.025709019634501784
355,0.025811073155657088
356,0.025790902437064195
357,0.02579582647025265
358,0.025749201085275834
359,0.025997311926544017
360,0.02581535318920613
361,0.02581532823942856
362,0.026029938923551592
363,0.02587904661288347
364,0.02606162972232346
365,0.026203901616811506
366,0.02610350603303832
367,0.026235029799410114
368,0.026361145799236773
369,0.02637177161028746
370,0.026421364201038945
371,0.026555415000094576
372,0.026732885055304398
373,0.02686235558031827
374,0.026921609196830745
375,0.027025140175235447
376,0.02710332273386811
377,0.02715699939008684
378,0.027354683048269934
379,0.027430478326339124
380,0.027541402235305264
381,0.027698268717570675
382,0.027737415947820712
383,0.027812489021042323
384,0.028047891279457775
385,0.02836960887343571
386,0.028533323900446838
387,0.028698345788473818
388,0.02885450726901468
389,0.028995018505401496
390,0.029168943101013776
391,0.02935949679390535
392,0.029540438901278318
393,0.029727405087341882
394,0.029923216181339182
395,0.030081908144732206
396,0.030197984748598375
397,0.030419573364339425
398,0.030623897628311
399,0.030784836645408244
400,0.030936087007252228
401,0.031084370038664697
402,0.031207135605586897
403,0.031344972949779754
404,0.031493163355624174
405,0.03163349811476285
406,0.03176922998660692
407,0.03191956777265721
408,0.03208863620801532
409,0.0322820397886972
410,0.03245466081065067
411,0.032646152963877496
412,0.03284932376179674
413,0.033061838275235414
414,0.033206935711536156
415,0.033344094951393344
416,0.033575959532691144
417,0.033751833987965885
418,0.03389903339087533
419,0.034137513344199455
420,0.03434717164811274
421,0.03458072334621781
422,0.03478966759984315
423,0.034992137780084566
424,0.0352076588227868
425,0.03544940647068235
426,0.03568927946213892
427,0.035957427922249346
428,0.03620473735054068
429,0.03644132263165233
430,0.03669720851300273
431,0.03702798447298664
432,0.03725490988704178
433,0.03751121933017616
434,0.03780259755263628
435,0.03808424100367126
436,0.03839927374404549
437,0.038686592100216716
438,0.038941388232193605
439,0.039184369467860664
440,0.03948920876623367
441,0.03977700567971433
442,0.040054530281862094
443,0.04030473620901909
444,0.04056778978278146
445,0.040827583562372094
446,0.041052862467228945
447,0.041310200221099665
448,0.04152797109263714
449,0.04174345433920294
450,0.04196368621029834
451,0.04215880278196718
452,0.04233969758139795
453,0.04252571629602761
454,0.042718300756124296
455,0.04290066331645849
456,0.043084005928498065
457,0.04328721923306847
458,0.04344729022406453
459,0.04361666071918212
460,0.043798763033905536
461,0.04392953194912988
462,0.044093659697641535
463,0.04426401961110897
464,0.044430864421792185
465,0.04460197707194967
466,0.044759147682990705
467,0.044933061191028995
468,0.045092634301437416
469,0.04525929706756997
470,0.04543521462600343
471,0.04561127857345515
472,0.04577782981828775
473,0.04597880278790622
474,0.04617216419834474
475,0.04633013034172895
476,0.04651886119914791
477,0.04670996335364582
478,0.04692171746560815
479,0.047165069728596215
480,0.047390770932796644
481,0.04762680065068173
482,0.0478691540864023
483,0.0481016044365251
484,0.04834747946645165
485,0.0486098626556489
486,0.04888911345826372
487,0.049189040030671274
488,0.04948085104370378
489,0.04975558649432743
490,0.05002213376302581
491,0.05031825787049699
492,0.050626448580970894
493,0.05093465209662937
494,0.05123541326929466
495,0.05154719020378104
496,0.05187484466815975
497,0.05220862722030599
498,0.05256917798714903
499,0.05293119416114703
500,0.053267157054588635
501,0.053575093314299715
502,0.05389560435452988
503,0.054224423532322055
504,0.05455437182047715
505,0.05486996606461032
506,0.055150245036003735
507,0.05542167290640886
508,0.055704171768824064
509,0.0560194693572819
510,0.05632938116234933
511,0.05665670059021217
512,0.05696867613407158
513,0.057254754273521655
514,0.0575373152066594
515,0.05783065277982847
516,0.05818136635953633
517,0.058513296297718176
518,0.058884515430513616
519,0.05926513950494848
520,0.05963366739789686
521,0.05997283720334007
522,0.06035290349288121
523,0.06072631436480572
524,0.06112856199611447
525,0.06147835275194992
526,0.061908084513025124
527,0.06232796121572298
528,0.0627520426832323
529,0.06319372842913284
530,0.06364237261854538
531,0.06406430981831837
532,0.0644760438896003
533,0.06490765063867507
534,0.06537167280270603
535,0.0658225205171374
536,0.06629738491315981
537,0.06674352109591077
538,0.06722789648757328
539,0.06770129388598722
540,0.06820690100937839
541,0.06871085517440403
542,0.06927383369533854
543,0.0698378640711696
544,0.07040712759720447
545,0.07097676172043688
546,0.07151774953918802
547,0.07211329043350018
548,0.07273578636952147
549,0.0733328477185465
550,0.073938644429594
551,0.07456850647685173
552,0.07523028253773695
553,0.07587244460760646
554,0.0764599259043488
555,0.07709891864651455
556,0.07777761498855938
557,0.07843539466600813
558,0.07907274978599815
559,0.07971739540442879
560,0.08041002329050974
561,0.0811330533369932
562,0.08180753869160214
563,0.08245173982945844
564,0.08305879645005776
565,0.08366889474397542
566,0.08433559564530822
567,0.08494892600944676
568,0.08556033382543046
569,0.08618315899937998
570,0.08684336077442462
571,0.0875478827528951
572,0.08818409726936469
573,0.0888055696506877
574,0.08946624870089878
575,0.09005193569390002
576,0.09060486081477595
577,0.09109065791832617
578,0.09165828475808582
579,0.09224802441757188
580,0.09282270878285842
581,0.09340909803096799
582,0.0939613123827128
583,0.09448200550661948
584,0.0950048029113654
585,0.09548145571155839
586,0.09597377184844834
587,0.09648785912512511
588,0.09697750963059906
589,0.09743260211363057
590,0.09796783656534583
591,0.09846520645810641
592,0.09893212950193431
593,0.09940770357560921
594,0.09984430276414923
595,0.10026262521949253
596,0.1006793236829838
597,0.10110202324767878
598,0.10152999446465905
599,0.10192313565850325
600,0.10230429569402891
601,0.10266489570149082
602,0.10306399728555421
603,0.10348728770001972
604,0.10387631700781927
605,0.10423934934703914
606,0.10462075393521428
607,0.10497279277404598
608,0.10533818603188508
609,0.10571152592119672
610,0.10607938185857127
611,0.10644413356139241
612,0.1067998766847478
613,0.10715067046468807
614,0.10750707133993309
615,0.10783184953561906
616,0.10815144032118748
617,0.10848221773525066
618,0.10881442047082505
619,0.10913067881801455
620,0.1094365337838053
621,0.10973428462178403
622,0.11002976702390989
623,0.11032315624904977
624,0.1106316239786963
625,0.11095023903444526
626,0.11126867170861159
627,0.11158282295751622
628,0.11191625342279708
629,0.11225897717368298
630,0.11257297968475871
631,0.11290357805878135
632,0.11322011640930821
633,0.1134975244064482
634,0.11379166732208143
635,0.11410178057836895
636,0.11441646751621296
637,0.11471799774739412
638,0.11501709373299512
639,0.11529692383006629
640,0.115563369951524
641,0.11585129218257013
642,0.11616441258502176
643,0.11647127607220494
644,0.11674936710978435
645,0.11703031399236369
646,0.1173307557789301
647,0.1176254447212838
648,0.1178715968582001
649,0.11815211571747691
650,0.11844071301876585
651,0.11872097026550338
652,0.11902012382780247
653,0.11931746557161119
654,0.11962022949311368
655,0.11993368716269934
656,0.1201795867109223
657,0.12045389795321634
658,0.12072830218597172
659,0.12094301815186705
660,0.12118131539741878
661,0.12144201548725939
662,0.12170094669554421
663,0.12192326843856159
664,0.12220485964116955
665,0.12249117437830093
666,0.12276925359427845
667,0.12304873438032632
668,0.12332817431244712
669,0.12360308219163035
670,0.1238749085537284
671,0.12417019936140233
672,0.12446396443209161
673,0.12472787903710239
674,0.12501052052553493
675,0.12530577482320573
676,0.12559411394510095
677,0.12588268665951682
678,0.1261853396457862
679,0.12647619741019817
680,0.12675761438739136
681,0.12704729006300888
682,0.12731867536338404
683,0.12758394176069426
684,0.12786303802032592
685,0.12818168051152945
686,0.12847195730970828
687,0.12880584878256246
688,0.12920208576161357
689,0.1295635257199984
690,0.12982309027129574
691,0.13009378924052978
692,0.1304666014011716
693,0.13082414758531452
694,0.13112073733183993
695,0.131395060374362
696,0.13170475714387248
697,0.1320203350362682
698,0.13232376107534322
699,0.13263960268229683
700,0.13295586883088462
701,0.13330222781605433
702,0.13364380508306628
703,0.1339729097357435
704,0.1342810467548896
705,0.13467772939830408
706,0.13502683054545023
707,0.13532266538031573
708,0.13566672760003204
709,0.13607679764239888
710,0.13644462452826903
711,0.13675385206766855
712,0.1370702010746344
713,0.1373977158270628
714,0.13775157055033527
715,0.13805403639739072
716,0.1383431436773362
717,0.13868356660091086
718,0.1390559265107857
719,0.1393676418594858
720,0.13962851033950469
721,0.13989362193291785
722,0.14021661889297374
723,0.14045900822987348
724,0.14070729021236988
725,0.1410316617135165
726,0.14131963570816458
727,0.14161157374276218
728,0.14191776217558466
729,0.14217131261114677
730,0.1424687046554532
731,0.14276605205790346
732,0.14304089260415193
733,0.14323997808859537
734,0.14345962227117365
735,0.14371085903980468
736,0.14395076988795213
737,0.14419401791729483
738,0.14445620286925331
739,0.1447269461564511
740,0.14498996645591194
741,0.14519732252205697
742,0.1454208406849501
743,0.14571778894214943
744,0.14598524052248685
745,0.14623344200685556
746,0.14648449598144914
747,0.1467105090257336
748,0.14696510043171152
749,0.14724509871453795
750,0.14750885666236951
751,0.1477262883156899
752,0.14798625092293163
753,0.148246545501069
754,0.14849304463168372
755,0.14873706773839726
756,0.14899968008811193
757,0.14933791497051496
758,0.1496920127871783
759,0.14994527751581804
760,0.1504235721896588
761,0.15101656697230234
762,0.15174255969170738
763,0.15190966944366247
764,0.15200717208579176
765,0.15210834266677653
766,0.15204180476757223
767,0.15206738566691363
768,0.1521517215949159
769,0.15226361421445683
770,0.1524293518330277
771,0.15261714503205442
772,0.15282085536835932
773,0.15304550140713108
774,0.1532975699300848
775,0.15353760951105985
776,0.15374911383885875
777,0.15394268401453598
778,0.15419087939538878
779,0.15441088326924743
780,0.15460709454749633
781,0.15482104901261887
782,0.155069502293402
783,0.15529288663353624
784,0.15550571659486648
785,0.15578844799073938
786,0.1559814545555986
787,0.15618790924353937
788,0.15644244855000963
789,0.1566458161474102
790,0.1568783750418441
791,0.15711174748016388
792,0.1573428374167814
793,0.15754261659183688
794,0.15775479409089593
795,0.15797820535375323
796,0.1581837290252549
797,0.15839521790859593
798,0.1586140056357837
799,0.15882659463970886
800,0.15901542886370745
801,0.15923053788137265
802,0.15947713704371774
803,0.15969522349525317
804,0.1598910110354494
805,0.16006983034944194
806,0.16025839585533144
807,0.16046486950550642
808,0.160644417567397
809,0.16085828256662515
810,0.1610890813335935
811,0.16130628331518407
812,0.16158594203057325
813,0.16178178361504528
814,0.16198053359139467
815,0.16231162888019063
816,0.16251115369687352
817,0.16270594456543547
818,0.1629194607970608
819,0.16309039660276534
820,0.16326119540927203
821,0.16341873250763397
822,0.16363721695923927
823,0.16392853366514837
824,0.1640893436396193
825,0.16419628383866736
826,0.16439297722751933
827,0.16464901944295796
828,0.1648697283806908
829,0.16505061347588246
830,0.16523618825886066
831,0.16539944313527694
832,0.16561213937740718
833,0.16578987313678295
834,0.16588064000091113
835,0.16607781181028491
836,0.16624492404661217
837,0.16636757443590333
838,0.1665122244726288
839,0.16674626650389743
840,0.16692986383067243
841,0.16704863498177186
842,0.1673031594560099
843,0.167446149149856
844,0.16757662044248234
845,0.16775284872965754
846,0.16794940264724728
847,0.16814940005849116
848,0.1683414208361614
849,0.1685342765404622
850,0.1687423086074904
851,0.16894310623451114
852,0.16915851838268692
853,0.16929421349513757
854,0.1695142493366702
855,0.16971337525186383
856,0.1698828546008399
857,0.17013390268858847
858,0.17029556199217985
859,0.17047673609051378
860,0.17067418521501643
861,0.17085715111735716
862,0.17116376566300123
863,0.17138401034811773
864,0.17149569835934333
865,0.17163659394812666
866,0.1718694790402744
867,0.17208242635735743
868,0.1722841712196631
869,0.17259300323941165
870,0.1727660048687148
871,0.17287903089240486
872,0.17303381735289466
873,0.17329927320862054
874,0.1735080516770838
875,0.1737095249261415
876,0.1739477038521006
877,0.17420752231982622
878,0.17442835592504413
879,0.17462109539833798
880,0.17479476365145197
881,0.17494550914867307
882,0.1751305978092493
883,0.17532958438500693
884,0.17556494583366988
885,0.17585716147130517
886,0.17603438483607037
887,0.1762413139635613
888,0.17656004938619402
889,0.17669858426908897
890,0.17693216437639087
891,0.17719645650117719
892,0.17740109768884943
893,0.17768562202290547
894,0.1778663106844409
895,0.17804604370011812
896,0.17829943140396604
897,0.1786067618973792
898,0.17892027707525993
899,0.17917142460397179
900,0.17935903796921387
901,0.17966036826082948
902,0.17983924205378
903,0.17994371281026666
904,0.18008906795034613
905,0.1803110972900019
906,0.18060742735171692
907,0.18091731429203406
908,0.18116011657268283
909,0.18132998988137777
910,0.1815137467664204
911,0.18169834073155186
912,0.18186361581234617
913,0.1822134449198579
914,0.18242664438146045
915,0.18247894866405379
916,0.18273164455538152
917,0.18297629267929438
918,0.18317966230451077
919,0.18341401368984103
920,0.1837287614173602
921,0.18382293427413993
922,0.18402230546512666
923,0.18430003977544457
924,0.18448314168630925
925,0.18467454934607302
926,0.18487822170701168
927,0.18500726721742705
928,0.1852794944501004
929,0.18547175404599642
930,0.18542667286549633
931,0.1858327090650015
932,0.18654470529687378
933,0.18644088779018142
934,0.18635140581756954
935,0.18662725045247347
936,0.18738163129726948
937,0.18778996360162314
938,0.1883100965267269
939,0.18843378819019146
940,0.18865552849077288
941,0.18850539810214578
942,0.18898471398793887
943,0.18939375974868927
944,0.18886765989566467
945,0.1889573946802673
946,0.18956833911288135
947,0.1902977181212404
948,0.19041763651374569
949,0.19053934492133598
950,0.19073088982238023
951,0.19092136087756256
952,0.19121638983250272
953,0.19146941878607862
954,0.19157622193528345
955,0.1918185476630354
956,0.19235950614119113
957,0.1923867106976579
958,0.1926615482620296
959,0.19279890755108442
960,0.1930897151438664
961,0.19307576038700558
962,0.19320771979210444
963,0.1935608913362465
964,0.19395448026173934
965,0.19426029965690456
966,0.19460281869497334
967,0.1947290107143485
968,0.1948482137779089
969,0.19506143231298662
970,0.1953237469866962
971,0.1952173712069575
972,0.19518375792763973
973,0.19580934697104
974,0.195869550470953
975,0.1961038045923323
976,0.19616308337763066
977,0.19644847604343668
978,0.19691437448780616
979,0.19720000915241245
980,0.19737533334126967
981,0.1973156481978281
982,0.19757997029715407
983,0.19798420642406941
984,0.1981458796834795
985,0.1980567674540058
986,0.19839406922810462
987,0.19878413149500657
988,0.19904203313011298
989,0.1991208684407327
990,0.19911712324554912
991,0.19910637293826164
992,0.19956516001882285
993,0.19967579723444823
994,0.19976008072663695
995,0.2001557586429963
996,0.2004364375131289
997,0.20074327780161533
998,0.2005083749640879
999,0.20099372026778678
1000,0.2012423296032893
1001,0.20168503255467812
1002,0.20182630689806333
1003,0.20214943022560714
1004,0.20239102742031556
1005,0.20265643266614325
1006,0.2029625700662296
1007,0.20319044967087624
1008,0.20342219915013415
1009,0.2036093170096253
1010,0.2036732367035309
1011,0.20386245356347632
1012,0.20411729737884438
1013,0.20434702937173385
1014,0.20461037889236172
1015,0.20481058201616884
1016,0.2050336738903197
1017,0.20526384879526
1018,0.20537363575315148
1019,0.2055448606438726
1020,0.20573243560934773
1021,0.2059081826308408
1022,0.20607617526736094
1023,0.2062179772700431
1024,0.20646890669210932
1025,0.20674367970302285
1026,0.20693169377427323
1027,0.20710072819781486
1028,0.2072274123259833
1029,0.20739546617930205
1030,0.2076722088347998
1031,0.20787851699811527
1032,0.20815106528449873
1033,0.2084048520064038
1034,0.20865790908999748
1035,0.20891049519115057
1036,0.209140968703389
1037,0.20936732422536034
1038,0.209525188923191
1039,0.20972031479825012
1040,0.20991882238187065
1041,0.2100484321009574
1042,0.21017682362065904
1043,0.21036568872180322
1044,0.21053776463046484
1045,0.21072184927751636
1046,0.2108479512951248
1047,0.21107427735650322
1048,0.21130669307880845
1049,0.21162679247339142
1050,0.21183607108520086
1051,0.21201567323015097
1052,0.21220402307169822
1053,0.21231332648564355
1054,0.21243484181007324
1055,0.2127103425800156
1056,0.2129580424373302
1057,0.21310698694399832
1058,0.21322789064940062
1059,0.2134367521461346
1060,0.2135852024083787
1061,0.21376855542718037
1062,0.21412867411746184
1063,0.21435221820499756
1064,0.2144002410353435
1065,0.2145426346322944
1066,0.21469779004075595
1067,0.21501307333797767
1068,0.21522299984503024
1069,0.2153003521292255
1070,0.21550250705824325
1071,0.21565616582052
1072,0.2157806745502071
1073,0.21598537150529967
1074,0.21627131803176475
1075,0.21646896975269533
1076,0.2166868097685204
1077,0.21689838508609438
1078,0.21709711018488617
1079,0.21719083621114546
1080,0.21732099121830628
1081,0.21752939824137107
1082,0.21772124465364492
1083,0.2178226104030629
1084,0.2179792245256329
1085,0.21822644813009348
1086,0.21852939204289823
1087,0.21885721905216526
1088,0.21911280845101644
1089,0.21924664368607516
1090,0.21942616093561054
1091,0.21962654442305052
1092,0.2198302187434495
1093,0.2200071001862185
1094,0.22010898613153346
1095,0.2204111517453803
1096,0.2205798244330598
1097,0.2208442118292985
1098,0.2211706803948898
1099,0.22137879789530135
1100,0.2215937544255366
1101,0.22189158713792728
1102,0.22209020110703356
1103,0.22238522753064105
1104,0.2227027902103933
1105,0.22291730797821008
1106,0.2229949165930662
1107,0.22321337897284393
1108,0.22347040970603407
1109,0.22362148165168322
1110,0.22390402715224567
1111,0.2241591429336446
1112,0.22446513263749263
1113,0.22454681565277887
1114,0.22479186916506036
1115,0.22503148745602958
1116,0.22511735390800602
1117,0.2253014380793225
1118,0.22570229089540955
1119,0.22607579564007685
1120,0.22646048219642118
1121,0.22664796064908244
1122,0.22711813629570488
1123,0.22760019070696708
1124,0.22810832482207768
1125,0.2288709390184928
1126,0.22922884734795648
1127,0.22980724976870176
1128,0.23027293300393395
1129,0.23057715215027297
1130,0.23036544655374133
1131,0.23053673366355637
1132,0.23062129485193605
1133,0.2306576670784813
1134,0.23118120169354697
1135,0.23169078340177118
1136,0.23182279702370287
1137,0.23205586378400916
1138,0.23224110964087938
1139,0.2323770742149363
1140,0.2326072063152246
1141,0.23231607361771295
1142,0.23234419619494912
1143,0.23249983532547372
1144,0.23279437106547188
1145,0.23312327883221862
1146,0.23333298003876357
1147,0.2336639025857623
1148,0.23395127789991743
1149,0.2341426271801407
1150,0.23420834261471005
1151,0.2343558438900893
1152,0.23442892309634242
1153,0.23443499788491692
1154,0.23460138024730887
1155,0.2346664656827208
1156,0.23474121785096214
1157,0.23491575706629236
1158,0.2348963190646033
1159,0.2350253329314277
1160,0.2351598890002358
1161,0.23537156912321028
1162,0.23557720989038694
1163,0.23574007730842145
1164,0.23590756630852244
1165,0.23608896908915536
1166,0.2361844283609717
1167,0.236377705117434
1168,0.23673053453074544
1169,0.2368895240588909
1170,0.23694495295777238
1171,0.2371190310140401
1172,0.2372352732031275
1173,0.23730198927640378
1174,0.23755767669244313
1175,0.2377269051858086
1176,0.23785200673197285
1177,0.23799857600220492
1178,0.23816320421787607
1179,0.2383310830079045
1180,0.2384979833137612
1181,0.2386470812338883
1182,0.23880004691592593
1183,0.238958506871502
1184,0.23911663474182307
1185,0.23924604835097163
1186,0.23934553804440406
1187,0.23944555758336047
1188,0.2395788541759261
1189,0.23972142529224008
1190,0.239858447990257
1191,0.23997329735128403
1192,0.24021525461590038
1193,0.2403430530093172
1194,0.2403992658991812
1195,0.24052792661740774
1196,0.24060899121823792
1197,0.2407145311417983
1198,0.2408000348338557
1199,0.24093843407755755
1200,0.24118371504892283
1201,0.2413916723499836
1202,0.24156433721343043
1203,0.24167654011853493
1204,0.2418026697222872
1205,0.24192753127682076
1206,0.24202887610086124
1207,0.24214221291758217
1208,0.24235279776389662
1209,0.242616503312657
1210,0.24272983897474254
1211,0.24292804476994756
1212,0.24308449015194356
1213,0.24322819120716488
1214,0.2433933043046457
1215,0.24357219719303608
1216,0.2437547027311966
1217,0.244055951224899
1218,0.244253664994414
1219,0.24432365615209672
1220,0.2445294984374271
1221,0.24467117977304312
1222,0.2449122247312051
1223,0.24508438774145055
1224,0.2452341111880464
1225,0.245397288075059
1226,0.24557350694355454
1227,0.24577297808305326
1228,0.24599531478998304
1229,0.24617198600946386
1230,0.24641763818161733
1231,0.246624804911808
1232,0.24677059227003134
1233,0.24689799565827467
1234,0.24696520735184974
1235,0.24707406981492502
1236,0.247249517111147
1237,0.2473917668705286
1238,0.24747699889217123
1239,0.24768941725451166
1240,0.24786032362328347
1241,0.24805461395576434
1242,0.24821961460440428
1243,0.2483369431004675
1244,0.24851060510684708
1245,0.2487679133996559
1246,0.2489178370753246
1247,0.24898742060066764
1248,0.24912580180435873
1249,0.249248306099411
1250,0.24943900659992493
1251,0.24975533766168545
1252,0.24997659643932454
1253,0.25015111487382613
1254,0.25031731039834465
1255,0.2504689673405268
1256,0.2505722436884297
1257,0.250600900135377
1258,0.25077462586240157
1259,0.2509753156877669
1260,0.25120702636109676
1261,0.2513901920855559
1262,0.2517328628506208
1263,0.2519026896125661
1264,0.2519261293133226
1265,0.2520690925192521
1266,0.2521158963894559
1267,0.25226071575555487
1268,0.2525196521985723
1269,0.2525318629013099
1270,0.25266359413276507
1271,0.2527994508598526
1272,0.252780093572997
1273,0.25286241114125885
1274,0.25293833149858486
1275,0.2530048888009223
1276,0.2531423412138014
1277,0.253379135906299
1278,0.2535174442257425
1279,0.2536301440206601
1280,0.2537715523851441
1281,0.2538939968427674
1282,0.2540498289527871
1283,0.25426400854377
1284,0.2544154966288448
1285,0.25454533596693885
1286,0.25467517595969397
1287,0.2547580482540688
1288,0.2548882322361002
1289,0.2550622561158379
1290,0.2552052217772842
1291,0.25531932965156556
1292,0.2554883202976619
1293,0.255714638811397
1294,0.25588343353965926
1295,0.25604549735005555
1296,0.25625726422403
1297,0.25638448290386195
1298,0.2564117968981976
1299,0.25651425950753337
1300,0.2566080229051918
1301,0.2567560835742147
1302,0.2569726255322785
1303,0.2571257988108856
1304,0.25724826837700077
1305,0.2573921689668337
1306,0.2575657307994498
1307,0.2576862293583243
1308,0.25777441862713224
1309,0.2578776473549236
1310,0.25791786275920014
1311,0.2580045038654492
1312,0.2581626145698367
1313,0.2582923266057582
1314,0.2584166940812937
1315,0.2585000095731482
1316,0.25859013555446775
1317,0.25872985766603934
1318,0.25883150784631676
1319,0.25888926929723866
1320,0.25895709691055235
1321,0.2590665496829902
1322,0.2591689315171746
1323,0.25939235376662284
1324,0.2596081481794822
1325,0.2599300637470643
1326,0.26008497434906563
1327,0.26038021348684326
1328,0.2604621232593838
1329,0.26037463249004433
1330,0.2604477162388118
1331,0.26034950786654193
1332,0.26027291026915345
1333,0.2605086570514238
1334,0.2606481958631205
1335,0.26072239437767974
1336,0.26053745901317227
1337,0.2606056646839575
1338,0.2608406713758026
1339,0.261013181145935
1340,0.26084375429618445
1341,0.26089732804876875
1342,0.26113540653796397
1343,0.2614775752916342
1344,0.261786549208357
1345,0.2620115959345469
1346,0.26231145089661717
1347,0.2621936413652366
1348,0.2612410246022563
1349,0.26134208604003395
1350,0.2612666978583401
1351,0.2613735711380829
1352,0.260472208846548
1353,0.26074976005765077
1354,0.2590243057858265
1355,0.2595339312876327
1356,0.2593754254063101
1357,0.261479359344216
1358,0.2602378460431966
1359,0.27326228717562234
1360,0.28601573778183953
1361,0.2835070895987899
1362,0.29673284285053986
1363,0.28689344398564665
1364,0.2971566318535307
1365,0.30305211004134935
1366,0.31355387143517055
1367,0.3126884176166145
1368,0.319516049158432
1369,0.3082556637578481
1370,0.3062581558420929
1371,0.3112461922219691
1372,0.30563301744395266
1373,0.3007510151725681
1374,0.2865806366599972
1375,0.29627312723713695
1376,0.2959173086800748
1377,0.28191187838523735
1378,0.29656487257144465
1379,0.31202529860157985
1380,0.31993433255198145
1381,0.32696920063155893
1382,0.31458793678391517
1383,0.3171426959539342
1384,0.30788716332975397
1385,0.31707515130181374
1386,0.308885174512606
1387,0.3045690205144119
1388,0.3013852043253788
1389,0.2942362468006723
1390,0.29121674089103866
1391,0.28889353594203204
1392,0.29517749485128086
1393,0.2944830197643674
1394,0.299023387897416
1395,0.29630848679391014
1396,0.2899743618842198
1397,0.2829535477078211
1398,0.27248184598413344
1399,0.2739589231518229
1400,0.26388625632260854
1401,0.2595897145053945
1402,0.26014400193928366
1403,0.2593621771911712
1404,0.2538207179828764
1405,0.25262350662650956
1406,0.25136390134006464
1407,0.2492442144326353
1408,0.2494000786125068
1409,0.24992945320359716
1410,0.2500045664862309
1411,0.24719577000095327
1412,0.2477658475645909
1413,0.2479431009010784
1414,0.24620502997735624
1415,0.24625353534425137
1416,0.24629837039545016
1417,0.24527046003208836
1418,0.24501542653345293
1419,0.2456870451085536
1420,0.24565254507447237
1421,0.24627586915591265
1422,0.24615016301228632
1423,0.24620249948704773
1424,0.24554548828345124
1425,0.24639839224580362
1426,0.24627485603209098
1427,0.245934652765238
1428,0.2458976809372888
1429,0.24563257514862497
1430,0.24541379877928687
1431,0.2457634392823165
1432,0.24595351604246435
1433,0.24563399408608577
1434,0.2459590783457824
1435,0.24534648323316555
1436,0.24509498410281
1437,0.24474619100051834
1438,0.24451661905888986
1439,0.24480189208324715
1440,0.24555940596725373
1441,0.2455204872661637
1442,0.2454856742697945
1443,0.2454775708034495
1444,0.24528952465618364
1445,0.24542175373984876
1446,0.2451852077342254
1447,0.24510173103315067
1448,0.24550053962238477
1449,0.24546239011775872
1450,0.24574626126776625
1451,0.24576227067802414
1452,0.24568953536453997
1453,0.24553304233388915
1454,0.24565146872245608
1455,0.2455120307170927
1456,0.2451065338524914
1457,0.24487028053727902
1458,0.2449826768226091
1459,0.2448435539690128
1460,0.2448348423714547
1461,0.2448289140124128
1462,0.24462714155176124
1463,0.24436420315226257
1464,0.24439881986648176
1465,0.24449243089095588
1466,0.24477727672455185
1467,0.244987753327777
1468,0.24498308237715832
1469,0.24503830954931657
1470,0.24529650636140782
1471,0.24582264575382995
1472,0.24609668868676082
1473,0.24663383882577178
1474,0.24687861318379312
1475,0.24649121922338718
1476,0.2464744020945392
1477,0.24674637684984208
1478,0.2468180148922939
1479,0.2471330302408239
1480,0.24726547864343196
1481,0.2474485732073357
1482,0.2476408982784747
1483,0.24769823343964997
1484,0.24788381865277298
1485,0.24822237156371332
1486,0.2484087001991554
1487,0.24861218211818847
1488,0.24884586948582121
1489,0.24924410995185353
1490,0.24935990473309882
1491,0.24953559857989344
1492,0.2496641533032226
1493,0.24989103706586835
1494,0.2500879029581917
1495,0.25032494426554186
1496,0.250651712089043
1497,0.2508629754135204
1498,0.2509101042602634
1499,0.25099797075507224
1500,0.2510400346070554
1501,0.251263149745078
1502,0.2514505670197753
1503,0.25168647537696764
1504,0.25189060073214203
1505,0.2521703341888796
1506,0.25244326630223457
1507,0.2525760212057869
1508,0.2528544815322165
1509,0.2530804374279383
1510,0.25340598002418335
1511,0.2537033499670117
1512,0.25401648764029394
1513,0.2542891124648211
1514,0.2545301944310001
1515,0.25480236620652325
1516,0.2550143795313241
1517,0.2552544277789893
1518,0.25547308240280253
1519,0.2557179924362549
1520,0.2560400772952869
1521,0.25630653262267916
1522,0.2565683401291853
1523,0.2568060601583474
1524,0.2570102626406657
1525,0.2573202112958701
1526,0.257694327893077
1527,0.25800646426467766
1528,0.2583163203584311
1529,0.2586049640901166
1530,0.2588288879088036
1531,0.25907416082601015
1532,0.2593842067099603
1533,0.2596820453249076
1534,0.2599795207704355
1535,0.2602879381491177
1536,0.26053331560121573
1537,0.26078411824845205
1538,0.26100803546012974
1539,0.2611660150429201
1540,0.26140428623335876
1541,0.26157263582430196
1542,0.26176321869038577
1543,0.2620871879226184
1544,0.26231183954425574
1545,0.2625444661927363
1546,0.26274114169212814
1547,0.26289467310269565
1548,0.2630202451369932
1549,0.26298502780456023
1550,0.2631182067477644
1551,0.26334236924433985
1552,0.2635183201489077
1553,0.2637839415909948
1554,0.2639762299962284
1555,0.26408947753909107
1556,0.2643102105119757
1557,0.26456177949894216
1558,0.2647621215037667
1559,0.2650625568927659
1560,0.2652211823280374
1561,0.2653280977469358
1562,0.26544374237847346
1563,0.2655470281534473
1564,0.2656814579627967
1565,0.2657493122359009
1566,0.2658957679234275
1567,0.2660988892478565
1568,0.26625174092365944
1569,0.2664256284474379
1570,0.26655763107160413
1571,0.2666239680253862
1572,0.26671495633111353
1573,0.2667843036692556
1574,0.2668700430564907
1575,0.26694489730681825
1576,0.2670958097054771
1577,0.267340547063174
1578,0.2675424158771902
1579,0.26777107819965096
1580,0.2679988801194063
1581,0.2682989841011432
1582,0.2684672329822926
1583,0.26862437264373273
1584,0.2687777496915694
1585,0.26893850264706454
1586,0.2690649646812331
1587,0.2691322612589815
1588,0.2691536925254016
1589,0.26932976454266266
1590,0.2695047543074077
1591,0.26961062355541254
1592,0.2697441660980966
1593,0.26997472904992853
1594,0.2703126812693668
1595,0.2705130545716125
1596,0.27059236525800506
1597,0.2708797321805899
1598,0.2711210967060172
1599,0.27143443899327063
1600,0.2717226825970497
1601,0.2719792734594376
1602,0.2722085419421517
1603,0.27248623066732525
1604,0.2727718305036882
1605,0.2729557475393644
1606,0.2730591126508314
1607,0.2731854417509219
1608,0.27329504210768774
1609,0.27343935693767607
1610,0.2736164222503093
1611,0.2737398135415701
1612,0.2739836886466209
1613,0.2741715825918555
1614,0.2741661173038248
1615,0.27432996504005613
1616,0.27465468321092223
1617,0.27484916627103284
1618,0.2749797469090228
1619,0.27516170995460487
1620,0.27528108588480105
1621,0.27537400440058646
1622,0.2754426618004854
1623,0.27557031418492556
1624,0.2756734845906954
1625,0.2758578247151391
1626,0.2761436715285099
1627,0.2763722141345708
1628,0.27663411662720855
1629,0.2767978776102289
1630,0.2768883400935558
1631,0.27705306122702167
1632,0.2772214866777363
1633,0.27732967801248254
1634,0.2773218951939723
1635,0.2774174007191945
1636,0.2775218082229528
1637,0.2776414263968958
1638,0.27782485687233477
1639,0.2780105514445307
1640,0.2784080875846877
1641,0.2786415970917826
1642,0.27872020433294953
1643,0.27886403675175
1644,0.27919504055028366
1645,0.2794137381759082
1646,0.2796057746772733
1647,0.2797121426084414
1648,0.279675071711705
1649,0.27982148353707903
1650,0.28007272037094266
1651,0.2802807228154659
1652,0.280594929501751
1653,0.28075699143760924
1654,0.28076041383586464
1655,0.28084684352136596
1656,0.2808668060665718
1657,0.280951616276101
1658,0.28114944482242443
1659,0.2812806818925898
1660,0.2813803426164142
1661,0.2814913688664067
1662,0.28169511163992045
1663,0.2817862020480776
1664,0.2818372338127001
1665,0.28183972879083075
1666,0.2816984230415869
1667,0.2816423593028877
1668,0.28160804810928136
1669,0.2815780965234286
1670,0.28144917333073194
1671,0.2813519052767949
1672,0.28136720067130166
1673,0.2813784786464437
1674,0.28144811439533723
1675,0.2814888831782144
1676,0.28140139348733484
1677,0.2814780738276266
1678,0.28168599592318033
1679,0.2817144902624952
1680,0.28160036113632325
1681,0.2815231278323459
1682,0.28147903817689907
1683,0.2814234499349276
1684,0.28140748665259624
1685,0.2813855254360542
1686,0.2813251452810584
1687,0.2813207081871419
1688,0.28132402651018623
1689,0.28131836846268465
1690,0.2814239942122123
1691,0.2813454430087973
1692,0.2811271408244518
1693,0.28094221030739985
1694,0.280708445400692
1695,0.28058834307367553
1696,0.28041222829506646
1697,0.2802911337730025
1698,0.28019710006390464
1699,0.28020315193600487
1700,0.2803278002892688
1701,0.2803477840211882
1702,0.28029125142798184
1703,0.2802579045741652
1704,0.28016074574449923
1705,0.28015969173398675
1706,0.28017443316006585
1707,0.2801350887873061
1708,0.28006830810464256
1709,0.28007094812949423
1710,0.28007060772169867
1711,0.28006533755536867
1712,0.27999968177771073
1713,0.2799798332038028
1714,0.2800422494298145
1715,0.2799577864356252
1716,0.2798335616498493
1717,0.27987906108095684
1718,0.2799331460756442
1719,0.2799003218343593
1720,0.2800156007646132
1721,0.28008433369499397
1722,0.2800562665218953
1723,0.2801010423395091
1724,0.2800869000961142
1725,0.2801098351507434
1726,0.2802549545380222
1727,0.2803013639879781
1728,0.2802588955865294
1729,0.2804279916042396
1730,0.28067661594148346
1731,0.28075412407501676
1732,0.2808892665866226
1733,0.28093701807527616
1734,0.2806888354399395
1735,0.2807857101058141
1736,0.2810884000652668
1737,0.28121676364377834
1738,0.281475322944192
1739,0.2815117395956126
1740,0.2813872644524986
1741,0.281290272633975
1742,0.2813211429451443
1743,0.2814158202189446
1744,0.28159338985775656
1745,0.281537711571501
1746,0.28164264106921943
1747,0.28163970118677595
1748,0.281471584767962
1749,0.2814904515223591
1750,0.28181412263885663
1751,0.28187171053655546
1752,0.28184223755613674
1753,0.28178849217290525
1754,0.28180641266295403
1755,0.28177226709684766
1756,0.28204177124885665
1757,0.28200675418299836
1758,0.28184127233303546
1759,0.2816952567665213
1760,0.2817279290502017
1761,0.2816928022443665
1762,0.2816780318733895
1763,0.28169049573027577
1764,0.28158782065659466
1765,0.2815334256321491
1766,0.28151598842024117
1767,0.2815619322493218
1768,0.2817103105706062
1769,0.2814380294671217
1770,0.2816578036260864
1771,0.28180196878912367
1772,0.2818189703734153
1773,0.28217160032074584
1774,0.2821678286788297
1775,0.2822268032888722
1776,0.2824883915466983
1777,0.28216384620839546
1778,0.2814154092911588
1779,0.28131310186557534
1780,0.28187968366805505
1781,0.2815000660556065
1782,0.2814700205068288
1783,0.2816130788178176
1784,0.2813458241797905
1785,0.28161919168954824
1786,0.281975893265786
1787,0.2817434897751907
1788,0.28203558047124533
1789,0.2818667821599253
1790,0.28209410116435374
1791,0.2830115891265302
1792,0.28312736937755156
1793,0.2827322900080792
1794,0.28290914171768494
1795,0.2836782282783985
1796,0.2842556486794386
1797,0.28483181240039307
1798,0.28471365258364484
1799,0.28326627055806664
1800,0.2835345099259174
1801,0.2871729992948473
1802,0.2881901830443089
1803,0.28788316032051736
1804,0.2881224508850506
1805,0.2885148377127135
1806,0.2885027184935821
1807,0.29038885061596975
1808,0.2907902068600719
1809,0.2911722777460547
1810,0.2920151383207057
1811,0.29282871459264126
1812,0.2932395742988956
1813,0.29437997715254394
1814,0.29623763894105093
1815,0.2973609015767637
1816,0.2971047978687542
1817,0.2987504242825412
1818,0.30093544530950206
1819,0.30446159150725627
1820,0.3077667969416391
1821,0.310495984368659
1822,0.31226971535442466
1823,0.3144149186554865
1824,0.31861505722027866
1825,0.31998703103974047
1826,0.329458685104677
1827,0.3353474215436083
1828,0.3453381913648482
1829,0.3611293787835971
1830,0.39474107793147123
1831,0.4389836465518206
1832,0.5030183490021277
1833,0.599132737374745
1834,0.6527868395464259
1835,0.7519058619360641
1836,0.8691067104002081
1837,0.8952487220151828
1838,0.9639525856483038
1839,0.904106750715532
1840,0.8478572062526412
1841,0.8264823919095257
1842,0.8188003507665056
1843,0.7675016409258066
1844,0.7241748978328918
1845,0.7451473172612523
1846,0.715285133385926
1847,0.6999304405453088
1848,0.6302917882680082
1849,0.6485122923962829
1850,0.709727981423677
1851,0.7182468045915529
1852,0.7965833149026964
1853,0.8170378689367819
1854,0.81552611324474
1855,0.7997971442749217
1856,0.8471375612283896
1857,0.8454437635627051
1858,0.8306272151158165
1859,0.8237557733396027
1860,0.800943618467045
1861,0.7752396797569241
1862,0.7222414983697256
1863,0.6897363597461148
1864,0.7195940151699856
1865,0.7871750962237342
1866,0.7772108114446954
1867,0.8228771445293335
1868,0.8303296384389139
1869,0.8743780447161307
1870,0.8417106407434244
1871,0.8539646749529735
1872,0.8315969515240256
1873,0.7819273692419393
1874,0.8195839618593117
1875,0.7665709355552448
1876,0.7018031979763207
1877,0.6969395270150311
1878,0.6722646001663354
1879,0.6105992411176364
1880,0.5763679879014294
1881,0.5435747511121158
1882,0.529573887563594
1883,0.555233118826045
1884,0.5614365552937397
1885,0.5594009188841857
1886,0.5531097149492319
1887,0.5363642501148387
1888,0.5398263364345093
1889,0.5275628543880744
1890,0.514375370459005
1891,0.48868707426441926
1892,0.4657134810771555
1893,0.45890351288428416
1894,0.44374795181629656
1895,0.44395315489454
1896,0.5045094664101184
1897,0.5303426957551418
1898,0.5345150974264854
1899,0.5648264575399857
1900,0.5857175455156419
1901,0.6242661225142984
1902,0.6086257831144688
1903,0.6699180567673529
1904,0.6742650691629828
1905,0.685105336480238
1906,0.6877587624241572
1907,0.7367440132861758
1908,0.7100793713183763
1909,0.7398332632854592
1910,0.6818517546875086
1911,0.6362859097661268
1912,0.5810043605800567
1913,0.543207300486766
1914,0.4722556714735925
1915,0.446764004455118
1916,0.38821414940558757
1917,0.36143644025103394
1918,0.34238704872362635
1919,0.31966662168728033
1920,0.30373142674350173
1921,0.29392303125828656
1922,0.27983205607407086
1923,0.2704178027866365
1924,0.26514474607421634
1925,0.2602229098958174
1926,0.2514605597941395
1927,0.2488582158617741
1928,0.2501243009519232
1929,0.24682407551387328
1930,0.2407119598655184
1931,0.2399717248402777
1932,0.23798262004860632
1933,0.2323300055495544
1934,0.2270698415549657
1935,0.22465513326278444
1936,0.22123877007334014
1937,0.21908033871244909
1938,0.21991759255356264
1939,0.21832180664972242
1940,0.2163742753000683
1941,0.21597489091193134
1942,0.21549926557204374
1943,0.2135911862814706
1944,0.214314267038634
1945,0.21427408631399902
1946,0.21493765282645427
1947,0.21596240463601926
1948,0.21628199316669636
1949,0.2159036467425618
1950,0.21595415138581742
1951,0.21606405222344544
1952,0.2161518425097822
1953,0.21562520818899375
1954,0.21611664821261153
1955,0.21756033241610157
1956,0.21808454685852047
1957,0.21838256925410923
1958,0.21892041450820215
1959,0.21945669592373485
1960,0.2198883913536952
1961,0.21992603989758883
1962,0.21988809101758033
1963,0.22027956412329686
1964,0.22063928870881488
1965,0.22140142867437868
1966,0.22165896331497764
1967,0.22220855524790367
1968,0.22225375358594
1969,0.2224054364944409
1970,0.2229735119525984
1971,0.22321250076760793
1972,0.2235956066302129
1973,0.22435508579538804
1974,0.22490620919082083
1975,0.22561002518760975
1976,0.22591420663134096
1977,0.22619839449110385
1978,0.22663943441215584
1979,0.22714332212838984
1980,0.22779850691182874
1981,0.22833542908515558
1982,0.22871053183285767
1983,0.2291875365457836
1984,0.22947908444329373
1985,0.22991716833352985
1986,0.23020249443535598
1987,0.2306792284675689
1988,0.23127129961047424
1989,0.23196085526406168
1990,0.23266579685759214
1991,0.23316682380325335
1992,0.2335374074102644
1993,0.23378054528894038
1994,0.23423997447456452
1995,0.2347785673178713
1996,0.23500904509939508
1997,0.23518722605562686
1998,0.23531249442505353
1999,0.2353589516587797
2000,0.2360853252566278
2001,0.2366024047446235
2002,0.23793360086685428
2003,0.23952485797421488
2004,0.24170697690703902
2005,0.24303095606463843
2006,0.24377030483287343
2007,0.2445032777441025
2008,0.2448498573975722
2009,0.2454511552462113
2010,0.24653124365404955
2011,0.2472971726674323
2012,0.24686321997838917
2013,0.24649973691113056
2014,0.24625019021954697
2015,0.2461724504294579
2016,0.24658877690113476
2017,0.2465821528618068
2018,0.24647657928385908
2019,0.24666299103136446
2020,0.24693302560005514
2021,0.24687901835734427
2022,0.24702072849405954
2023,0.24738641733051048
2024,0.24716697124161974
2025,0.2465674247946702
2026,0.24674816171502684
2027,0.24715854761954897
2028,0.24750035387097968
2029,0.24755554971668697
2030,0.24740335076682035
2031,0.24744812291012103
2032,0.24734623365217528
2033,0.24723065471022165
2034,0.24708684518868884
2035,0.24708105839940406
2036,0.2473063834509952
2037,0.2473549648566704
2038,0.24726095274407445
2039,0.24726039323103877
2040,0.2472271894288347
2041,0.2471136803207437
2042,0.24688765908078442
2043,0.24697525666457568
2044,0.24705007685966984
2045,0.2472110688343055
2046,0.24735187831207
2047,0.24729355354541674
2048,0.24707808065073683
2049,0.24687074803609094
2050,0.24686112169962166
2051,0.24679162746339506
2052,0.24679448706995122
2053,0.24650664728823385
2054,0.24663786483638678
2055,0.24673251357008288
2056,0.24669971564265736
2057,0.2466110182251412
2058,0.24672386760144344
2059,0.24713538539754248
2060,0.24715919639477243
2061,0.2469524113354654
2062,0.24679137238532967
2063,0.24667300646754536
2064,0.24669996629522564
2065,0.24688570695730677
2066,0.24722624774693613
2067,0.24701757317681483
2068,0.24666114777407772
2069,0.24665330690105444
2070,0.24676281886324197
2071,0.2468402891316606
2072,0.24698534838493902
2073,0.24703210899999717
2074,0.2468556729875816
2075,0.24716747351666668
2076,0.2471106544108989
2077,0.24705194896759305
2078,0.24722460216325115
2079,0.24746239473409992
2080,0.2473934374904012
2081,0.24710299564086324
2082,0.24718841967757488
2083,0.2468769552183261
2084,0.24688342370942867
2085,0.24684743976246365
2086,0.24658819448326258
2087,0.2466270013349987
2088,0.24689067472826248
2089,0.2469306666397636
2090,0.24695819107412054
2091,0.24690463965426251
2092,0.24711896818234452
2093,0.24735765173498797
2094,0.24741489711186396
2095,0.247572710864862
2096,0.2476446382498301
2097,0.2476082600551779
2098,0.2474501924901351
2099,0.24730919503563029
2100,0.24727360898929285
2101,0.24736452349373406
2102,0.24762231480655628
2103,0.24786864815349952
2104,0.2481726618499687
2105,0.24826949875341991
2106,0.24846607068895576
2107,0.24863670610625851
2108,0.24853792034812758
2109,0.2485194427137506
2110,0.2486543512970386
2111,0.24867150088954654
2112,0.24882635468068903
2113,0.24894653152679808
2114,0.24886965671886738
2115,0.2492063337724773
2116,0.24942384414856472
2117,0.24948287844486203
2118,0.24961559185064935
2119,0.2499679048610884
2120,0.25049947028791675
2121,0.25074900715431836
2122,0.25087606904405113
2123,0.25127716428328395
2124,0.2513276728468594
2125,0.251380608228841
2126,0.2515690902803831
2127,0.2517833912972328
2128,0.25216485642700515
2129,0.2522403917995871
2130,0.2522992539896357
2131,0.2524075401624166
2132,0.25253522355442753
2133,0.2524786345808302
2134,0.25259599266330524
2135,0.2524020348087365
2136,0.2523551108185747
2137,0.25218708783173566
2138,0.2520921532715503
2139,0.25208494924718383
2140,0.25219429351430367
2141,0.2520701710588064
2142,0.2519231553464085
2143,0.2518540423832656
2144,0.25167944142096565
2145,0.2517010008641716
2146,0.25180769899175504
2147,0.25179707076710134
2148,0.2515360382738083
2149,0.25136677478036573
2150,0.25126769021601936
2151,0.2513000684502236
2152,0.2512621193113949
2153,0.25123804098114283
2154,0.2510045269572414
2155,0.25088482159081504
2156,0.2506485677740987
2157,0.25046078367599467
2158,0.2502217555312195
2159,0.2503076229253084
2160,0.24976688980089845
2161,0.24959354709524087
2162,0.24952877242807536
2163,0.24934134606462818
2164,0.24889950816414957
2165,0.2486954510416155
2166,0.24859983325490737
2167,0.24862745453661472
2168,0.24849156110766585
2169,0.24867242470399878
2170,0.24816497056129377
2171,0.24846490522488973
2172,0.248461231691086
2173,0.24824453757260065
2174,0.2481115860526143
2175,0.24768370461176042
2176,0.24772439627460985
2177,0.24743530809576386
2178,0.24712382132322186
2179,0.24718122767777845
2180,0.24698916449397773
2181,0.24697686900174087
2182,0.24720149831905963
2183,0.24721587154306343
2184,0.24715774190048206
2185,0.2470199226228732
2186,0.24690722894792885
2187,0.24714136027536265
2188,0.24688477879122972
2189,0.24666957741504997
2190,0.2463945584280834
2191,0.24602905987669813
2192,0.24643331888485825
2193,0.24650313365598803
2194,0.2462927516868996
2195,0.24626867564021548
2196,0.24608850855050374
2197,0.2461578010844039
2198,0.24572290090599014
2199,0.245392340583891
2200,0.2449943579753492
2201,0.24455043021581446
2202,0.24414439662171922
2203,0.2438072351658927
2204,0.2437053591711018
2205,0.24347077512226206
2206,0.2428847516240614
2207,0.24282518773641748
2208,0.24282854578382518
2209,0.2430748722853503
2210,0.24383795609999406
2211,0.24468547180428665
2212,0.2454579095046837
2213,0.24602714257473812
2214,0.2465536393154144
2215,0.24724853557797483
2216,0.2482576866441647
2217,0.2493334138072436
2218,0.2501114929918521
2219,0.25107006543443156
2220,0.25152247801846367
2221,0.2520756041963315
2222,0.2524074839159033
2223,0.2530856528985913
2224,0.25392748675248
2225,0.25427094938787087
2226,0.25429447117447235
2227,0.25425489358652514
2228,0.25424676749335295
2229,0.2541657694257118
2230,0.25412381268812856
2231,0.2539827360983533
2232,0.2539267615422077
2233,0.253808319486737
2234,0.2535520832781558
2235,0.2534192872689071
2236,0.25298441647147935
2237,0.25259079841866927
2238,0.2522232363898356
2239,0.251838340237835
2240,0.251666636190667
2241,0.25168842406895076
2242,0.25141007490520584
2243,0.2513151900888615
2244,0.25111648933346553
2245,0.25064055389050943
2246,0.2507302073031798
2247,0.25040153826579414
2248,0.25007091046121344
2249,0.249566727371709
2250,0.249148094065072
2251,0.24888182892572389
2252,0.24839282308056082
2253,0.24770434054818227
2254,0.24748288944247954
2255,0.24713263109902295
2256,0.24668713790742403
2257,0.24602958103849165
2258,0.24546657974221542
2259,0.2448920176965984
2260,0.2442824781428824
2261,0.24409815594268147
2262,0.24409141235015747
2263,0.24385449401514894
2264,0.24319775559676504
2265,0.2427908473106934
2266,0.2421204224979789
2267,0.24185467059744892
2268,0.2417460676315984
2269,0.24130630418817695
2270,0.24054442411263363
2271,0.2401442153751408
2272,0.2400649153908381
2273,0.24001247890653685
2274,0.23998932102628429
2275,0.23978942535692704
2276,0.23980249773181556
2277,0.23979070772508876
2278,0.23928619052041045
2279,0.23899791323977332
2280,0.23911983099333542
2281,0.23909224858166347
2282,0.23926693077838052
2283,0.2389337456420258
2284,0.2388850688039653
2285,0.23838526704575314
2286,0.2380932282173564
2287,0.23807842672180315
2288,0.2384156657266833
2289,0.2383026182190448
2290,0.23822344493516695
2291,0.23800247644556577
2292,0.2379471642418071
2293,0.2379511134222294
2294,0.23780893020746185
2295,0.23778155847957128
2296,0.23751673348877017
2297,0.23706079632291335
2298,0.23666576423937252
2299,0.23638212911867656
2300,0.23607920185513304
2301,0.23592255114419403
2302,0.2355672131805729
2303,0.23494724502415937
2304,0.23457775688739263
2305,0.2339789799576299
2306,0.233777127512666
2307,0.23352499282843744
2308,0.23316586495449537
2309,0.2327066965140997
2310,0.23216239199538366
2311,0.2308839625001879
2312,0.23071612002912723
2313,0.23080594900789408
2314,0.23062195751129397
2315,0.23024436346723504
2316,0.23042432548374064
2317,0.23063425503682763
2318,0.23097164770414302
2319,0.23047291483423515
2320,0.23031319299862063
2321,0.23014295606971297
2322,0.22989545521293753
2323,0.22945361050162727
2324,0.22947690433776985
2325,0.22938600775543483
2326,0.22883853357890505
2327,0.22862363833730315
2328,0.22907540226505352
2329,0.22897241807045873
2330,0.22849400448024718
2331,0.22790698754808586
2332,0.22785028151202427
2333,0.22759724967187275
2334,0.22771901608401476
2335,0.22761584991808415
2336,0.22812495173130445
2337,0.22764632354184125
2338,0.22788376251603054
2339,0.2272140632737279
2340,0.2269423075433905
2341,0.22694560244471854
2342,0.22542548764004006
2343,0.2253499384074088
2344,0.22564605322120754
2345,0.2255878185048315
2346,0.22483879225116798
2347,0.2248730696694582
2348,0.22463900389977703
2349,0.22417726872174992
2350,0.22438971964818527
2351,0.22560764147444806
2352,0.2247573216739835
2353,0.22472572034110166
2354,0.22518241049150722
2355,0.22496194954630894
2356,0.2247895194442831
2357,0.22429723398142837
2358,0.223570934729042
2359,0.22375507662192412
2360,0.22277774473429446
2361,0.22289730200151264
2362,0.22270885435775833
2363,0.22313790152391116
2364,0.22306005182165253
2365,0.22329530979875112
2366,0.22328905822778083
2367,0.2236485716898549
2368,0.2237532417355841
2369,0.22312054914391538
2370,0.2225363677004909
2371,0.22255241054745722
2372,0.2221956569257164
2373,0.2222734272368139
2374,0.22205343098601688
2375,0.2222934507046735
2376,0.22123027039018966
2377,0.22163402061281187
2378,0.22070177575097785
2379,0.2217151246919959
2380,0.22169734751010733
2381,0.22144668553702399
2382,0.2212584809963235
2383,0.22032391437082693
2384,0.22002150361573192
2385,0.21915782577081644
2386,0.21953454837715392
2387,0.2199404862081723
2388,0.21952974685495755
2389,0.21915433003072793
2390,0.21895498273150737
2391,0.21854932107023672
2392,0.21855374339179406
2393,0.21963611681364953
2394,0.21965396851170157
2395,0.21899308325822958
2396,0.21906782151945106
2397,0.2179702829438922
2398,0.2177732681111031
2399,0.21734530482314346
2400,0.2178711481513237
2401,0.2186235861656178
2402,0.21853297806160688
2403,0.21926062349121808
2404,0.21910249896240125
2405,0.21850584749687266
2406,0.2181249955178537
2407,0.21704874931250845
2408,0.21770919099030578
2409,0.21832112581245777
2410,0.2177198753888584
2411,0.21668610257898357
2412,0.2153853110138387
2413,0.21416577149506472
2414,0.21413941981537163
2415,0.2153775322544037
2416,0.2146775656793946
2417,0.21590539026018735
2418,0.2155859720976638
2419,0.21537928821367788
2420,0.21520303253407197
2421,0.21462540729399898
2422,0.21410865759252629
2423,0.21267022111637351
2424,0.2114999214480216
2425,0.21223264673343933
2426,0.21116625880315518
2427,0.21040207398870692
2428,0.2098413998719787
2429,0.20886432776478858
2430,0.20877968507966949
2431,0.20978633827085402
2432,0.20891706152727896
2433,0.2074409959868687
2434,0.2068619620470501
2435,0.20492160665604647
2436,0.2047054581779041
2437,0.20403574825812235
2438,0.20339170279859137
2439,0.20260227123270758
2440,0.20172802430304393
2441,0.20469087306002348
2442,0.20422278082608797
2443,0.20498117865546522
2444,0.20538329611828687
2445,0.20312386661958315
2446,0.20396402232970587
2447,0.2027986704772016
2448,0.20175979773316643
2449,0.2001384696716863
2450,0.20145432225044382
2451,0.20177502578610979
2452,0.1979608401662274
2453,0.19542965069344848
2454,0.19799098532591197
2455,0.19741504899224246
2456,0.19627721742396592
2457,0.19752057091279746
2458,0.19580841312587888
2459,0.19639370403871903
2460,0.1965896838409063
2461,0.19575143623156782
2462,0.1939087860462393
2463,0.19394786927776786
2464,0.19409724363395348
2465,0.1942085336186962
2466,0.1946214831068243
2467,0.19508011057608
2468,0.1923727962168763
2469,0.18911975555557395
2470,0.19166093062565182
2471,0.19177575431158944
2472,0.19287999990346988
2473,0.19369198649376232
2474,0.1930549041319938
2475,0.19411849658589866
2476,0.1927048889333446
2477,0.1935563773200345
2478,0.19128467160345425
2479,0.19235794486371413
2480,0.20174289338016627
2481,0.20817660885100636
2482,0.21706685716191465
2483,0.22118075404620235
2484,0.2268715797730656
2485,0.2312339873452366
2486,0.22461702751397294
2487,0.23149539305744882
2488,0.2508434338107227
2489,0.2522496050425985
2490,0.25667446230464025
2491,0.26238778469157864
2492,0.27546584195315077
2493,0.2619604764287464
2494,0.24751110845362417
2495,0.2426027081974675
2496,0.22102969713304202
2497,0.21455297858360012
2498,0.21311317204963098
2499,0.21293255827988827
2500,0.23024830158195475
