Wavelength,21JUN18
350,0.03620868129801391
351,0.036372054879403745
352,0.03621117739065696
353,0.036166220374622526
354,0.03625541709017306
355,0.036121464305767396
356,0.036089691680630046
357,0.036050522440521225
358,0.035697125516780004
359,0.03541697674649731
360,0.03565254890959543
361,0.035734239410573604
362,0.03576598519663429
363,0.03567385239631422
364,0.035685615973075874
365,0.03587187989617565
366,0.03585400116062734
367,0.03572255872536112
368,0.035783142761729794
369,0.03584899440509659
370,0.035942088905631234
371,0.036048281789656134
372,0.036127861712109716
373,0.03619380995837199
374,0.036392810767880875
375,0.0363845918289621
376,0.0364667835117364
377,0.036665829986747375
378,0.036874256300694935
379,0.036886853738125495
380,0.036948927524652266
381,0.03724150364088574
382,0.03750913886011828
383,0.03763301407743855
384,0.03768882960118046
385,0.03785751358889015
386,0.038090529115270985
387,0.03825169608236055
388,0.03825093099181458
389,0.03845681161814876
390,0.03855244288005
391,0.038630311017593094
392,0.03872763605486024
393,0.038818397046025
394,0.03894394754830886
395,0.03913661048644812
396,0.039258522205273656
397,0.03938886612870565
398,0.03951396156847989
399,0.03961951727026808
400,0.039805307360281914
401,0.0399213876600283
402,0.040017407699098125
403,0.0401925566888377
404,0.040333647418436536
405,0.040486108108978236
406,0.04062808948036828
407,0.04084854656543131
408,0.04099761190970124
409,0.04116307587783628
410,0.041370971841078005
411,0.04155669480696374
412,0.041800266013379384
413,0.041974938470920806
414,0.042166381542365
415,0.04240737283666922
416,0.04264698564624814
417,0.042857817826066305
418,0.04304149692710085
419,0.04332400293403364
420,0.04355253645204683
421,0.043739890350116065
422,0.04401758678487712
423,0.04428333848908023
424,0.044581959879460245
425,0.04480861885889535
426,0.04519675114329576
427,0.04553732213579464
428,0.045875240617427704
429,0.046199665444169286
430,0.0465533753184465
431,0.04688623839915598
432,0.04724258553419837
433,0.04756834359917043
434,0.04790113590646986
435,0.048251133510002306
436,0.048642458489186816
437,0.04905542889995927
438,0.04939272501533927
439,0.049724657729190117
440,0.050092696072649545
441,0.05048691962201041
442,0.050902835531014934
443,0.05127508999826288
444,0.05164830798057354
445,0.05201622595944437
446,0.052399868561298094
447,0.05279016153688544
448,0.05315229873959601
449,0.05350666099186702
450,0.05390571876712169
451,0.05427683945674
452,0.054647620735862525
453,0.054985579088233025
454,0.0553112428142959
455,0.055696670933154925
456,0.056050575802190666
457,0.05636246296602841
458,0.05668754729155273
459,0.05704049123301606
460,0.057337928252591736
461,0.05760723923116573
462,0.05793423565792156
463,0.058279729151793566
464,0.058633273907927524
465,0.058955183626662175
466,0.05926423698651748
467,0.059615311617400704
468,0.05996625355299935
469,0.06024648544459936
470,0.06055489848168004
471,0.06086989111889833
472,0.061166333542925284
473,0.06149540410062729
474,0.06179310434758732
475,0.062097080040908165
476,0.06242510708008853
477,0.06277304371695835
478,0.06311353487825988
479,0.0634077947864321
480,0.06370153742642182
481,0.06404504757579
482,0.06442437372577763
483,0.06479418597227735
484,0.06519611243958864
485,0.06558959729095325
486,0.06595353487092909
487,0.0663364237461968
488,0.06675288168966123
489,0.06717436246911315
490,0.06757217229123091
491,0.06799260468617001
492,0.06843863766576608
493,0.06889889542519481
494,0.06932266934851566
495,0.06978076456338256
496,0.07024713514978127
497,0.07069326625325706
498,0.07115227253696396
499,0.07163783153620941
500,0.07215113626696432
501,0.0726560528447028
502,0.07312431915082268
503,0.07360838211063253
504,0.07407077524383429
505,0.07458139900646579
506,0.07505377252320487
507,0.07545963131085538
508,0.07594348951639973
509,0.07648988873552309
510,0.07697644791866282
511,0.07740821317062607
512,0.07791855680524779
513,0.07846371418753788
514,0.07898710855883373
515,0.07954532197759445
516,0.08014016552040212
517,0.08069039152102642
518,0.0812583159446866
519,0.08187539779329107
520,0.08241690053521283
521,0.08300475055595474
522,0.08365501862345112
523,0.08426266010733452
524,0.08494713895580447
525,0.08568029221337856
526,0.08636614874921095
527,0.08711133099527008
528,0.08784620687651391
529,0.08858082865354996
530,0.08928720326321878
531,0.09004605041413291
532,0.09087535016567941
533,0.09169665587793308
534,0.0926378005519371
535,0.09355015828387454
536,0.09443733916748448
537,0.09543007666377434
538,0.09646849277423084
539,0.09754484095835678
540,0.098644514344085
541,0.09978982648861481
542,0.10093778884517106
543,0.1021048484209788
544,0.103340365923196
545,0.10457937272771448
546,0.10580006198090364
547,0.107110514273894
548,0.1084499780770716
549,0.10976950202097543
550,0.11111828774769536
551,0.11250705584096643
552,0.11394416185783889
553,0.11552087948545062
554,0.1171190008117644
555,0.11878341636395887
556,0.12047782371071608
557,0.12222893135664664
558,0.12404276113641338
559,0.1258687297349457
560,0.1277582437255514
561,0.1296482097210665
562,0.13146368651482634
563,0.13329667723726762
564,0.13511301096788383
565,0.13693862737635376
566,0.13879758360942757
567,0.14063435562031884
568,0.14250955467593715
569,0.14452882693038632
570,0.1465031342505797
571,0.14840320577305693
572,0.15034502030323635
573,0.15229788089583238
574,0.15423028195876531
575,0.1560858258658807
576,0.15786061735037776
577,0.15969732725379018
578,0.16153852945385813
579,0.16341151835381226
580,0.16519873275280628
581,0.16697893291347893
582,0.1687400904783669
583,0.17047827403525845
584,0.1721966596151815
585,0.17394829887563332
586,0.17572983173083756
587,0.1773497253044406
588,0.17888330487815612
589,0.18044327863459564
590,0.18202292422615407
591,0.1835580591948669
592,0.18504773917528156
593,0.18653424940396074
594,0.18798333415963964
595,0.1893859422771622
596,0.19073699210045617
597,0.19201945461845735
598,0.19326750089417405
599,0.19449002797928194
600,0.19567231498526888
601,0.19688483982575955
602,0.19807544815171177
603,0.19923932552852996
604,0.20037901186295037
605,0.20146872558624251
606,0.20256192124971284
607,0.20367886551456454
608,0.20478743688500411
609,0.20583083422875598
610,0.20680376260119382
611,0.20769330530869615
612,0.20858231638897123
613,0.2094417499385084
614,0.21025618413434083
615,0.21105335138462217
616,0.2117994977834828
617,0.21251152210010393
618,0.21322282899033476
619,0.21396282565305016
620,0.21467818677381317
621,0.2153604221063209
622,0.2160305816469334
623,0.2167070331555374
624,0.2173797876640688
625,0.21804465916508947
626,0.21867789614915747
627,0.21926925402231684
628,0.21985992016511718
629,0.22052710351879937
630,0.22120886022802963
631,0.2218549442871533
632,0.22243510063752514
633,0.22298462993429008
634,0.22358700750096025
635,0.22419020546068782
636,0.22477544497395485
637,0.22534575858752331
638,0.22593849624010992
639,0.22651607726805748
640,0.22707260622337488
641,0.2276294010450851
642,0.22817185798485184
643,0.2287132099214181
644,0.229249435408511
645,0.22976323405877142
646,0.2303222860792873
647,0.23093298807905688
648,0.23151092915069743
649,0.23197832921903827
650,0.23252793315261175
651,0.23315263370358386
652,0.23372167247107614
653,0.23422906835831414
654,0.23474153118556665
655,0.23532151188509065
656,0.23582212503783984
657,0.23632550171795225
658,0.2368150090872987
659,0.2373005411486715
660,0.23773538828789575
661,0.23820095402148672
662,0.23870386526274112
663,0.23920413613260347
664,0.2396652293951693
665,0.24012417758017865
666,0.24062122837849664
667,0.24108259940650612
668,0.24153496911755704
669,0.24199968047220727
670,0.24249203898605165
671,0.24296673534907715
672,0.24345307446787234
673,0.2439321489912849
674,0.24440666466755442
675,0.24484602069415054
676,0.24528167205552093
677,0.24575624622995978
678,0.24625510671959663
679,0.24672836099582812
680,0.24718713804324105
681,0.24762493493232893
682,0.24811626572688578
683,0.2486409162637761
684,0.24920016912578263
685,0.24978383361856402
686,0.2504093843616823
687,0.25103795587323613
688,0.2515139416943358
689,0.25207419789107527
690,0.25258424850180583
691,0.2530640484007457
692,0.2535972727265746
693,0.25411664792770516
694,0.25468235755709534
695,0.2552791962320482
696,0.2558037024010811
697,0.25632634021972167
698,0.2568462488035622
699,0.2573720231106267
700,0.2579071770371211
701,0.2584305330325761
702,0.2589190724571393
703,0.2594441079777876
704,0.25990960553250775
705,0.2603802756441331
706,0.26088133336343833
707,0.26137712715379846
708,0.2619096660031395
709,0.26239551982667597
710,0.26285784811513746
711,0.26338205941979465
712,0.2639086245765617
713,0.26438990810946206
714,0.2648904842526022
715,0.26542090535714746
716,0.2659787165952048
717,0.2665428113750677
718,0.26698832172384185
719,0.26747492417145585
720,0.26795336662771463
721,0.26838547545452407
722,0.2687960162539329
723,0.2692531021274478
724,0.26973636653544136
725,0.2701435742394901
726,0.27057507657430835
727,0.27101614699465104
728,0.27145365033167296
729,0.2718566285963995
730,0.2722708681742093
731,0.27268689433901855
732,0.2730616518326149
733,0.27344482024323313
734,0.27385411183318475
735,0.274275552544548
736,0.2746202099150422
737,0.27502689557221416
738,0.27542731261535847
739,0.2757678654165975
740,0.2761832742840786
741,0.27656058246745874
742,0.27692429966582616
743,0.2773206557570632
744,0.2776870884940452
745,0.2780482385094176
746,0.27840473923282283
747,0.278726184729012
748,0.27905521945884026
749,0.2794007281040308
750,0.2797937846998875
751,0.2801256437646864
752,0.2804340111391027
753,0.2807442972347972
754,0.281073975249142
755,0.28137837386215353
756,0.2816941701962865
757,0.28208524356091697
758,0.2826570282646372
759,0.2833132181413328
760,0.284016377366615
761,0.2842902498703679
762,0.2845420769955941
763,0.28458712223021787
764,0.284576878211914
765,0.2846638389451403
766,0.2847920431827905
767,0.2847728758764453
768,0.2848202872989213
769,0.2850283647577718
770,0.28522141344673413
771,0.28540290716616834
772,0.28559139046781395
773,0.2858090956655269
774,0.28603585935990505
775,0.2862686366582766
776,0.2864907384565686
777,0.28668824192714926
778,0.2869041181893577
779,0.2871369946593578
780,0.2873736952609195
781,0.28759780300430726
782,0.28778906869410703
783,0.28789533063115214
784,0.28804451092645056
785,0.2882198133541143
786,0.28838015580776216
787,0.2885106291098256
788,0.28867658801464735
789,0.28880420891969727
790,0.28887356486114557
791,0.28894383654234346
792,0.2891424800847213
793,0.28924883253033373
794,0.2893194674089652
795,0.2893510745511254
796,0.2893870752541515
797,0.2894657587468851
798,0.28957834158951445
799,0.2897049066770617
800,0.2897293058280114
801,0.28975885644279425
802,0.28984422756431283
803,0.2899032690549108
804,0.28999733689045476
805,0.2901005583618056
806,0.2901761229362769
807,0.290243029780243
808,0.2903234326150833
809,0.2904304819239436
810,0.29057270137031727
811,0.29068157260266914
812,0.2908055098298016
813,0.29095158038995445
814,0.29109150546444823
815,0.29120967042654844
816,0.2913255489256146
817,0.29142863486988746
818,0.29141512985785256
819,0.29143645148846
820,0.2915174465029251
821,0.29160279487952545
822,0.2917026238503989
823,0.2917352018200826
824,0.2917314301299648
825,0.2917117194380461
826,0.29191441287240777
827,0.29205329709230854
828,0.2921325713386469
829,0.2922856519754692
830,0.2923048896278444
831,0.2923020295604547
832,0.29230349895885666
833,0.29229722339182085
834,0.2923536687437268
835,0.29244142353293257
836,0.2925198885576258
837,0.2926025623012772
838,0.29261153176243626
839,0.292660691742691
840,0.29281997778298224
841,0.29276791068158203
842,0.2927528850471739
843,0.2928153766725944
844,0.2928735804880061
845,0.2929423861476991
846,0.2930105960334274
847,0.29307032332969385
848,0.2932092875675838
849,0.2934461976731053
850,0.29355170844293177
851,0.2935453356422315
852,0.29369014266635945
853,0.2939075154799759
854,0.29401541964015165
855,0.29399355494837764
856,0.29413093552581526
857,0.294402402456297
858,0.2945952176154868
859,0.29467307665153786
860,0.2948218863380383
861,0.29493563186486194
862,0.2951043800910804
863,0.2953998382031725
864,0.29553829016576927
865,0.2956367131859525
866,0.29584807606564956
867,0.2961697121884427
868,0.2962775520040344
869,0.29637990086109933
870,0.2965176164438969
871,0.2966071368235011
872,0.2967887339373676
873,0.29693335884950334
874,0.29714171312909665
875,0.297349927406511
876,0.29754270144768935
877,0.2976769679923026
878,0.2977750385352457
879,0.2981420747487163
880,0.29831158035328215
881,0.29835743415368304
882,0.29846837981159124
883,0.29889158902092494
884,0.2992546458710841
885,0.2994466602624317
886,0.2995521076213079
887,0.2998291481009945
888,0.3001478388988079
889,0.30034200034875635
890,0.30036011808589747
891,0.30066721734244994
892,0.300876192907349
893,0.301037147240825
894,0.30135219345413433
895,0.30169724802228237
896,0.3018749852902196
897,0.30218502337050285
898,0.3024825667639547
899,0.3028609539590239
900,0.3031476648561234
901,0.30340205291280853
902,0.3037086877307912
903,0.30407398970362565
904,0.3044130904224767
905,0.3046426890652416
906,0.3048355667598164
907,0.3050904818317648
908,0.3054228431399284
909,0.3058289497264265
910,0.3062358740516491
911,0.30646022522353633
912,0.3068880879763205
913,0.3074477315566113
914,0.3075841400642271
915,0.3079628199795613
916,0.3081557957628523
917,0.30845083363038456
918,0.308969754785304
919,0.30920935382690184
920,0.3093481861245438
921,0.309561578309244
922,0.3101674841153018
923,0.3104511244387868
924,0.3106568685289163
925,0.3111715836191967
926,0.3112044574585996
927,0.31159379262478104
928,0.3120362340310425
929,0.3124120187394518
930,0.31278206318565793
931,0.3131951292743148
932,0.31329941519811055
933,0.31393774747152164
934,0.3146100446703821
935,0.3151157952439685
936,0.31524496831766075
937,0.3155180957195154
938,0.3157397629652868
939,0.3161744621064182
940,0.3168132424344291
941,0.31710231199838224
942,0.31681321702879367
943,0.3172646699322329
944,0.3177465430267321
945,0.318174249298369
946,0.3185761571668485
947,0.318944040913372
948,0.3192874908957039
949,0.3199704682035713
950,0.3204824814707058
951,0.3203531269700447
952,0.32061987693360083
953,0.320944639049883
954,0.321449514155567
955,0.3217450809508901
956,0.3222482523563015
957,0.3224077228166822
958,0.3227397355377446
959,0.3232522514435362
960,0.32388303081072334
961,0.3241588031128202
962,0.3244317328136385
963,0.3248425691221546
964,0.32571340471121135
965,0.32609830779734195
966,0.3255930848456648
967,0.3261864619232755
968,0.3266537961765008
969,0.3267814897388255
970,0.3269430551005027
971,0.32731558059600524
972,0.32805073500246806
973,0.32879149085325554
974,0.3292615171528811
975,0.32931580947160755
976,0.3293702008168039
977,0.329726471517087
978,0.3303492638046378
979,0.3309321120090293
980,0.33123511260396626
981,0.3319491759865729
982,0.33156144251736863
983,0.332604198092263
984,0.33281042735083105
985,0.3327755322334205
986,0.33317161884392577
987,0.3334018497546902
988,0.33393590671971946
989,0.33442817235766764
990,0.33467933308848485
991,0.33493997903945527
992,0.3351967634626284
993,0.3355528528524424
994,0.3360740942131145
995,0.33657969092969386
996,0.33662022369385847
997,0.3367367067779029
998,0.33744011360459375
999,0.3373430366138426
1000,0.3382378880807974
1001,0.3400107597484306
1002,0.34028011477448467
1003,0.34077969877262015
1004,0.3410733043193083
1005,0.3411766092291896
1006,0.3415417814844035
1007,0.34200923163725894
1008,0.34225995073231286
1009,0.3426067899963765
1010,0.3429073677467952
1011,0.3432706497410335
1012,0.34365571809841367
1013,0.34396977210709656
1014,0.34456727370234064
1015,0.3450068505337515
1016,0.3453028634102755
1017,0.34564317916307286
1018,0.34584268463259343
1019,0.3461951862118188
1020,0.34666312941571686
1021,0.34698347452984846
1022,0.3472665145645369
1023,0.3475041113175593
1024,0.3477033906728443
1025,0.3479180911555676
1026,0.34818570844868363
1027,0.34863093416444557
1028,0.34896501324525775
1029,0.34924993008654837
1030,0.34954841573863915
1031,0.35002813169681174
1032,0.35034419908184244
1033,0.3506754421190144
1034,0.3508446041030838
1035,0.3510619419157201
1036,0.35121852220297145
1037,0.35151388919490634
1038,0.35182612159796
1039,0.352208923413847
1040,0.3525116284375449
1041,0.3528686780888114
1042,0.35320020609790603
1043,0.3534574646722811
1044,0.3538151461267488
1045,0.3541166683124181
1046,0.3543420422764315
1047,0.354589052714291
1048,0.3549418086681316
1049,0.35518016241099165
1050,0.3554249373703388
1051,0.355553326229013
1052,0.35577581566585836
1053,0.3562324142727675
1054,0.3566626158793816
1055,0.3572286388847472
1056,0.35769274718411936
1057,0.35803351945184836
1058,0.3583734825814887
1059,0.3586213273184262
1060,0.35895080906879495
1061,0.3591906805740892
1062,0.3595085037763259
1063,0.35978816667271396
1064,0.360123960030441
1065,0.3604306680910706
1066,0.36067325549969387
1067,0.3609233647148315
1068,0.3612187433106586
1069,0.36153811088078025
1070,0.36199127801232855
1071,0.3625196019793339
1072,0.3626977068053301
1073,0.36294715725916205
1074,0.3630760752193358
1075,0.3633222790003519
1076,0.36361544085271547
1077,0.3639538817149432
1078,0.364364609286307
1079,0.3645199721154789
1080,0.3647500290647845
1081,0.36501424010837236
1082,0.36525586622525164
1083,0.3656829963137459
1084,0.3660513571879302
1085,0.36625806690599627
1086,0.3665006731404207
1087,0.36672441524711313
1088,0.3667824558972568
1089,0.3669960920349401
1090,0.36737658597872136
1091,0.3676510453660883
1092,0.3679334003557836
1093,0.3681907417054213
1094,0.36849648547340247
1095,0.36870889902126774
1096,0.3689267187980423
1097,0.3691247628950207
1098,0.3693503048245593
1099,0.3696012584580661
1100,0.36993076435303907
1101,0.37034364403021075
1102,0.3707393943218582
1103,0.37119103823570754
1104,0.37147927279840787
1105,0.3717060805084502
1106,0.37204075483215693
1107,0.3722778738145068
1108,0.37246735396741737
1109,0.3728787380750187
1110,0.3730756656616476
1111,0.3730142151049377
1112,0.37328734566520433
1113,0.3734249674335829
1114,0.3735924811185852
1115,0.37402890343055517
1116,0.37419977038780716
1117,0.37443602352654126
1118,0.37487618561432956
1119,0.3753019059032986
1120,0.3757434779368717
1121,0.37632661293363606
1122,0.37686859271361944
1123,0.37708467774879906
1124,0.37744335795631173
1125,0.37764868437190346
1126,0.37794898056977694
1127,0.37812772938356426
1128,0.3784273307344111
1129,0.37842654238241624
1130,0.37880431515806756
1131,0.3793450239473075
1132,0.37955852190802697
1133,0.3797174923299519
1134,0.3799092445378461
1135,0.38016699579684865
1136,0.38041751128621726
1137,0.38084089565968593
1138,0.38115534948308644
1139,0.3813895031806932
1140,0.3817408023678278
1141,0.381953394958486
1142,0.38197821267251997
1143,0.38204356281551083
1144,0.3821461847679082
1145,0.3823556665730443
1146,0.38268350817070396
1147,0.38263862775777935
1148,0.38278496313057025
1149,0.3828827738855478
1150,0.3829322905194993
1151,0.38303425486285114
1152,0.38346962739789914
1153,0.3837016678368626
1154,0.38373537495824706
1155,0.3840254637388447
1156,0.38416305435649034
1157,0.3841973013964379
1158,0.3844821989312903
1159,0.3846407475755284
1160,0.38482920157466594
1161,0.38501627318157317
1162,0.38523962362152836
1163,0.3854386346328903
1164,0.3856366745077294
1165,0.3857677570117302
1166,0.3858742927698665
1167,0.3860163383734865
1168,0.3861807395097575
1169,0.3862968804908704
1170,0.38649511426402283
1171,0.3868033917561933
1172,0.3870553468142933
1173,0.38727717926966765
1174,0.3875337317961611
1175,0.38782517593591925
1176,0.3880171931994626
1177,0.3881707035239229
1178,0.388317831973639
1179,0.3885139103689853
1180,0.38866191708242215
1181,0.38885587839901936
1182,0.38915914798062967
1183,0.38938570792710014
1184,0.3894996929249906
1185,0.38973200529392715
1186,0.38995838457304144
1187,0.3901432639345057
1188,0.3903375815342429
1189,0.3905859274451778
1190,0.3907839068482851
1191,0.3909166805749372
1192,0.3911408001267682
1193,0.3912423481622704
1194,0.39142178960671625
1195,0.39168329021916287
1196,0.39175702160158216
1197,0.3917670025681912
1198,0.39192659414866854
1199,0.39207678072593666
1200,0.3922895793927508
1201,0.39268996525061217
1202,0.3929595322270384
1203,0.3931705827056803
1204,0.3933894691022981
1205,0.39359918801590144
1206,0.393805414542616
1207,0.39398782381005504
1208,0.39417390865283675
1209,0.3943845588794528
1210,0.3945622196037304
1211,0.3947609898750675
1212,0.39503629040863153
1213,0.3952999131659871
1214,0.3955627849349347
1215,0.3958569340430481
1216,0.3961109996116806
1217,0.3963233559943707
1218,0.39648783844103275
1219,0.3966086244495015
1220,0.3966397747006185
1221,0.3967709117348941
1222,0.39698259299465277
1223,0.39718712951265545
1224,0.39753620111061205
1225,0.3977518139976352
1226,0.3978302781989611
1227,0.3979646178577151
1228,0.39812267526996564
1229,0.39816980021739223
1230,0.39826978071264885
1231,0.39852658694826004
1232,0.39870552650693614
1233,0.39890250526464
1234,0.39912368310260654
1235,0.3991883367804919
1236,0.3993085297776485
1237,0.39938426136923244
1238,0.39955149088994074
1239,0.39981758130422507
1240,0.3999848364470847
1241,0.4001256568986794
1242,0.4003152030240543
1243,0.4004536948208717
1244,0.40064493553314706
1245,0.40093270346096266
1246,0.4011586918281726
1247,0.40138567813849696
1248,0.40156659512721854
1249,0.4017025952652832
1250,0.40186790189853927
1251,0.40200769131195013
1252,0.40209271439750505
1253,0.40228221734989905
1254,0.40241907840274094
1255,0.4025605322905224
1256,0.4026954961989512
1257,0.4028646235834234
1258,0.40314555147174
1259,0.40327948154208293
1260,0.4033632366919845
1261,0.40363233193949194
1262,0.4037686619479742
1263,0.4039832160223083
1264,0.4042024989766273
1265,0.40440324504561703
1266,0.404471273766894
1267,0.40461655041534583
1268,0.40484520483628095
1269,0.40503040405778507
1270,0.4052080425858978
1271,0.4053401541268812
1272,0.405436365282346
1273,0.4054386358458788
1274,0.4054634476874278
1275,0.40566845507692356
1276,0.40582548147599673
1277,0.40601310542020297
1278,0.406077880854007
1279,0.40607066849984985
1280,0.4061498677598324
1281,0.40625490903366335
1282,0.4063959897551934
1283,0.40658364002778463
1284,0.4067515074240555
1285,0.4069559931670188
1286,0.4070702523867441
1287,0.40720151293789053
1288,0.40730620676149837
1289,0.40721000131965734
1290,0.40726829364440775
1291,0.40743069390757314
1292,0.40753098961964496
1293,0.4076989777352229
1294,0.4078354712135107
1295,0.40789193039680294
1296,0.40803459488338245
1297,0.4080924247434393
1298,0.4081994555048934
1299,0.4082179609764075
1300,0.40816598571530727
1301,0.4081369678219367
1302,0.40802418820945696
1303,0.4081026823507868
1304,0.40833031019303223
1305,0.4084684479745681
1306,0.40850696807502274
1307,0.40859859812573635
1308,0.40857179606125427
1309,0.4086783416559802
1310,0.4090499586311494
1311,0.4091638005717041
1312,0.4092365636177947
1313,0.4093444677983185
1314,0.40940534391881234
1315,0.40946004541134196
1316,0.40961961973020955
1317,0.40974238300097565
1318,0.40992034322972903
1319,0.4097879122206406
1320,0.40978749485641813
1321,0.40962917487492745
1322,0.4096909613039964
1323,0.4099919022752805
1324,0.41011040734444826
1325,0.4100797039045758
1326,0.41007633976746327
1327,0.410171274632549
1328,0.4101679950877761
1329,0.41000472211052313
1330,0.40997673834925996
1331,0.40997319906910545
1332,0.41001749496559026
1333,0.4102481198977057
1334,0.41036533368391914
1335,0.41049686021566956
1336,0.4105631784999895
1337,0.4104675259487445
1338,0.4104809710983094
1339,0.4104500579488559
1340,0.410354712895984
1341,0.4101732792136773
1342,0.41010677680616137
1343,0.4098908202134538
1344,0.40940136486740075
1345,0.40923272307601377
1346,0.40903079134360654
1347,0.4088946356030586
1348,0.4093317962058105
1349,0.4091367929596208
1350,0.40793226514641945
1351,0.4077310760062347
1352,0.407556619027711
1353,0.40637726286082587
1354,0.405609857434026
1355,0.4049518091163432
1356,0.40548181923951054
1357,0.4047667714287988
1358,0.40582646958316215
1359,0.4043451321595425
1360,0.40603882180139284
1361,0.4054694837159216
1362,0.4108283092350196
1363,0.41194120205411694
1364,0.40139767121975817
1365,0.40157061739244965
1366,0.4092381182969438
1367,0.4160384592138029
1368,0.4215030361354185
1369,0.4214979542712174
1370,0.42513235627273993
1371,0.41247368779648297
1372,0.4144430622620627
1373,0.41462200866594545
1374,0.41478244235312733
1375,0.41703417799833087
1376,0.4169866416661879
1377,0.41835744669043046
1378,0.4176814398148621
1379,0.41225330248932046
1380,0.4094925465438918
1381,0.415539925455366
1382,0.41084042547034044
1383,0.4017026704112936
1384,0.40430148414569245
1385,0.405414191588345
1386,0.4041419240249632
1387,0.40010446357556306
1388,0.3968949905681768
1389,0.3926454123687836
1390,0.3894829546484793
1391,0.3917198688140354
1392,0.39057438181762094
1393,0.38754303838270787
1394,0.38586755257091887
1395,0.38452134262265636
1396,0.382418029992153
1397,0.38043150673555703
1398,0.3783407528918606
1399,0.37623708127313726
1400,0.3766023326723703
1401,0.3747001767037954
1402,0.3723019242801846
1403,0.3690512295034277
1404,0.3639898319948732
1405,0.36338420497285084
1406,0.3633779442932865
1407,0.36134131307400585
1408,0.3596391201746638
1409,0.35828942227311233
1410,0.35792446308341286
1411,0.3572879968095039
1412,0.3564654499979065
1413,0.35614226942093274
1414,0.35458731938399896
1415,0.35525325788098
1416,0.35709791021793635
1417,0.3583331049087458
1418,0.3598037030806841
1419,0.36122805047527473
1420,0.36150126376636366
1421,0.3626405331717066
1422,0.3642048410268308
1423,0.3648765660658876
1424,0.36579432905772835
1425,0.3667852711827294
1426,0.3677317638454761
1427,0.36853599774648627
1428,0.36945275461729915
1429,0.37023628643590145
1430,0.37091975662827636
1431,0.3715443181593895
1432,0.3725078018686008
1433,0.37293003932144053
1434,0.37357582756871144
1435,0.3748270221064107
1436,0.3756344693440108
1437,0.37647466505881544
1438,0.37724449659808884
1439,0.37794996515055096
1440,0.37836372789270634
1441,0.3790750206699086
1442,0.3798763022662702
1443,0.38092084449962216
1444,0.3814201868540081
1445,0.3818969939753757
1446,0.3822276668454368
1447,0.38233060348806464
1448,0.38268765749026046
1449,0.3826765768496337
1450,0.3829938234332964
1451,0.38360352063625436
1452,0.38386862044727665
1453,0.3841677628842137
1454,0.38430906039411294
1455,0.3838766177870069
1456,0.3838885606075973
1457,0.3841002046699362
1458,0.3842503806356564
1459,0.38431500891744086
1460,0.3843496291014137
1461,0.38460139804817034
1462,0.38466045399454996
1463,0.38484292902199935
1464,0.385002184753077
1465,0.38543446149377125
1466,0.3857101291590149
1467,0.38587314546254853
1468,0.3861354673641284
1469,0.38668436528076966
1470,0.38723407080449423
1471,0.3877689420305561
1472,0.38789482223454796
1473,0.3882523542565806
1474,0.38862802197907054
1475,0.3890403004903264
1476,0.3895958217274389
1477,0.3900528779083249
1478,0.39046693458660153
1479,0.39082201131486005
1480,0.39106506051984785
1481,0.3913403215907644
1482,0.3917094908464309
1483,0.3922136130089081
1484,0.39295584135995776
1485,0.3934116761006907
1486,0.39362189195610575
1487,0.39400580525321516
1488,0.39457478550391356
1489,0.39480469378452204
1490,0.39514737943404543
1491,0.39543652102249593
1492,0.3955767493670125
1493,0.39582435288619816
1494,0.39601871805709055
1495,0.3963172695603429
1496,0.3966534624026864
1497,0.3969363745261326
1498,0.3972689296605614
1499,0.39762463670378023
1500,0.398054465551666
1501,0.3983665658714667
1502,0.3986494651095779
1503,0.3989260786351918
1504,0.39916872435755985
1505,0.3995249208521311
1506,0.3999719638935127
1507,0.4003170681432524
1508,0.40074222191236336
1509,0.4010547362303283
1510,0.40121295808042345
1511,0.40148105929143196
1512,0.40177426318899456
1513,0.4020765610085696
1514,0.4024425200254402
1515,0.4027162966561956
1516,0.40294604924562205
1517,0.4032195282473463
1518,0.4036039710648349
1519,0.40385650734877804
1520,0.40403715662373285
1521,0.40433270370611996
1522,0.40458307116476255
1523,0.4047256046156219
1524,0.4049065523786052
1525,0.40517845975793526
1526,0.4054801246435699
1527,0.40572661376355545
1528,0.4059628252584871
1529,0.4062352937821534
1530,0.40643417698298495
1531,0.4065099141564348
1532,0.40666741810377394
1533,0.40688757859649605
1534,0.4071253952813481
1535,0.40755806521945614
1536,0.4077503896648068
1537,0.40785447555644483
1538,0.4080829826956516
1539,0.4083520736575944
1540,0.4085233444417138
1541,0.4085937204812408
1542,0.40885044566397183
1543,0.40904726746601017
1544,0.4092304779084544
1545,0.4094864310577977
1546,0.4096612549074966
1547,0.40977191185472506
1548,0.4099299543819305
1549,0.4101910433288723
1550,0.4103792478041957
1551,0.41055712336029804
1552,0.4107298511350802
1553,0.41092933412120247
1554,0.41108797012389264
1555,0.41128766169392517
1556,0.4114834323267612
1557,0.4115285556918338
1558,0.41167355691401697
1559,0.41188684200771514
1560,0.41208183414806565
1561,0.41234065857375074
1562,0.4125416924212799
1563,0.4126511706487501
1564,0.41284891190824563
1565,0.4131369870317091
1566,0.4133042642929806
1567,0.41351730685896476
1568,0.41374538901250857
1569,0.4138679996854242
1570,0.4140043175548834
1571,0.41406175260836425
1572,0.4142100970194408
1573,0.41446338554846895
1574,0.41465728416527814
1575,0.4147975379855716
1576,0.41497579081814584
1577,0.41515391228257303
1578,0.4153001431880513
1579,0.4152605701519424
1580,0.4153306238896695
1581,0.4154218097140001
1582,0.41560697505112326
1583,0.4157754348810686
1584,0.4159888651068517
1585,0.4163000437074814
1586,0.4164924402870206
1587,0.4167881457171485
1588,0.4169536286833392
1589,0.4170015702541395
1590,0.4171203057754399
1591,0.41721218049905584
1592,0.41729186619454195
1593,0.4175064506023809
1594,0.4176261457009357
1595,0.41769851277935344
1596,0.4178994806965822
1597,0.41812220409143924
1598,0.4182766012546511
1599,0.41854116994075813
1600,0.4187930032507696
1601,0.41894366324574633
1602,0.4192673222237274
1603,0.419590439875294
1604,0.41975905760134014
1605,0.41985235527551407
1606,0.4200449854323231
1607,0.42010619371664987
1608,0.42023202889323397
1609,0.4203313291297912
1610,0.42044827356639514
1611,0.4206614942496629
1612,0.42082577543536925
1613,0.42104527612131004
1614,0.4211677074463346
1615,0.42109245107981685
1616,0.4212393067129953
1617,0.4214724897934975
1618,0.4216562863280482
1619,0.4217873668787293
1620,0.4219601589011308
1621,0.4221991783179333
1622,0.42232418417349615
1623,0.42241279395022097
1624,0.42249093225873524
1625,0.4225427276876852
1626,0.42268971360760516
1627,0.4229814743752093
1628,0.4232182190708444
1629,0.42339730414455423
1630,0.4235406783422975
1631,0.4236119449739103
1632,0.42378861511004795
1633,0.42400523280645713
1634,0.424183135602336
1635,0.424590840051705
1636,0.4248128677122044
1637,0.42486339524470385
1638,0.4249344963498748
1639,0.4247934050628314
1640,0.42490353077147214
1641,0.42522964625205734
1642,0.4254190285963789
1643,0.42574034511820735
1644,0.4258349588604711
1645,0.425908236603624
1646,0.42588002459211893
1647,0.4257378582901562
1648,0.4257184700871207
1649,0.42566211710053004
1650,0.425697846049088
1651,0.42592220046267004
1652,0.426033143716811
1653,0.4261703791333818
1654,0.4262642553652011
1655,0.42632325187100883
1656,0.4263994756684272
1657,0.4264104467599662
1658,0.42646153539393644
1659,0.42653873261825276
1660,0.4265275121268741
1661,0.4264865633567766
1662,0.4265211926271019
1663,0.4265336680770436
1664,0.4265351512311696
1665,0.4266163261515098
1666,0.4266725411091035
1667,0.4266023586869261
1668,0.42668871625130206
1669,0.4267893412136444
1670,0.4268816797009891
1671,0.42686719574209564
1672,0.42682834518230295
1673,0.4268444142950458
1674,0.42681500288007834
1675,0.42680107540963064
1676,0.42676510765836756
1677,0.4267194129446625
1678,0.4267758989005317
1679,0.42687805499977194
1680,0.42688412569975087
1681,0.42677487378147116
1682,0.4267684956982269
1683,0.4267528079636096
1684,0.4268013536361627
1685,0.4269550010593106
1686,0.4269207797353424
1687,0.42693759657083075
1688,0.426913581920341
1689,0.4267114855989521
1690,0.42668825717675796
1691,0.42686689593364974
1692,0.4268682497638465
1693,0.4269161797789912
1694,0.4269045462973204
1695,0.4269524611243957
1696,0.4268505561721654
1697,0.42666019537311156
1698,0.42664149945823737
1699,0.42675075924619643
1700,0.42659725079579774
1701,0.42636099822708146
1702,0.42625886188672846
1703,0.42601582416867806
1704,0.4259476287881092
1705,0.4260475325096822
1706,0.4260858714944251
1707,0.4261928825865532
1708,0.42628217826001047
1709,0.4262244541285094
1710,0.4262542197411211
1711,0.42623653093165675
1712,0.42602044752134316
1713,0.42588100871964724
1714,0.42570828065654276
1715,0.425632330091554
1716,0.4255965090825261
1717,0.4256697135108224
1718,0.425597964976719
1719,0.42546897971830344
1720,0.4253087283372886
1721,0.4252382152972472
1722,0.42512737675630186
1723,0.424827907489691
1724,0.42461479713222866
1725,0.4245711639705668
1726,0.4245112826551539
1727,0.42440131325214153
1728,0.4244053559200226
1729,0.4244882313502555
1730,0.4241028869824037
1731,0.4241233353664967
1732,0.42414835249022786
1733,0.4241118970704158
1734,0.4240430199424102
1735,0.42417252358932295
1736,0.42441039404006103
1737,0.4243017257680114
1738,0.42409866473465485
1739,0.42404459417307694
1740,0.4240320466194295
1741,0.42397294577885514
1742,0.42401252702446895
1743,0.4239399589816173
1744,0.42379842852541244
1745,0.4237151482270721
1746,0.42370915776906765
1747,0.4238620321173576
1748,0.42391911281425
1749,0.42406845147070704
1750,0.42414035925071747
1751,0.4240357760688547
1752,0.4237789654664176
1753,0.4236738322003192
1754,0.42365369595750046
1755,0.42377848738266044
1756,0.42391919758603047
1757,0.4238310835393429
1758,0.42368909946936906
1759,0.42357653322884437
1760,0.42339401100058716
1761,0.4233455316903449
1762,0.4236422271325425
1763,0.42375878162909364
1764,0.4238446333767245
1765,0.42364207790212194
1766,0.4235752625803134
1767,0.42365336469353293
1768,0.4239022181578659
1769,0.42389460129738527
1770,0.4238035458201251
1771,0.4238207229542454
1772,0.423848152509413
1773,0.4239807920511851
1774,0.42426336778368123
1775,0.42443225139603313
1776,0.4245818275429102
1777,0.42425220930153
1778,0.4241532362093443
1779,0.42417781453218983
1780,0.4245096084830712
1781,0.4247520452730805
1782,0.4244320486345321
1783,0.42451184204105175
1784,0.4243982245761808
1785,0.42464893069994286
1786,0.4249452735948105
1787,0.42449830370362795
1788,0.4245051346119605
1789,0.4245556126914523
1790,0.424536342177511
1791,0.4251261138832752
1792,0.4252392936487339
1793,0.42562986647369144
1794,0.4258067280120614
1795,0.4253023284355618
1796,0.4253759821834641
1797,0.4256534931219205
1798,0.42549103522022413
1799,0.4255851773309022
1800,0.4255430936719736
1801,0.4253455329129071
1802,0.4257003495150026
1803,0.4258159981206424
1804,0.42501940192266774
1805,0.4247741199495211
1806,0.425396210670762
1807,0.42563850199407255
1808,0.42593625296681453
1809,0.42643289626525993
1810,0.4272085089195399
1811,0.4265269401476472
1812,0.42665939372628225
1813,0.4260339616699865
1814,0.4253075674213503
1815,0.42563508495955105
1816,0.426875380321147
1817,0.42634319307137963
1818,0.42551793412233196
1819,0.4258181889649479
1820,0.42626369339918646
1821,0.42510645040271544
1822,0.4258360925535364
1823,0.4253190564504783
1824,0.42325443368972426
1825,0.4212613968672259
1826,0.41948465564129445
1827,0.4193562741446247
1828,0.4165898801850657
1829,0.41314414309918857
1830,0.40888270989255504
1831,0.47427643017432963
1832,0.4975744691902839
1833,0.5282443286635214
1834,0.5846089924542555
1835,0.6854830049193896
1836,0.6349782743025656
1837,0.6795915822363967
1838,0.7258699065152643
1839,0.6205468323925946
1840,0.7274684835076998
1841,0.7796216679456068
1842,0.7453557358418352
1843,0.667874656997058
1844,0.6420119423957457
1845,0.6235333526651642
1846,0.6191172772728235
1847,0.6775434612882811
1848,0.6287966926188379
1849,0.6289006282451837
1850,0.6154029808695614
1851,0.5720851339258635
1852,0.5964635702573096
1853,0.6649198621536345
1854,0.7035253114680591
1855,0.6724644118300764
1856,0.5655643496356688
1857,0.564764684828621
1858,0.626459034237049
1859,0.6188247796182774
1860,0.5895974668402753
1861,0.6073807961211567
1862,0.6177052424031759
1863,0.509063209275342
1864,0.5000253800315588
1865,0.5606137279978958
1866,0.5622280197075573
1867,0.6179287542491864
1868,0.6854146381984985
1869,0.6655222388065524
1870,0.6397034427104438
1871,0.5535168893033713
1872,0.5227914266283377
1873,0.4782189097046631
1874,0.508402005097051
1875,0.5141234153563645
1876,0.5637816586103224
1877,0.5281523209535506
1878,0.5260916043220767
1879,0.48798020635233474
1880,0.46054565630220545
1881,0.44877282715739597
1882,0.4534712006016828
1883,0.43573212743775214
1884,0.4353223442580996
1885,0.4442198620491762
1886,0.43550895542467905
1887,0.41665666065898754
1888,0.43329626177388547
1889,0.41225938170215426
1890,0.3947760008515628
1891,0.3777454369142297
1892,0.3725276684268539
1893,0.36494631820162066
1894,0.368217875156967
1895,0.3908051678194201
1896,0.3734164864629548
1897,0.39069046540318814
1898,0.388049128759266
1899,0.3942347111976001
1900,0.40545152365932036
1901,0.4047707725272853
1902,0.4328721890408518
1903,0.4386126731212726
1904,0.4078078050995533
1905,0.38547925812755673
1906,0.4283232123830076
1907,0.38976000981362025
1908,0.4176670277136272
1909,0.42700878895146177
1910,0.37768407120823067
1911,0.36961125530623573
1912,0.3686610193700776
1913,0.3427802702606542
1914,0.34126502190859886
1915,0.33589641727954256
1916,0.32730059387348975
1917,0.32540719209305413
1918,0.3198993845742939
1919,0.3139154685600497
1920,0.3089099587966664
1921,0.311371821336353
1922,0.30656647082780747
1923,0.30703455259220547
1924,0.3102809197520455
1925,0.3119627578582409
1926,0.3048975315366968
1927,0.3040891844545509
1928,0.30924547254723744
1929,0.3109428763026377
1930,0.30826307218803084
1931,0.30834504476743363
1932,0.3084636703008402
1933,0.31005913026395027
1934,0.3102584783950748
1935,0.31066978951556695
1936,0.31167148646658616
1937,0.31321822879648115
1938,0.313391875553758
1939,0.31263164298574886
1940,0.3127866443841445
1941,0.31291013080814656
1942,0.31489943157855066
1943,0.3146327474485189
1944,0.316571720048417
1945,0.317194035237254
1946,0.31794730341019584
1947,0.31726940207181015
1948,0.3173968618601556
1949,0.3166918969746001
1950,0.3180960492075303
1951,0.32019602541347
1952,0.32065300093822563
1953,0.32117030012911696
1954,0.3220547672846411
1955,0.32317970731734363
1956,0.3245233504097903
1957,0.32520090754137376
1958,0.32613610061065557
1959,0.3266725623432145
1960,0.3269728213610676
1961,0.3275584320078444
1962,0.328797244497681
1963,0.32889458197768306
1964,0.33013409194029836
1965,0.3308472692314396
1966,0.3311888329588054
1967,0.33187592438877167
1968,0.33228689312638926
1969,0.33342369620271195
1970,0.3340853339167906
1971,0.33334559365980443
1972,0.33443240090098103
1973,0.3351674863624192
1974,0.3363972188908471
1975,0.3370403145473114
1976,0.3385933333143643
1977,0.33950684161482514
1978,0.3401975277507352
1979,0.3408652430640474
1980,0.3409619594000005
1981,0.34125283939279916
1982,0.34177874021045607
1983,0.3432076841141342
1984,0.3437627399503367
1985,0.3439849704601964
1986,0.34436615949495075
1987,0.3456486188056344
1988,0.34662862056554844
1989,0.34766987094213153
1990,0.348264566507694
1991,0.3481771794679626
1992,0.3482517598541399
1993,0.34935194953474713
1994,0.34992264878216983
1995,0.350501669323515
1996,0.3513062458356251
1997,0.35159238030047835
1998,0.3517125290015821
1999,0.3518898461908655
2000,0.3526758822109833
2001,0.3535179793369756
2002,0.3540499079781361
2003,0.3555608184701542
2004,0.35724893727091867
2005,0.3592852478611991
2006,0.36267953364506583
2007,0.365216336790229
2008,0.36603236124823285
2009,0.3676042684116555
2010,0.36887884236458335
2011,0.36839783746349175
2012,0.36995431599507483
2013,0.37096150436894715
2014,0.3716613193459995
2015,0.3706230623508101
2016,0.370655445479142
2017,0.37068094459377876
2018,0.3713616659108774
2019,0.37117250658466117
2020,0.37155696229641244
2021,0.37293892855694577
2022,0.3728253434836891
2023,0.3736458393355604
2024,0.3737821750352747
2025,0.3734573416339807
2026,0.37295325768917686
2027,0.37393686741052135
2028,0.37422903669340224
2029,0.37454683463483723
2030,0.37521604529309494
2031,0.3752621919074258
2032,0.37494298188139863
2033,0.3749786843854551
2034,0.3750804712687379
2035,0.37506030764535636
2036,0.3754827156686258
2037,0.3754327179401915
2038,0.3753358822685262
2039,0.3754104452480814
2040,0.3753335031831191
2041,0.3755226253012558
2042,0.3758513980335172
2043,0.37640618189216896
2044,0.37691539976417365
2045,0.3770610856221934
2046,0.3770654230175311
2047,0.3775743158110929
2048,0.3776804910315141
2049,0.37756111054881847
2050,0.3778772628788083
2051,0.37811786354116683
2052,0.37853449393474353
2053,0.37867401943068224
2054,0.3786874490548467
2055,0.37885822616971565
2056,0.3795305989162836
2057,0.37977992214033307
2058,0.37953586025487923
2059,0.3801165688137559
2060,0.38030203423677256
2061,0.3803584947275729
2062,0.38093997658011014
2063,0.3809876852638887
2064,0.38159566124859484
2065,0.3815972229940672
2066,0.38155517662262195
2067,0.3813370869156707
2068,0.3802217819659922
2069,0.3803205242371702
2070,0.38064286180381707
2071,0.38046823005636926
2072,0.3804081399922323
2073,0.38033703115738116
2074,0.3804404697204453
2075,0.3809401717113835
2076,0.3811194013245208
2077,0.3809313107098272
2078,0.38107629295535833
2079,0.38134247115982817
2080,0.3812397122694805
2081,0.380638432662886
2082,0.3805807427185271
2083,0.3805449228803982
2084,0.38067743846158286
2085,0.38065723763672565
2086,0.38076233267425696
2087,0.38090729892884734
2088,0.3809387147593102
2089,0.38068772908105003
2090,0.38092934286565705
2091,0.3809094772148028
2092,0.3810363451124906
2093,0.38126165278179647
2094,0.38132683718288707
2095,0.38123327583043876
2096,0.3814362046194286
2097,0.381371986498567
2098,0.3816203147899786
2099,0.38179041486302356
2100,0.38207220568738365
2101,0.3821468220269296
2102,0.3817345185243372
2103,0.3817249895904329
2104,0.38182204369070594
2105,0.38202647773232035
2106,0.38198547825341395
2107,0.38217119484333767
2108,0.3824570357991397
2109,0.3827516938158155
2110,0.3829071782679777
2111,0.38279333048732855
2112,0.38301646977386405
2113,0.3830790127702247
2114,0.38330540092630755
2115,0.38378513901889555
2116,0.383685753333322
2117,0.3834469104982975
2118,0.38350227475777576
2119,0.3835263557696742
2120,0.3840350385482779
2121,0.384804265110553
2122,0.38489042419017033
2123,0.3846958095018785
2124,0.3846688004191453
2125,0.38481122488158603
2126,0.3845462590862515
2127,0.38455202693324364
2128,0.3846155527555509
2129,0.3846831570880848
2130,0.38466646973151125
2131,0.38459242345177225
2132,0.38521198480281477
2133,0.3852795703141508
2134,0.3846181322598463
2135,0.3845104419340429
2136,0.38471076274033267
2137,0.3845766708548427
2138,0.3834953490585391
2139,0.3831060744838428
2140,0.38275777054110294
2141,0.3826422711881763
2142,0.3820396104396181
2143,0.3815826754617171
2144,0.3808892281396671
2145,0.38044566129861335
2146,0.3795993745986459
2147,0.3790638506287931
2148,0.3781340759805215
2149,0.37662201881558544
2150,0.3754595230885208
2151,0.3754111220958445
2152,0.37464750197927826
2153,0.37369126220118465
2154,0.3725470619679293
2155,0.37162590516222144
2156,0.3711881079680903
2157,0.3701450273235327
2158,0.36936996214198703
2159,0.36849052772681157
2160,0.36742309057577616
2161,0.36705670896559095
2162,0.3666044425999907
2163,0.36520179584391277
2164,0.36488573378881317
2165,0.364377237009071
2166,0.36409552358398667
2167,0.3636775335782044
2168,0.36300440295574987
2169,0.36244953955707937
2170,0.36191666443438447
2171,0.36101917225506985
2172,0.36100872226338254
2173,0.3603245462937411
2174,0.3599402569941397
2175,0.3591818830453649
2176,0.35745634681357863
2177,0.35689161412600257
2178,0.3559774402472401
2179,0.35496056425130607
2180,0.35474233725922594
2181,0.3541477730473924
2182,0.35258054486153795
2183,0.35150447615002156
2184,0.35005820036321683
2185,0.3491901869584962
2186,0.34788528445665434
2187,0.34727276855799566
2188,0.34684923293356085
2189,0.34581932262976856
2190,0.34464825186150216
2191,0.3433443104114039
2192,0.3419748222234698
2193,0.3414624679617103
2194,0.34040211369584983
2195,0.3390931607578883
2196,0.33771397344966236
2197,0.3358729188535638
2198,0.3339635264038038
2199,0.33239817868292454
2200,0.33103604741387105
2201,0.3294460941909211
2202,0.3279571122005235
2203,0.32670517171653257
2204,0.325207962460045
2205,0.3240201556611846
2206,0.32330438680523255
2207,0.32221777033565513
2208,0.3219829347813264
2209,0.3220219048387289
2210,0.3220473535997404
2211,0.32251128749827185
2212,0.32358124286734624
2213,0.3239819531248934
2214,0.325950628949218
2215,0.3271884643134121
2216,0.3286902515119766
2217,0.3299363919628748
2218,0.3311347774711505
2219,0.33225920480147
2220,0.33346472214362854
2221,0.3348391691769199
2222,0.33615835990400145
2223,0.3374890265573023
2224,0.3377121689608117
2225,0.3384183457344834
2226,0.33893478942952315
2227,0.3396088266014886
2228,0.3416811929211213
2229,0.3420685505076052
2230,0.3415954818168485
2231,0.3416320556996487
2232,0.3413801428422071
2233,0.34158003251786784
2234,0.34211204080519964
2235,0.34206636909080035
2236,0.34175657235181256
2237,0.3419250567514212
2238,0.34151845381630475
2239,0.3417143106195266
2240,0.3416375237997405
2241,0.34143157360268733
2242,0.3417293276400629
2243,0.34191922363604943
2244,0.3418150923855213
2245,0.34181737861611594
2246,0.3416198684564091
2247,0.34112281331755373
2248,0.34181094854785354
2249,0.341331466844833
2250,0.3418447851225792
2251,0.34238112983903046
2252,0.3424591508436735
2253,0.3421663167831992
2254,0.34199816532483474
2255,0.34189797472972555
2256,0.34255457969681796
2257,0.3434157866988475
2258,0.3436634267495867
2259,0.3433948503735905
2260,0.34348952307905206
2261,0.3443381187545401
2262,0.3441253142635035
2263,0.3450854559678961
2264,0.3454167932538371
2265,0.3448456321810527
2266,0.34484019264995625
2267,0.3451553490098444
2268,0.3449390229796728
2269,0.34427382369298054
2270,0.34447219190010026
2271,0.3444520771618026
2272,0.34425543104106093
2273,0.34421875984569317
2274,0.3446491704056782
2275,0.34354798157007316
2276,0.3437056845545107
2277,0.34353634133958266
2278,0.3437085899820239
2279,0.3437620123581725
2280,0.3432219132364086
2281,0.3432418949497358
2282,0.3429545315397896
2283,0.3424157948408044
2284,0.3429177800137263
2285,0.3426268026887529
2286,0.34254356326291213
2287,0.3411134983148082
2288,0.3410269687695463
2289,0.34084243212541115
2290,0.34063088743568826
2291,0.3410458494984051
2292,0.3402625173416761
2293,0.3402631122908614
2294,0.3398784627525623
2295,0.33890977381157483
2296,0.33803211294765667
2297,0.33790699118451273
2298,0.3375632661651484
2299,0.33716195041012476
2300,0.33626015363186523
2301,0.335965903275803
2302,0.335836824600087
2303,0.3353283077956466
2304,0.3345903115088008
2305,0.3339006596349622
2306,0.3319500723892671
2307,0.3319697699154996
2308,0.3318724629343138
2309,0.33211777389046143
2310,0.33166741954577816
2311,0.33157151998650425
2312,0.3314335274731207
2313,0.3309614448109863
2314,0.32948231024741226
2315,0.3286964417995679
2316,0.32835414626616843
2317,0.32793548058273014
2318,0.3279021250058458
2319,0.32700313624708865
2320,0.326328681144494
2321,0.32543705678358337
2322,0.3253841658177364
2323,0.3246255722777635
2324,0.32345823662035605
2325,0.32290903681067396
2326,0.32126896945794486
2327,0.3204762678334192
2328,0.32020996956509407
2329,0.3197034665826379
2330,0.31920007375789783
2331,0.3184856286452812
2332,0.3172166105734662
2333,0.3165762110085123
2334,0.3174392282582523
2335,0.31699635762622813
2336,0.3159316574227391
2337,0.31493527479370653
2338,0.3140353531997998
2339,0.31351618703375367
2340,0.314095792428315
2341,0.31350668900859835
2342,0.31229635240492404
2343,0.31233397175525557
2344,0.3115397041001838
2345,0.31109087381171047
2346,0.3104387468356829
2347,0.30986975930704774
2348,0.30810163794168444
2349,0.3078364127258244
2350,0.3062957280894356
2351,0.3049119161991337
2352,0.30665644414664595
2353,0.30601578150056985
2354,0.30589706869682376
2355,0.3053559019086497
2356,0.3057832557564796
2357,0.30655162373747447
2358,0.30461412249082387
2359,0.3038669832796676
2360,0.30398543329758376
2361,0.30285751517614146
2362,0.30342541327814715
2363,0.3037227309217949
2364,0.30187866317404516
2365,0.3011800943354539
2366,0.30168364302500855
2367,0.30066924199570466
2368,0.3010676682621392
2369,0.3006257542538614
2370,0.30016685264829035
2371,0.3000085148054429
2372,0.299382831334987
2373,0.2997363336956993
2374,0.2992795140700102
2375,0.29932133504080904
2376,0.2981522733053314
2377,0.2964360657828693
2378,0.2970624344587959
2379,0.29793735020396883
2380,0.29666500351478176
2381,0.295560380656557
2382,0.2953070869451021
2383,0.29554292548921685
2384,0.2952996665234492
2385,0.2947183698948086
2386,0.29450037880030006
2387,0.29369878684281303
2388,0.2953416336690029
2389,0.29519417108667684
2390,0.2927959018195488
2391,0.29212485430248925
2392,0.29380197305296346
2393,0.2925223317253465
2394,0.2919414597526705
2395,0.29105190001268366
2396,0.29056537119644205
2397,0.28921099556804164
2398,0.29139831921118725
2399,0.29139683263661403
2400,0.2918599687161688
2401,0.2898883682715395
2402,0.288923339585315
2403,0.28842856536110806
2404,0.2870255248197863
2405,0.28784700819974807
2406,0.289404789537762
2407,0.2890912286948749
2408,0.2879964387623841
2409,0.2885252419600621
2410,0.28821535376193175
2411,0.28737356171050543
2412,0.2859273742883123
2413,0.28318033057522557
2414,0.28353222957922997
2415,0.2852785285962238
2416,0.2846324781237327
2417,0.28466438014647366
2418,0.2849218301711965
2419,0.2836469988146756
2420,0.2815200443341266
2421,0.2811137340977702
2422,0.28032613691457137
2423,0.2797485874005715
2424,0.2806756147084015
2425,0.2775931371135203
2426,0.276981684553476
2427,0.27575893534855955
2428,0.2734147144874052
2429,0.27237811821007774
2430,0.27250673286218935
2431,0.27007577083005707
2432,0.27151817126358
2433,0.27022793081720503
2434,0.2683175485007444
2435,0.26746497908739636
2436,0.2676534545701662
2437,0.2647176626296679
2438,0.26362809101534823
2439,0.261039366776734
2440,0.2595743554821387
2441,0.25772037128529335
2442,0.2580149403261709
2443,0.26025733363161474
2444,0.2613841338094519
2445,0.2594008986756343
2446,0.2570424165973886
2447,0.2576333883975943
2448,0.2535402340202789
2449,0.25425189528057596
2450,0.252042698993067
2451,0.25349756163771386
2452,0.25597013773978305
2453,0.2558335227482872
2454,0.2567048797101496
2455,0.25632538639121605
2456,0.2542201983332515
2457,0.2506116068258111
2458,0.24975104433508483
2459,0.2491169985484097
2460,0.24959564753857086
2461,0.250912267290585
2462,0.24669501849973663
2463,0.24634676635101907
2464,0.24934068714421687
2465,0.24449255798884503
2466,0.24763427846502134
2467,0.24614387169745366
2468,0.24868858264800422
2469,0.24621375469961404
2470,0.24570902826945346
2471,0.24233711515299788
2472,0.24184799510631172
2473,0.23800432081665396
2474,0.23833999583079843
2475,0.23394592949070053
2476,0.23266331696471773
2477,0.24256197112999467
2478,0.2420300941829161
2479,0.23070166799069478
2480,0.23382958811650043
2481,0.22865665954264075
2482,0.21980609908028786
2483,0.22489477396040328
2484,0.21591979877022302
2485,0.217142555988045
2486,0.23784737122283836
2487,0.21250433593043
2488,0.21874560138925211
2489,0.20843960244789483
2490,0.1857966398044688
2491,0.20599910864072812
2492,0.22860592374730418
2493,0.2285090426998236
2494,0.2335635208719985
2495,0.22128992393583324
2496,0.20418542092430708
2497,0.21299663786888645
2498,0.2178656046558099
2499,0.22608274568515607
2500,0.2100896776133762
