Wavelength,29MAY18
350,0.036413827781995485
351,0.036470210739005866
352,0.03660035831796868
353,0.03632422409018542
354,0.03618162008980168
355,0.036520113714094304
356,0.03653985808379162
357,0.03653404346083547
358,0.036551292400357635
359,0.03620817568306977
360,0.03634893734515521
361,0.036524671376758855
362,0.03658818140435112
363,0.03662318711777937
364,0.036848551362879775
365,0.03698566358904755
366,0.03708605288651427
367,0.03707527694989862
368,0.03721951547875732
369,0.03734755074138148
370,0.0374895783767457
371,0.03762644704030313
372,0.03774706658290135
373,0.037956369783749444
374,0.03830175642224954
375,0.03853719515110745
376,0.03878402574460774
377,0.03894551059034022
378,0.039075136714084024
379,0.039397415249551114
380,0.03972379967708111
381,0.04011581878578896
382,0.04047243653595316
383,0.040781826836541975
384,0.041039459584681734
385,0.041422757379537295
386,0.041790235225556936
387,0.04214815415147645
388,0.04236686416294644
389,0.04266833616513499
390,0.043151770033326375
391,0.04361220921091309
392,0.04386945583630415
393,0.04417796003668953
394,0.04469380599978483
395,0.045179082772800555
396,0.0454701487253897
397,0.04583565693600258
398,0.046140463298172396
399,0.04635596227418698
400,0.04689100710702421
401,0.047261499023802625
402,0.04755939077832856
403,0.04800153824187647
404,0.04835412254712563
405,0.048695225168415374
406,0.049071863911689995
407,0.04960779551500723
408,0.0501092823404062
409,0.050633824541578776
410,0.051106267968020494
411,0.05157548009118569
412,0.05214437237871879
413,0.052694251828760696
414,0.05322081509951921
415,0.053608039827874335
416,0.05408401030590168
417,0.05470405916583057
418,0.0552397554783199
419,0.05575979750452092
420,0.056342864328176895
421,0.056956532313157435
422,0.057475409870447636
423,0.05805763876679355
424,0.05856018875094457
425,0.05915141902929335
426,0.059660731034221565
427,0.06043368578329512
428,0.06105482955117124
429,0.06168839670512967
430,0.062327078114126876
431,0.06296424591463427
432,0.06354570764657336
433,0.06416156509587331
434,0.06480946539229916
435,0.06547027413417011
436,0.06609338903372111
437,0.0667729695388386
438,0.0673176880562956
439,0.0677975661536486
440,0.06833547797697778
441,0.0689090058915154
442,0.06947667640947155
443,0.07001681631702679
444,0.07052810946478029
445,0.07105097695263662
446,0.07155252748035773
447,0.07204180554486604
448,0.07251277052724633
449,0.07300097280412032
450,0.0735291511307653
451,0.07398227770269616
452,0.07443658900579844
453,0.07487439740682231
454,0.07528943811047417
455,0.07568559150953023
456,0.0761157690102186
457,0.0765426088365509
458,0.07692518288581672
459,0.07729260561194891
460,0.0776703266484392
461,0.07801962609461144
462,0.07835388625256173
463,0.07872795967457043
464,0.079108380927222
465,0.07951018840026425
466,0.0799176473905168
467,0.08031052381891393
468,0.08064247963324991
469,0.08089643459219573
470,0.08128209367250686
471,0.0816468616891371
472,0.08201960658818366
473,0.08244259276114504
474,0.08280435009493126
475,0.08318664411560293
476,0.08358202977894191
477,0.08399233448903032
478,0.08438722511540435
479,0.08477470741185744
480,0.08516839595380889
481,0.08559375099073471
482,0.08601050408669406
483,0.08642287062649964
484,0.08690672905623015
485,0.08742465615606887
486,0.08793999524026017
487,0.08839357458813848
488,0.0888905152483408
489,0.08938698762522973
490,0.08993627889812446
491,0.09051493515404004
492,0.09104586667293105
493,0.0915534557624628
494,0.09206844324733426
495,0.09261410287578345
496,0.09320993044510975
497,0.0937706299982975
498,0.09428347752830296
499,0.09481476457275367
500,0.0953650323251522
501,0.09593431571501912
502,0.09650291439739682
503,0.09708495815121077
504,0.0976415198307975
505,0.0982267509895956
506,0.098778390777846
507,0.09933930625700159
508,0.09995672831027709
509,0.10057418934396534
510,0.10116263610729301
511,0.10174484865084946
512,0.10236962866381015
513,0.10301932662664628
514,0.10365972275280678
515,0.10427417575098018
516,0.10488735512300265
517,0.10550851741049194
518,0.10613131743850551
519,0.1067106952280472
520,0.10722935338782938
521,0.10781421236845695
522,0.1084544476256154
523,0.10913805120928738
524,0.10976898056903006
525,0.11041457603741019
526,0.11109679174806622
527,0.11183240298630708
528,0.1125266375331288
529,0.11317720098963205
530,0.11381910800187708
531,0.11448247717219151
532,0.1152142559171408
533,0.11590960910944867
534,0.11661333344579153
535,0.11732822309900212
536,0.11800843976853215
537,0.11865725667880923
538,0.11942145832921555
539,0.1201111501479241
540,0.12077190957910564
541,0.12145760728751409
542,0.12210676565177286
543,0.12272777562125683
544,0.12338523448932705
545,0.1240646783113179
546,0.1246899182171785
547,0.1254053882214307
548,0.1261677782576941
549,0.1269175293191522
550,0.12760877710488758
551,0.12830818294241542
552,0.12903079265441492
553,0.1297465457760128
554,0.13043764934211102
555,0.13120338141995794
556,0.13198821321860904
557,0.1327934776932796
558,0.13352148273047443
559,0.13421424890252948
560,0.1349482749400005
561,0.13566717425814048
562,0.13639187426757915
563,0.13713237294854522
564,0.13786896089451012
565,0.13859313581780774
566,0.1392799185715559
567,0.1399154053368154
568,0.14056638954179196
569,0.14120640432117212
570,0.14184297182821232
571,0.1424555348309473
572,0.143040598021702
573,0.14364756199554715
574,0.14422718848395136
575,0.14478671868649085
576,0.14531148938724503
577,0.14580024154562948
578,0.14628983803173887
579,0.14677755576058854
580,0.14726858963987943
581,0.14778831359968791
582,0.14833645728391354
583,0.14887267020550432
584,0.14935251498149033
585,0.14983784230029074
586,0.1503073944375655
587,0.1507866000061157
588,0.15127125444740952
589,0.1517462483020321
590,0.1523129287709378
591,0.15286649572041722
592,0.15336176064862536
593,0.15387796074866705
594,0.15444507017650205
595,0.15497056184428148
596,0.15539715557419365
597,0.15577256301477593
598,0.15618585913354513
599,0.15672113340536037
600,0.1572986838567047
601,0.15785735763879205
602,0.1583456997769166
603,0.15881637182074726
604,0.1591969179644891
605,0.15962038727502348
606,0.16010259505773855
607,0.16061193234471233
608,0.16109927211229746
609,0.16154360527442985
610,0.16198694275928022
611,0.16248049774387097
612,0.16294011007395542
613,0.1633892758833791
614,0.16383564539437329
615,0.16427793928381174
616,0.16471728309967348
617,0.1651507763880039
618,0.16557248093571156
619,0.1659655935320969
620,0.1663721534035961
621,0.16679324876921442
622,0.1671804910753798
623,0.16754164693035434
624,0.16785496386973048
625,0.16824307642933042
626,0.16862658478568526
627,0.1690235800361306
628,0.16939685930050058
629,0.16971435061012502
630,0.17008965992802744
631,0.17045560964550985
632,0.1707795906449343
633,0.17109881071149063
634,0.17145020836032226
635,0.1718398347762667
636,0.17221272675439714
637,0.17258552602405405
638,0.17297797886920702
639,0.17337614012099953
640,0.173742260608215
641,0.1740965492135664
642,0.17448769709086276
643,0.17489022984801064
644,0.1752080832615594
645,0.17552682415386933
646,0.17583996044852557
647,0.17617489477654408
648,0.17648038678996092
649,0.17679067854797403
650,0.17715489015314967
651,0.17749235793408763
652,0.17785715764410653
653,0.17820072512994184
654,0.1785234005751904
655,0.17895296480591522
656,0.179393213892747
657,0.17978179976736552
658,0.1800283850692485
659,0.18028291593960083
660,0.18057969624159798
661,0.18091238719234898
662,0.1812337287139032
663,0.18157405161650975
664,0.1819081434923159
665,0.18222792925145823
666,0.1825816962595719
667,0.1829272171371406
668,0.18325749649914308
669,0.1835845352375027
670,0.18393077671579106
671,0.1842854923153524
672,0.184608218763745
673,0.18495624971733998
674,0.1853224355220622
675,0.1856892119267914
676,0.18603479908332307
677,0.18638267593167962
678,0.18675189750546212
679,0.18710443531229193
680,0.1874428471880551
681,0.1878340515477338
682,0.18827824978148877
683,0.18873460700807576
684,0.18913413593388365
685,0.1895992616807446
686,0.19013123236966925
687,0.1906857640809119
688,0.19113874695123556
689,0.19166657071372645
690,0.1921125685310844
691,0.19250854749730173
692,0.19300581082151907
693,0.19356739745432633
694,0.19438305639177925
695,0.19497078616041608
696,0.19552694018118774
697,0.196094488769465
698,0.19657035881233575
699,0.19703672619553553
700,0.19765278480139956
701,0.1982441697592338
702,0.1987539705179495
703,0.19937483118969299
704,0.1998692483957159
705,0.2003644699716906
706,0.20081931688903704
707,0.20129217858521678
708,0.20177610983615313
709,0.20227418629036836
710,0.20280126552343244
711,0.20332769268259715
712,0.20384043285740966
713,0.2043009946735559
714,0.20473602842962735
715,0.2053134031188142
716,0.20594406518456948
717,0.2064577729994595
718,0.20713136045286573
719,0.2078103987228381
720,0.2082687551491218
721,0.20883226494536097
722,0.20932742473977328
723,0.20976858303343104
724,0.21015455031580554
725,0.21064608847788285
726,0.2111259728899329
727,0.21152483514144463
728,0.21189359596700186
729,0.212336980684927
730,0.21279789477885608
731,0.2132764154360725
732,0.21379548755519412
733,0.21425167270438783
734,0.21465077699663004
735,0.21504551972314212
736,0.21547347572988845
737,0.21587361217951356
738,0.2162635223947928
739,0.21672658089859032
740,0.21714819718457945
741,0.217573574309832
742,0.21806745528951943
743,0.21846733030012674
744,0.21879262661051324
745,0.21915506183422653
746,0.21964186794007798
747,0.22009434999342187
748,0.22045632539662968
749,0.22079347849299552
750,0.22122219918239902
751,0.22163828254575013
752,0.2220278179032101
753,0.2224004898110048
754,0.22274160299409307
755,0.22306472568075544
756,0.22343932627431598
757,0.2238243862867485
758,0.2240176322941505
759,0.22406895463410556
760,0.22485237482248013
761,0.2251376004275296
762,0.22538355927071146
763,0.22565993627758074
764,0.22598235063166106
765,0.22637396373932278
766,0.22667555749191398
767,0.22702075852442752
768,0.22730301857018942
769,0.2276306916882977
770,0.22794477491669823
771,0.22821417527576304
772,0.22849380421622867
773,0.2288090418833425
774,0.22912199144324388
775,0.22942346144030862
776,0.22968769126170385
777,0.22996566825674453
778,0.2302835800882549
779,0.23059930551199875
780,0.23083307312441126
781,0.23111034215182055
782,0.23140929784296516
783,0.2316819116963691
784,0.2319037093881044
785,0.23216302947205245
786,0.23243885498700095
787,0.2327561034913866
788,0.23302044361483146
789,0.23328419921976834
790,0.23355379902579942
791,0.2338309325739727
792,0.234112296518103
793,0.23435914639408503
794,0.2345928737664655
795,0.2348857601209675
796,0.23512769460049976
797,0.23534801167440494
798,0.23557738193703776
799,0.23588349313282436
800,0.23619497663455086
801,0.23647756849716267
802,0.2367142394331009
803,0.23695131702381197
804,0.23722390306437474
805,0.2375176157361204
806,0.2377945170787531
807,0.23802873144328637
808,0.2382620993638955
809,0.23855349241753274
810,0.2388046128733287
811,0.2390372232782661
812,0.23911869341449854
813,0.2391952008837181
814,0.23940006003701197
815,0.2396270030312684
816,0.2399071682014896
817,0.24016987978847992
818,0.24044566767208303
819,0.24079731138441185
820,0.24114257763616873
821,0.2413024118670269
822,0.241377594808632
823,0.2416313776839551
824,0.24199420139432387
825,0.24221135800791072
826,0.24235004350901723
827,0.24249280331669726
828,0.24269985561510218
829,0.24289513373894372
830,0.2432533084953074
831,0.24351077513200414
832,0.24367423708614777
833,0.24391935981611168
834,0.24402070524272912
835,0.24416301297158394
836,0.2444226467327097
837,0.24461367450977461
838,0.24484701491204214
839,0.245033237215887
840,0.24520946784474884
841,0.24545966102054748
842,0.2456645228648847
843,0.24582975635412724
844,0.24603076475824748
845,0.2462789741362629
846,0.24645147514203114
847,0.24656638109902457
848,0.24677382531578224
849,0.24696433017068337
850,0.24710884754099965
851,0.24728375275042264
852,0.2475752767052869
853,0.24771059206218562
854,0.24789996016271254
855,0.2481700464949058
856,0.248357466604468
857,0.24851944702518122
858,0.2487273295262752
859,0.2489483315889543
860,0.24903883636651508
861,0.24923683861175763
862,0.24946542938051433
863,0.24964425898014003
864,0.24980032866372529
865,0.24996824174091764
866,0.2501279302607301
867,0.25029144795383435
868,0.25053688239120575
869,0.25071122238227483
870,0.25088514098118164
871,0.25112244354198643
872,0.2511513315080158
873,0.2512868346337038
874,0.25150963756574907
875,0.2516839831148626
876,0.2518578636557802
877,0.2521487164010939
878,0.2524581967199053
879,0.25261659382436114
880,0.2527048751892313
881,0.2528239690912616
882,0.25307540511245785
883,0.2534367633969635
884,0.25361142071576326
885,0.2537248285464716
886,0.25388722894693216
887,0.2542086889634703
888,0.25444446478415045
889,0.25459920669916647
890,0.2547397027628082
891,0.25489377407273806
892,0.255215024268751
893,0.255257258813322
894,0.2553284566251457
895,0.2555707591963936
896,0.2556996193268567
897,0.2559107313271939
898,0.25608335641412505
899,0.2564141328008398
900,0.25654024293613376
901,0.2567113142716714
902,0.2570664245605149
903,0.2573146527704352
904,0.257548773158109
905,0.2576475570624005
906,0.2576477591771601
907,0.25788053040574993
908,0.2579074806109063
909,0.2583510610295329
910,0.25863900281925384
911,0.2586220472004028
912,0.25882653397830724
913,0.2590710883087437
914,0.2593602115554201
915,0.259556744956181
916,0.25991947552776695
917,0.2601703805491592
918,0.26025993218451837
919,0.2605151265462898
920,0.26070000991980674
921,0.2608318912189625
922,0.2610081610612688
923,0.2609906858406334
924,0.2614847370117803
925,0.261498442201595
926,0.26127649605391096
927,0.2608561565762286
928,0.26101881610304334
929,0.26059969571742464
930,0.2608195977345763
931,0.25948202778888463
932,0.2589520302202487
933,0.25924534027839174
934,0.25969362262603757
935,0.25986251225845003
936,0.2599786367272502
937,0.25962015847948894
938,0.26019648086015024
939,0.26054030859225674
940,0.2606783055458012
941,0.2608687937564883
942,0.26086994396174235
943,0.26102587411032274
944,0.2615381002877797
945,0.26163184447191645
946,0.262023113819725
947,0.2620380002547126
948,0.26280286165823885
949,0.2631214425987931
950,0.26285186116562886
951,0.26317504676440745
952,0.26336034942802444
953,0.26321638217111326
954,0.26423283401252806
955,0.2647440453545057
956,0.26439883275460696
957,0.2645072399390306
958,0.2651002794728951
959,0.26565712032067823
960,0.26587979826306096
961,0.26604715610889074
962,0.2668269236997556
963,0.2675549635927084
964,0.267698129252968
965,0.267398166756512
966,0.26724629024547764
967,0.2677574199556957
968,0.2689866117053892
969,0.26884984245379573
970,0.26882172603625387
971,0.2687265700192981
972,0.26901092260547727
973,0.2696489892305678
974,0.2700685189257258
975,0.26969161660269425
976,0.26973897515589995
977,0.2706496124030652
978,0.271249995036524
979,0.27119047410445996
980,0.2712189305102586
981,0.27169470516761507
982,0.2717610203494048
983,0.2715018728045153
984,0.2714496247587526
985,0.2724680196906488
986,0.2725522408329506
987,0.2729823720576051
988,0.27387314560379517
989,0.27332287634436847
990,0.2734072071855519
991,0.27377455574821624
992,0.27395010697968125
993,0.27442732756075816
994,0.27425299361400346
995,0.2744793392564755
996,0.27510697771679077
997,0.2749360577758604
998,0.2746939837506101
999,0.2751455735808711
1000,0.27548802742253486
1001,0.27998980385045213
1002,0.28022783454466715
1003,0.28050570391093466
1004,0.28073392631185456
1005,0.28080113303649207
1006,0.28111228369141705
1007,0.2813890654094279
1008,0.2815800661502259
1009,0.281752857168143
1010,0.28200341504047566
1011,0.2820615492985815
1012,0.2824062970534139
1013,0.28268992513163915
1014,0.28301120172658784
1015,0.2833883463214087
1016,0.2836665285604898
1017,0.2838911462451026
1018,0.28428119810054375
1019,0.2844966563863348
1020,0.28450179001806974
1021,0.28473616713306693
1022,0.2850296544928205
1023,0.285314178641522
1024,0.2857083475682038
1025,0.2859346287466734
1026,0.2859894554324156
1027,0.2862420254511925
1028,0.2865172287755562
1029,0.2866412731990383
1030,0.286838887603157
1031,0.2871855692234142
1032,0.2873900888338303
1033,0.28751810548482587
1034,0.28777067453719785
1035,0.2880537833027733
1036,0.28840008269074013
1037,0.2887973343366973
1038,0.28904195484874373
1039,0.28909869255888593
1040,0.289406023858819
1041,0.2897362341324977
1042,0.290010481185787
1043,0.29060030695546335
1044,0.29094649031830166
1045,0.2909510697407746
1046,0.2909359699435631
1047,0.29103318534474243
1048,0.2911153160822102
1049,0.2913363865555119
1050,0.2917499703160782
1051,0.2919896153673637
1052,0.2921692884899525
1053,0.2924361309083791
1054,0.2927560885646035
1055,0.29295316142611216
1056,0.29320971477875923
1057,0.2934715484226771
1058,0.29381739080748415
1059,0.2940443460906711
1060,0.29425730889801593
1061,0.2944571001974886
1062,0.2947207537246967
1063,0.2949515646259381
1064,0.29512675642562664
1065,0.29532113817772354
1066,0.29568252408189344
1067,0.29616591635193956
1068,0.29650107804824155
1069,0.29671649803709516
1070,0.2968831949043768
1071,0.29686829276259213
1072,0.29704962948167474
1073,0.29726682013495465
1074,0.2973975468737536
1075,0.2976839354394657
1076,0.29799073529054787
1077,0.2982789482696766
1078,0.298551567622134
1079,0.29892482042794666
1080,0.2989272197477833
1081,0.29922816439256295
1082,0.29924904936020347
1083,0.2994273364035954
1084,0.29976989154182
1085,0.29995941343306426
1086,0.30023566101071336
1087,0.300477710069049
1088,0.300409540097613
1089,0.3006137807169167
1090,0.3009930142028785
1091,0.3012156231096642
1092,0.3014865421710605
1093,0.30192912805535516
1094,0.3021306434993806
1095,0.3022476435240611
1096,0.3023855221477828
1097,0.30262733135044867
1098,0.30280831684759285
1099,0.30308182873488976
1100,0.3034336992572504
1101,0.30348918802443287
1102,0.30366825795236396
1103,0.30394455018321787
1104,0.30409566556707857
1105,0.30448235037417626
1106,0.3045883265809842
1107,0.3047316266809439
1108,0.3049238265923219
1109,0.3051040303962278
1110,0.3047623810392639
1111,0.30472098028858374
1112,0.3045470757286835
1113,0.3046446346906955
1114,0.30482724446947523
1115,0.3049046331409119
1116,0.3048163896580619
1117,0.30495446875243054
1118,0.30506718028446334
1119,0.3055537224173871
1120,0.30614596073874467
1121,0.3066658175370828
1122,0.30710519506150574
1123,0.3081619737859977
1124,0.3078627329104979
1125,0.30813254409376145
1126,0.3086504345632767
1127,0.30809736802976834
1128,0.3083376096398029
1129,0.3088016301315123
1130,0.30896453370549026
1131,0.30918411721687883
1132,0.3094469920789182
1133,0.3093930429237652
1134,0.3095564367528305
1135,0.3096326287695702
1136,0.30976791016848493
1137,0.3099936658566477
1138,0.31015306893521144
1139,0.31017430206617413
1140,0.3103390388246807
1141,0.31047591874263303
1142,0.31039324156415227
1143,0.3101810645295575
1144,0.3096947117941484
1145,0.30990991985874383
1146,0.31098513605590783
1147,0.3108983990582871
1148,0.3101006882995968
1149,0.3101492299975418
1150,0.3102092370431392
1151,0.31022104007871126
1152,0.31036586599978233
1153,0.3103580485151566
1154,0.3105777962011826
1155,0.3105964233717512
1156,0.3106170603850811
1157,0.3103911792802857
1158,0.3105010309340422
1159,0.31042297268725216
1160,0.3105193332045353
1161,0.31109284272638166
1162,0.3112942825900048
1163,0.3114583503653279
1164,0.3114532171569494
1165,0.3113006328775667
1166,0.31137533339216583
1167,0.3116156963448815
1168,0.31168459692780937
1169,0.3117803428609969
1170,0.3120298714467733
1171,0.3123681175546443
1172,0.3125055975345318
1173,0.31242605391656864
1174,0.3123505675130017
1175,0.31241860764464613
1176,0.3124332164439807
1177,0.31253639612335865
1178,0.3127017914501457
1179,0.3128024625613478
1180,0.31295868103369906
1181,0.3130317028220768
1182,0.31324242588714235
1183,0.3134044825040951
1184,0.31343490356625936
1185,0.31357108704099423
1186,0.3137964018978895
1187,0.31397645382740713
1188,0.31406476937846833
1189,0.3140308131198315
1190,0.31424795859061283
1191,0.31437539926430325
1192,0.3142879154578412
1193,0.31450384025992956
1194,0.3149014869070395
1195,0.31507167040076733
1196,0.3152242406216281
1197,0.3155201878823307
1198,0.3156487049896225
1199,0.3156176841258256
1200,0.3157342136799765
1201,0.3157609819179137
1202,0.315933950955813
1203,0.31612706191535717
1204,0.3162773298390189
1205,0.31656377113272827
1206,0.31676656025039374
1207,0.31691031229674943
1208,0.31709455834755107
1209,0.31728665789787136
1210,0.31743168061038396
1211,0.3175838715088468
1212,0.31786717011170773
1213,0.3181951435235335
1214,0.3183341948800343
1215,0.3185686405848185
1216,0.3188888453129747
1217,0.31909277628724875
1218,0.31919881237853653
1219,0.3194094864569146
1220,0.3196021900821395
1221,0.31981745661920163
1222,0.3201207661135774
1223,0.3204212296938972
1224,0.32069939644373213
1225,0.32096579493843913
1226,0.32120527856891234
1227,0.32144792742178574
1228,0.3217267516018676
1229,0.3219499649164871
1230,0.3221653886350042
1231,0.3223442264038745
1232,0.32258877398696306
1233,0.32290978463425735
1234,0.32315649822210624
1235,0.3232916878655373
1236,0.3234974259618752
1237,0.3237254265310664
1238,0.323960562515359
1239,0.3242946302732284
1240,0.32451366141541316
1241,0.3245439586645942
1242,0.32476548505064123
1243,0.325085936487799
1244,0.32538050451887124
1245,0.32580024769376914
1246,0.3260727918418461
1247,0.32627992015678475
1248,0.32644579336604806
1249,0.3265486195309416
1250,0.3267519725422121
1251,0.3269444793319435
1252,0.3271812200493801
1253,0.32748138902245116
1254,0.327784403351004
1255,0.3279233359721222
1256,0.3282297704181031
1257,0.3283794175966216
1258,0.3282488779556294
1259,0.32838867469505906
1260,0.32866477594740806
1261,0.3287672309631311
1262,0.3287824364158666
1263,0.328900194013387
1264,0.32914246353773025
1265,0.32941366076130857
1266,0.3295208161736436
1267,0.32960873949725944
1268,0.3296211153139746
1269,0.32969816569207544
1270,0.32999542122722625
1271,0.3301235753755073
1272,0.3304443448203383
1273,0.33073801223221755
1274,0.33088555072643716
1275,0.3309777179027128
1276,0.33112597692045337
1277,0.3313800467003374
1278,0.33150720842256437
1279,0.3316335134152635
1280,0.33173965479489015
1281,0.331761003360486
1282,0.33193142613441906
1283,0.33230310609522307
1284,0.33244357476431197
1285,0.33252955790130534
1286,0.3327045822738106
1287,0.3326588042042433
1288,0.3327674031655107
1289,0.3331672504568349
1290,0.3333001455416935
1291,0.3333193065274318
1292,0.3333452274830557
1293,0.3333650591841624
1294,0.33365801443175924
1295,0.33391273670130417
1296,0.33395868860252176
1297,0.3339919679642355
1298,0.33396972735316777
1299,0.33412579115021024
1300,0.3343692344009122
1301,0.33441053129074466
1302,0.33433947870194236
1303,0.33434450125319526
1304,0.3343568176219546
1305,0.3343450566303153
1306,0.33423720281065394
1307,0.3343278571865287
1308,0.3343459450021265
1309,0.3345204383446877
1310,0.33473383769369724
1311,0.3348706516179639
1312,0.3348983295749437
1313,0.3348732405700185
1314,0.33498535326601553
1315,0.33508628367899185
1316,0.3350449724896275
1317,0.3350302558384883
1318,0.3350007046682879
1319,0.3349360696561896
1320,0.3350991203317387
1321,0.3353147273515459
1322,0.33515877124200355
1323,0.33498117805426275
1324,0.33484059649063747
1325,0.3348699717141491
1326,0.3349667993450876
1327,0.3351636996212174
1328,0.3350094330018647
1329,0.3349333836569315
1330,0.3349858532213402
1331,0.33498829781430445
1332,0.33497357904068115
1333,0.3348522709400906
1334,0.33484220720696245
1335,0.3344829292885494
1336,0.33415839760148647
1337,0.33429586243156456
1338,0.33410211255665667
1339,0.33402765291804337
1340,0.3336841461553737
1341,0.3332997079939065
1342,0.33313869465702317
1343,0.3330930129911186
1344,0.33294507419700026
1345,0.33228261729173014
1346,0.33228675467014146
1347,0.3319649569267932
1348,0.330802314957067
1349,0.33145200186062473
1350,0.3312739872240118
1351,0.3312811075008445
1352,0.3301219727337967
1353,0.32974718589784824
1354,0.33006560068641444
1355,0.3305845270324693
1356,0.3315102427053364
1357,0.33379361526154616
1358,0.3349701572610945
1359,0.34172119514531596
1360,0.33957387659823224
1361,0.34256646691057047
1362,0.34424236182707446
1363,0.34446153816492237
1364,0.34532853154880083
1365,0.35547399158807946
1366,0.35091001060929616
1367,0.3772842617001171
1368,0.3856200455506401
1369,0.38374864069158354
1370,0.36232142564546665
1371,0.3317102137656114
1372,0.3217043443886556
1373,0.3299952083920987
1374,0.3561383799611991
1375,0.3541709681748718
1376,0.3632125550255243
1377,0.3659133421180541
1378,0.3629993846199535
1379,0.3430243102846119
1380,0.33931765479433995
1381,0.3469740039208904
1382,0.34299348923686807
1383,0.39391344553919017
1384,0.3944643559987362
1385,0.4045979210316665
1386,0.3704163931230463
1387,0.3532630614120752
1388,0.3581861159133599
1389,0.36526197763093327
1390,0.3651598653821525
1391,0.377071347657041
1392,0.3514098745134236
1393,0.3240474924323664
1394,0.3279048687961883
1395,0.3222389227227185
1396,0.3194830535969393
1397,0.3350575621306736
1398,0.3298767299332275
1399,0.33861599209955984
1400,0.33441575666876333
1401,0.34453609779708516
1402,0.330872335977631
1403,0.31870919687983934
1404,0.3178453175669682
1405,0.31076551821410536
1406,0.3035800330425308
1407,0.30082802809318976
1408,0.2970091671417011
1409,0.29157345392276446
1410,0.2911772210318784
1411,0.29159510740605143
1412,0.28783155186186005
1413,0.2875228753694829
1414,0.28608879941530707
1415,0.2870264602356539
1416,0.2879445402676878
1417,0.2863275312768022
1418,0.28604854338361096
1419,0.28615178732949387
1420,0.2851540257919894
1421,0.2842728022846427
1422,0.2847819913467078
1423,0.28586375680632137
1424,0.28548741050684373
1425,0.2858688377321536
1426,0.28615650714811247
1427,0.2863853127375593
1428,0.2856616531575933
1429,0.284941984235479
1430,0.28497236272902887
1431,0.2861102638706535
1432,0.28664429972964756
1433,0.2870677947446259
1434,0.2874163829702697
1435,0.28662904146348284
1436,0.2867861753068224
1437,0.286495601416192
1438,0.2866552356012454
1439,0.28664706978076715
1440,0.2863522812140601
1441,0.28656677192961044
1442,0.28563105703595715
1443,0.2863265637545745
1444,0.28574372805416637
1445,0.28641143776907724
1446,0.2864478043392255
1447,0.2869932667600468
1448,0.28696642595040545
1449,0.2872248977700312
1450,0.28786977433490857
1451,0.28765486635696447
1452,0.287678669589013
1453,0.28779234228950756
1454,0.2879699923590784
1455,0.28795222792866915
1456,0.28802585099067424
1457,0.2878897182282391
1458,0.2876893814929813
1459,0.287451531409165
1460,0.2869039397455029
1461,0.28712867807131104
1462,0.28705231998017894
1463,0.2877373726032006
1464,0.2881424675062763
1465,0.28828312818106494
1466,0.2885984837577717
1467,0.2885908706682876
1468,0.28891885367123193
1469,0.2889713931636422
1470,0.289049481057154
1471,0.2897983019822634
1472,0.28988002283767267
1473,0.28997956342491615
1474,0.29039923839347714
1475,0.29081101530232234
1476,0.2911959346966363
1477,0.2911540790350764
1478,0.29130323161917077
1479,0.29155959076723836
1480,0.2920613868250666
1481,0.2925154343422756
1482,0.29311279232482834
1483,0.2931485484674844
1484,0.2932252949784435
1485,0.2939586682726687
1486,0.29417731584170814
1487,0.29460976846016174
1488,0.2949912388038568
1489,0.29513580991300425
1490,0.2952027662042671
1491,0.2957164194741
1492,0.2961439558825992
1493,0.29636694136657477
1494,0.29668507271423084
1495,0.2970751619571
1496,0.2971851604810831
1497,0.2974686081834018
1498,0.29795318467209286
1499,0.29815925561084416
1500,0.29822127241206775
1501,0.298485116327621
1502,0.2987327993138126
1503,0.29894020809560873
1504,0.29951466501729185
1505,0.30002035569432783
1506,0.3002855007140667
1507,0.3006580422291446
1508,0.30094283956286183
1509,0.30117554169257515
1510,0.3015124698187576
1511,0.3020042260160729
1512,0.30232845012670434
1513,0.3027059744175
1514,0.30308417964917245
1515,0.3035318263582002
1516,0.30397308156058145
1517,0.304277646403511
1518,0.30450893970819526
1519,0.30485396826915384
1520,0.30513111094846096
1521,0.30527499365811994
1522,0.30547038297037354
1523,0.30579675529909023
1524,0.30600147226608154
1525,0.3061164150021307
1526,0.3064553899107755
1527,0.3068176791983401
1528,0.307091704490014
1529,0.30709213591157297
1530,0.3072196936497569
1531,0.3075978811603968
1532,0.307983808989047
1533,0.3081617748973673
1534,0.3081359470137747
1535,0.30818805230943835
1536,0.30854437673935464
1537,0.30877667552349264
1538,0.3089038945383962
1539,0.30906577125166185
1540,0.30931761448726536
1541,0.3094725001784132
1542,0.309591008452787
1543,0.3098641283369943
1544,0.30992361989554806
1545,0.3099785273168274
1546,0.3102714220295996
1547,0.3104168215145151
1548,0.3104786898596442
1549,0.3107553612928742
1550,0.31084977625081767
1551,0.3109057588870405
1552,0.31124761580821714
1553,0.31151860006632504
1554,0.3117776796556433
1555,0.3120527333586545
1556,0.3121669428775186
1557,0.3123284023961965
1558,0.3126160993254451
1559,0.3128695909930941
1560,0.31304282951444956
1561,0.3133433769903754
1562,0.31342491459452254
1563,0.31338278835889033
1564,0.31353623794466207
1565,0.31389971428758445
1566,0.31405559715079356
1567,0.31409951416849125
1568,0.31431920194624596
1569,0.31451510222766565
1570,0.3147267097023194
1571,0.31511057924427965
1572,0.3153523277937035
1573,0.3154025608410349
1574,0.3156426424895373
1575,0.316073756049318
1576,0.3163160028401809
1577,0.31648137756762146
1578,0.31664858988934047
1579,0.3166452762778308
1580,0.31682788416290786
1581,0.3171423430565923
1582,0.3173662370507749
1583,0.3174476735715691
1584,0.31763507919745376
1585,0.31766224481360583
1586,0.31782519129716313
1587,0.3180131128471233
1588,0.3182564339323384
1589,0.3186965436374309
1590,0.3190000763060278
1591,0.31924758942233916
1592,0.3194837818256022
1593,0.31976796057037443
1594,0.32011233594748906
1595,0.32056386405432574
1596,0.3210037561331808
1597,0.3214857980939997
1598,0.3219094760291771
1599,0.3223418016021441
1600,0.3226674188352925
1601,0.3228702404480187
1602,0.323122230709745
1603,0.32342523411159135
1604,0.32379276815504054
1605,0.32415935962532005
1606,0.324491394448692
1607,0.32475593575446066
1608,0.3250008272152623
1609,0.32510172625602574
1610,0.3252825051537733
1611,0.32552038790675975
1612,0.3257701190463609
1613,0.32603770646472213
1614,0.32636150106627293
1615,0.32675527853933173
1616,0.3271576342176912
1617,0.32742569365029883
1618,0.3277130225260545
1619,0.3280422827962278
1620,0.32825538729476933
1621,0.3286150814084136
1622,0.32883199177342737
1623,0.32896207376700426
1624,0.3292524993931858
1625,0.32967737469082203
1626,0.3300268257516319
1627,0.33043237779687556
1628,0.33068977088061025
1629,0.3307076184077776
1630,0.3307798669968831
1631,0.3308195968663472
1632,0.3310118372487938
1633,0.331464226039547
1634,0.33172136603069446
1635,0.33189576517593816
1636,0.3321103392718664
1637,0.33222885362358356
1638,0.3323887477970272
1639,0.33252314623201873
1640,0.33260434016332074
1641,0.33282312585410045
1642,0.3329827510623378
1643,0.3332433578190044
1644,0.33334629419649464
1645,0.3334121710169929
1646,0.3335002055546603
1647,0.3333901879144381
1648,0.3333844642558193
1649,0.3336176614541485
1650,0.3337341230302505
1651,0.3338673330807699
1652,0.33385828373295956
1653,0.33379089413640006
1654,0.3337887567657217
1655,0.333451740988671
1656,0.33339292773206536
1657,0.3337156118706194
1658,0.33375741965916766
1659,0.33379240305532437
1660,0.3337845134998378
1661,0.33351371889294523
1662,0.33348146091915487
1663,0.3338776318023569
1664,0.3337775209042413
1665,0.33347989237955233
1666,0.3334311782875432
1667,0.33333354209373606
1668,0.33332737749922003
1669,0.33345277981918553
1670,0.3333331103896633
1671,0.33284443254553175
1672,0.33269172771703676
1673,0.3326730563232748
1674,0.3325988883957727
1675,0.33274850915322407
1676,0.33259607974915506
1677,0.33213416371040705
1678,0.3320031381833212
1679,0.33194535027450855
1680,0.3317652497354304
1681,0.33166685413702807
1682,0.33159834369277197
1683,0.33142288551889426
1684,0.3313776823907721
1685,0.3315653937382459
1686,0.33146629050444487
1687,0.33123845416037057
1688,0.33095964199646716
1689,0.3309919862568924
1690,0.33087599985184835
1691,0.33049705140426733
1692,0.33029265648920847
1693,0.3302433830138547
1694,0.33005388790415097
1695,0.32983504950823117
1696,0.32987719708909724
1697,0.33015794255939296
1698,0.3301096826979543
1699,0.3299117002445914
1700,0.32971862069635577
1701,0.32940601283104126
1702,0.32921814604393684
1703,0.3291344062003438
1704,0.3290707632475371
1705,0.32895213711528204
1706,0.3288679704821845
1707,0.3288491996350691
1708,0.32896123737888916
1709,0.3286745286019597
1710,0.32848473107187615
1711,0.32848092666449724
1712,0.32830556728236876
1713,0.3281267887876568
1714,0.3281941737337696
1715,0.3280963086148261
1716,0.32784498376862203
1717,0.32784679459811494
1718,0.3274262499945404
1719,0.32704818940970937
1720,0.326996331578077
1721,0.3268425816252354
1722,0.32697771831039973
1723,0.3269790725532604
1724,0.32713620959154055
1725,0.32706654020524095
1726,0.326748368974656
1727,0.3265591006799155
1728,0.32623295535782576
1729,0.32623603150708014
1730,0.32665603386250086
1731,0.32674406872096073
1732,0.3266677558881461
1733,0.32671047365273026
1734,0.32726229432269166
1735,0.32744939833900033
1736,0.3275545662196681
1737,0.32760948303352394
1738,0.32753188906487896
1739,0.3275932188737898
1740,0.3276128389448691
1741,0.32756273284695203
1742,0.327789294913847
1743,0.3279344460295424
1744,0.32784023579665217
1745,0.3278125976484437
1746,0.3279034986668788
1747,0.3280133974997223
1748,0.3282369665975743
1749,0.32822828064318676
1750,0.3280201111391199
1751,0.327926198854645
1752,0.32773740846380517
1753,0.32773795674114525
1754,0.32791734346570645
1755,0.32792957794439503
1756,0.3276490012892742
1757,0.3275436536464385
1758,0.32750096062932965
1759,0.3274282660390804
1760,0.32757524897534196
1761,0.3274272970696663
1762,0.32751309461952455
1763,0.3276315090824981
1764,0.32758953757426174
1765,0.32763291820837026
1766,0.32761680577048424
1767,0.3274254558300653
1768,0.3272912106587461
1769,0.3275357049857742
1770,0.3277283162206195
1771,0.32780848357187736
1772,0.3280350365479461
1773,0.32830682845927694
1774,0.32834587432376733
1775,0.3281874737736812
1776,0.32782379580259646
1777,0.32824738191607894
1778,0.3285848967303314
1779,0.32828058459308007
1780,0.3280102491343976
1781,0.3280500958733834
1782,0.32813589802676424
1783,0.32812788107048874
1784,0.3281783708857091
1785,0.3276844220729046
1786,0.3277998741433431
1787,0.3281819796980442
1788,0.3283668645674416
1789,0.3285412563161303
1790,0.3286632845584633
1791,0.32784503494452616
1792,0.32734248792161635
1793,0.32682035167333356
1794,0.3272374691252201
1795,0.32717677046745386
1796,0.32738480901877376
1797,0.32833526249346634
1798,0.32821727555241287
1799,0.32776543323002794
1800,0.32800909268226774
1801,0.3281790475994825
1802,0.3275813902085225
1803,0.3267471257638874
1804,0.3272183895977844
1805,0.32869026492548903
1806,0.3294352715197696
1807,0.3290163229736406
1808,0.32938468479135974
1809,0.327749615344639
1810,0.329505784306644
1811,0.33043344203737385
1812,0.32747742517087586
1813,0.32676632744717704
1814,0.3276384357941458
1815,0.3294889062946388
1816,0.33898809023347165
1817,0.3399865882946791
1818,0.34032899055155363
1819,0.33454904171530164
1820,0.3260196637185514
1821,0.32700319531715205
1822,0.32983722233946877
1823,0.3483149202727202
1824,0.33463454282275407
1825,0.33263420025761936
1826,0.3030010725648947
1827,0.3087213900888881
1828,0.32986709183052554
1829,0.3271226990991511
1830,0.3419517449055463
1831,0.7403580272973487
1832,0.9172361616991281
1833,1.0720753300467396
1834,1.5223028633878988
1835,0.7587558102705964
1836,0.26536568681107026
1837,0.484513870649403
1838,0.22784049702583936
1839,0.3260334366152694
1840,0.548966530176864
1841,0.792585362674259
1842,1.3933295036792388
1843,1.329725877074549
1844,0.28479764487546266
1845,-0.4338610676846707
1846,0.3018034437328193
1847,-0.2333995470396968
1848,-0.10068617497436633
1849,0.7629201799715446
1850,0.5685039217997108
1851,0.5370516377978694
1852,0.5043915831565724
1853,0.8138670608293065
1854,1.0462091238745534
1855,0.3389859275374383
1856,0.5334959130672807
1857,0.15113761348825203
1858,0.24792598058955423
1859,0.3077218068037641
1860,0.43600713690661236
1861,0.5154858116581265
1862,0.8218087830728567
1863,0.7235970810698342
1864,0.6055168808329598
1865,0.48414382992880467
1866,0.019806237564506963
1867,-0.13070117807250903
1868,-0.5821465656121824
1869,0.7639023473755477
1870,1.105349489338977
1871,1.0770478656694902
1872,0.8924088268194388
1873,1.361812259217077
1874,1.4248706159053146
1875,0.4531627263663277
1876,0.7679515241581312
1877,0.4967126826149706
1878,0.6086683302173397
1879,0.7260307244295702
1880,0.3647816596621784
1881,0.3234917039548331
1882,0.36715560877936954
1883,0.2949186403526321
1884,0.3141210227178173
1885,0.9610022319417524
1886,0.9641786694159896
1887,0.8763089735986014
1888,0.8602366655811375
1889,0.5251294951241244
1890,0.3771717587798328
1891,0.22959690349448342
1892,0.3676900865352365
1893,0.7184780335657961
1894,0.46107132900148795
1895,0.41251431577306485
1896,0.4116341908479513
1897,0.4369794980373689
1898,0.48513161832108054
1899,0.7953090245897914
1900,0.4094448552810877
1901,0.852433830782632
1902,0.22075631582586802
1903,0.1436342702886389
1904,0.26893708612500045
1905,0.2629442423448326
1906,0.8668660574227365
1907,1.0459748112401517
1908,1.0224912254581575
1909,0.5698670450910701
1910,0.8117516559602946
1911,0.32617294314222645
1912,0.29864264108843763
1913,0.4336925606517121
1914,0.4046379796560604
1915,0.4149048878932576
1916,0.4360488770951094
1917,0.40916241394025854
1918,0.21256185652868326
1919,0.1414542657509128
1920,0.2639261657182589
1921,0.21933458400894607
1922,0.23327978164169133
1923,0.29364763471235056
1924,0.30464913805006794
1925,0.3266155694108844
1926,0.3195753688907582
1927,0.27800475917643874
1928,0.26563215496401565
1929,0.25514405794778844
1930,0.24193777434949149
1931,0.24723238790933622
1932,0.23836915708719747
1933,0.2293168617590734
1934,0.24013462195074436
1935,0.23719392505826636
1936,0.24317947063402315
1937,0.23822509920448484
1938,0.23894449512328872
1939,0.23737048643608633
1940,0.23578936233441702
1941,0.23586610346664877
1942,0.23160310572904433
1943,0.2326119395475047
1944,0.23306159568442522
1945,0.23075694744567354
1946,0.23061033826626015
1947,0.23286112978560147
1948,0.23319456138938432
1949,0.2338206528309277
1950,0.23600550694533662
1951,0.236094326082818
1952,0.23618118736528154
1953,0.23662406460354102
1954,0.2379332104788455
1955,0.23861167628927588
1956,0.23917102785382063
1957,0.23886476125695186
1958,0.23978240908359552
1959,0.2414409525884385
1960,0.24189015891061588
1961,0.24264411828979265
1962,0.24381637394849537
1963,0.2454132761810936
1964,0.24570813172711872
1965,0.24503436586531646
1966,0.24548348929024788
1967,0.24721976473070897
1968,0.24742687155005832
1969,0.24770774925492378
1970,0.24818778074007652
1971,0.24936800790695646
1972,0.2501867837838624
1973,0.250876725156542
1974,0.25208468767542197
1975,0.25231771234634626
1976,0.253358583781748
1977,0.25407415233945546
1978,0.2545043259181581
1979,0.25542614906365796
1980,0.2559230943166592
1981,0.2565210481842861
1982,0.2575237944851775
1983,0.25818022314903344
1984,0.2585957408877453
1985,0.25930462379446206
1986,0.26023218537889814
1987,0.2608740225012286
1988,0.2611175159042842
1989,0.26169000748697513
1990,0.2622821535222146
1991,0.26266824621613377
1992,0.2633983257886139
1993,0.26466968440262534
1994,0.2652168284086106
1995,0.2651491718654795
1996,0.26545060987472396
1997,0.2650373232546942
1998,0.2654030575392101
1999,0.26621245907739344
2000,0.26686350089176236
2001,0.26738755663812985
2002,0.2683581576141697
2003,0.2696238317505678
2004,0.27023048882633327
2005,0.271005495669982
2006,0.2718525566714421
2007,0.2718972804344552
2008,0.2735159697206321
2009,0.2741302458121122
2010,0.2748464515584291
2011,0.27580470813701413
2012,0.27622554168745145
2013,0.2762421687512171
2014,0.2769478288691519
2015,0.2768044855682127
2016,0.2774369561369038
2017,0.2776587797228393
2018,0.27774928277074495
2019,0.2789192737187113
2020,0.27878765397033023
2021,0.2797116961271009
2022,0.2796209038810245
2023,0.2794265785286213
2024,0.2793346419026257
2025,0.2793577050574872
2026,0.27938635277955803
2027,0.2790365590930226
2028,0.279204729101165
2029,0.27905217283124706
2030,0.2787160419668701
2031,0.27870698364028745
2032,0.2783483148148027
2033,0.2782347193469373
2034,0.27815660556918553
2035,0.2777332613489837
2036,0.27781479772610496
2037,0.2774654264378725
2038,0.27757394871295255
2039,0.2775957741407513
2040,0.2774002430293431
2041,0.27733395593558485
2042,0.27669990055416427
2043,0.2765186617623905
2044,0.27644120767260194
2045,0.2762971814551086
2046,0.275787495835201
2047,0.2753129591724246
2048,0.2751290097150836
2049,0.2745832873654482
2050,0.27412589496901574
2051,0.2740302291112249
2052,0.2738780631895894
2053,0.2735751637771368
2054,0.2737401624864256
2055,0.27350536364670863
2056,0.27300728421668663
2057,0.2729018535811353
2058,0.27200593421632474
2059,0.2720496111823103
2060,0.2711765431673216
2061,0.27086660056570044
2062,0.27163006590219646
2063,0.2716429837767529
2064,0.2715812099120043
2065,0.27165061418893804
2066,0.27181962124016035
2067,0.27177591778359633
2068,0.2715645998154515
2069,0.2713537800005648
2070,0.27112598217602046
2071,0.27096896930058656
2072,0.2708902056310445
2073,0.27008646915028245
2074,0.2696927382210206
2075,0.26988201337457324
2076,0.26984952304460963
2077,0.2698264232898235
2078,0.26976886027736363
2079,0.2693695076408531
2080,0.26922458316623055
2081,0.26893833742916473
2082,0.26881354468465507
2083,0.2687896622232422
2084,0.2688073971030697
2085,0.26919343650812366
2086,0.26949854404966067
2087,0.2692946906685538
2088,0.26913691258816896
2089,0.269128921017722
2090,0.26835315172715957
2091,0.26824903249486337
2092,0.2683342070545059
2093,0.26840563266341244
2094,0.2691412923882555
2095,0.2692321084892543
2096,0.26868828066472816
2097,0.2684577842765197
2098,0.2682816551457091
2099,0.2686693767866588
2100,0.2686102815330453
2101,0.26875771007015736
2102,0.2690667847260907
2103,0.26912075253915013
2104,0.2692405437813551
2105,0.26914282956363733
2106,0.2690992772249977
2107,0.2695031133339936
2108,0.2697310390434458
2109,0.2699765866151747
2110,0.2701341650455849
2111,0.27002627502485166
2112,0.27035014493887133
2113,0.27039292286704053
2114,0.2703041588081908
2115,0.27033884536760705
2116,0.2706787052031175
2117,0.2710043814204322
2118,0.27107069261498634
2119,0.2711939791923672
2120,0.27128425070002293
2121,0.27162247188644695
2122,0.2717278630586692
2123,0.27194645673188433
2124,0.272591693640009
2125,0.2726982427851936
2126,0.2726983529805653
2127,0.2730300059829727
2128,0.2735051586139494
2129,0.27376842526863043
2130,0.2738584589506051
2131,0.27394296141225105
2132,0.2741303112497334
2133,0.27417346329104353
2134,0.2741277841479452
2135,0.27422590081186315
2136,0.27418903921418925
2137,0.27427330504787995
2138,0.2742921409353472
2139,0.2744181180217843
2140,0.2746341230279926
2141,0.27461413501728693
2142,0.27484872008550865
2143,0.27494064579866817
2144,0.2749377834622345
2145,0.27525770051840626
2146,0.27535008346697365
2147,0.2750201870365505
2148,0.2750336648063926
2149,0.27537937937630563
2150,0.27538444698440623
2151,0.27496904615544215
2152,0.2746307132702681
2153,0.274369510277938
2154,0.2742956667425007
2155,0.2742360760060968
2156,0.2745098906769272
2157,0.2743169959987988
2158,0.27428120292118385
2159,0.27414793428450746
2160,0.27396664997206055
2161,0.2736795635875389
2162,0.2735904812322101
2163,0.2732656004381726
2164,0.2730683674327027
2165,0.2727249810418562
2166,0.272685216239595
2167,0.2724336533173094
2168,0.2723882461098471
2169,0.27224893283908247
2170,0.27182188500074256
2171,0.27160600149703124
2172,0.27138897078978774
2173,0.2710245741475038
2174,0.2709596347380567
2175,0.2709175824472321
2176,0.27099974319367215
2177,0.2709232997144767
2178,0.2707307119614707
2179,0.27015982098034513
2180,0.2699468109765867
2181,0.26946918956056864
2182,0.26940891004682477
2183,0.26941438569673504
2184,0.2691209275910962
2185,0.2683829593361088
2186,0.2681587501991589
2187,0.2679453322341455
2188,0.26732827360280376
2189,0.2671390422655918
2190,0.267014756363411
2191,0.26636365015174235
2192,0.2662809066790793
2193,0.26607934134140243
2194,0.266067559698381
2195,0.2657330963186545
2196,0.26483775729663217
2197,0.2647889337083402
2198,0.2650792121160504
2199,0.2645367349274892
2200,0.26395255255196093
2201,0.26375939994944836
2202,0.2632850420399513
2203,0.26282626670025244
2204,0.2624332061463279
2205,0.2622614771317432
2206,0.26271772213738565
2207,0.26272011526723626
2208,0.26283827161183326
2209,0.2627027622006717
2210,0.26172012724295024
2211,0.2617535482651644
2212,0.2623210650268276
2213,0.2625998025445579
2214,0.2635013465024661
2215,0.2638528488570161
2216,0.26348140611628057
2217,0.26378078240507435
2218,0.2641856496674271
2219,0.26447367620178336
2220,0.2647842531821385
2221,0.2649841608563116
2222,0.2652868080424655
2223,0.2653032148137528
2224,0.2661119392802481
2225,0.2662909130403215
2226,0.2663346924222925
2227,0.2657638825083951
2228,0.2659052403793969
2229,0.26554813496342256
2230,0.2655060275244394
2231,0.2652748014494351
2232,0.26511215251756126
2233,0.26454327008671347
2234,0.26417271926623775
2235,0.26344344405465203
2236,0.2632528474363176
2237,0.26293486652289355
2238,0.26270016380375394
2239,0.2619740248178809
2240,0.26185024057559714
2241,0.26143086121561443
2242,0.260644699535467
2243,0.26025295557352884
2244,0.2591834338568727
2245,0.25921790087647123
2246,0.2586347488853239
2247,0.2587195052206297
2248,0.25845313937403097
2249,0.25853714752849727
2250,0.2584703623137215
2251,0.2584404095438087
2252,0.25746126659281376
2253,0.25671567327008815
2254,0.2558939388828593
2255,0.25582502242525795
2256,0.255694995027112
2257,0.2552956396321638
2258,0.2548026841021781
2259,0.2544016860219697
2260,0.25452181931205475
2261,0.25411325539512275
2262,0.2539256059593
2263,0.2535576344391752
2264,0.25367662982316375
2265,0.25380056916148225
2266,0.2533742701892633
2267,0.25305279768408784
2268,0.25279995650386555
2269,0.2523744608692593
2270,0.2515428855661704
2271,0.25143079450244776
2272,0.2511884050168755
2273,0.25093389224877416
2274,0.25022595688434873
2275,0.2500615118001214
2276,0.2508628054983144
2277,0.2502426120454975
2278,0.2498057500556486
2279,0.25003493633275375
2280,0.2499606888614896
2281,0.24957424986876003
2282,0.24960404278618376
2283,0.2494730282098243
2284,0.24934822981234786
2285,0.24928001915857312
2286,0.24879862277751416
2287,0.24766211968798857
2288,0.24834780636162324
2289,0.248134235813589
2290,0.24835896481646993
2291,0.24803104611216203
2292,0.2482646973838037
2293,0.24820862206902483
2294,0.2479777006691143
2295,0.24785289412792166
2296,0.24759011271442394
2297,0.2470645104885581
2298,0.24645384626997774
2299,0.24593103852267303
2300,0.24549196180610722
2301,0.24602070587267946
2302,0.2453224165838541
2303,0.24508675340644825
2304,0.2446327196005592
2305,0.2432553461968131
2306,0.2431554782702549
2307,0.24276581866506175
2308,0.24215048988376647
2309,0.24225783853807348
2310,0.2413830703570322
2311,0.24140573449615843
2312,0.2409940097443939
2313,0.24012762666953819
2314,0.23954113088467183
2315,0.23884188809043805
2316,0.2384721302062551
2317,0.23861802324686937
2318,0.2384801669919187
2319,0.23810823538897916
2320,0.2371305969700268
2321,0.23682694919473574
2322,0.23637954096840652
2323,0.23610477028456917
2324,0.23601531990454644
2325,0.23559430104515636
2326,0.23476928622028917
2327,0.2348433272111652
2328,0.23462128980431843
2329,0.2342499058105288
2330,0.23389115935179516
2331,0.23307844254521362
2332,0.23352346441640212
2333,0.23419412942757742
2334,0.23365490504294434
2335,0.23317230069196698
2336,0.2327372448038496
2337,0.23171448484348825
2338,0.2312132542069506
2339,0.2317027910954746
2340,0.23099913392485905
2341,0.22987257447389303
2342,0.2290679505953686
2343,0.22953650785850324
2344,0.22915678685555768
2345,0.22913954649492468
2346,0.22907997281610182
2347,0.22795332674494578
2348,0.2274506133872894
2349,0.22766871937147137
2350,0.2277065229100585
2351,0.22736179389950242
2352,0.22680053261285318
2353,0.2267122501001864
2354,0.22722035717208233
2355,0.22750479030413023
2356,0.22719808785450857
2357,0.2272246758188849
2358,0.2255035999680844
2359,0.22506201655166103
2360,0.2255495827176494
2361,0.22538442567656772
2362,0.22437003209646575
2363,0.22504560590550482
2364,0.22507285743245897
2365,0.2253159680669125
2366,0.22423511183207284
2367,0.22399137362463745
2368,0.22390313827972208
2369,0.22234233686120053
2370,0.2228419834933275
2371,0.2222799531482027
2372,0.22206710769172713
2373,0.22220857580457776
2374,0.22211618634647362
2375,0.22150172534991572
2376,0.221022585082978
2377,0.2201647625606311
2378,0.22060385407825286
2379,0.21995031372820717
2380,0.2202179396495073
2381,0.21881470254550103
2382,0.22097803899698665
2383,0.2204566665848824
2384,0.2182353996426382
2385,0.2178155913650009
2386,0.21845317607577056
2387,0.21808233044349676
2388,0.21781502767771255
2389,0.21760851064158163
2390,0.21710744729818848
2391,0.2164518210252558
2392,0.2158788811279947
2393,0.21769593453406044
2394,0.21601561515689316
2395,0.21688997596061121
2396,0.215789850588469
2397,0.21536783072677523
2398,0.21408243339954627
2399,0.21412845022315885
2400,0.21467058505545625
2401,0.21371739128930084
2402,0.21349420266858504
2403,0.2136926975912295
2404,0.21407312632673675
2405,0.21460191364665204
2406,0.21315951897708502
2407,0.21304435890382262
2408,0.21107573707965283
2409,0.21074149900402772
2410,0.2125985658130165
2411,0.2123140104022623
2412,0.20909444915240244
2413,0.2089996226092667
2414,0.20972882648154248
2415,0.20813925917529458
2416,0.2070693859859642
2417,0.20683524213409654
2418,0.20524363733386047
2419,0.20412224029548592
2420,0.20262319092955988
2421,0.20319315479703812
2422,0.20122139094323727
2423,0.203374647839067
2424,0.20284357484812507
2425,0.20463009055060463
2426,0.2029135041162975
2427,0.2016136651575127
2428,0.20337674414510892
2429,0.20176654921902692
2430,0.20125874550582168
2431,0.19962224505620646
2432,0.19779625566296843
2433,0.19578185254729039
2434,0.19667728567529225
2435,0.19674921145807212
2436,0.19535457660744449
2437,0.19245497169999673
2438,0.1936292702911942
2439,0.19442898370531705
2440,0.19180434151672746
2441,0.19216298968287604
2442,0.18866471681208272
2443,0.18694423223237
2444,0.18693028690798744
2445,0.1864973900058155
2446,0.18495832770983864
2447,0.1840881296434155
2448,0.18366789485821663
2449,0.18045866954314946
2450,0.17790350726307114
2451,0.1750648557603692
2452,0.17516905970572405
2453,0.1755934118235336
2454,0.18093504196844573
2455,0.18075554130863355
2456,0.17592504533777403
2457,0.17583239496071618
2458,0.17913863141596792
2459,0.17734132163803965
2460,0.17274289904514173
2461,0.1749698216257439
2462,0.17717054736177817
2463,0.1765553440828369
2464,0.17327693125648183
2465,0.17625640269652154
2466,0.17637919641111205
2467,0.1758538946974208
2468,0.1775432235001413
2469,0.16909427392264403
2470,0.1664222290999176
2471,0.1620755028489163
2472,0.16111940328441066
2473,0.15978219705908203
2474,0.15841143935774848
2475,0.14731657038194085
2476,0.14549653205023388
2477,0.13462411556832488
2478,0.13890858508600254
2479,0.14727931187917054
2480,0.13522160426981336
2481,0.12175863857678972
2482,0.11419719492239061
2483,0.11454071018915124
2484,0.11071955082668387
2485,0.047842838928720516
2486,0.0216743522326222
2487,0.0004315684111908042
2488,-0.08258479703970849
2489,-0.18942796344487717
2490,-0.23352678108037833
2491,-0.10698066101403857
2492,-0.17848844288029764
2493,-0.22720853364579635
2494,-0.09982599536897901
2495,-0.02727052862776855
2496,0.029346482146916104
2497,0.061080312543544166
2498,0.06387866147963353
2499,-0.0005021713868460312
2500,-0.0022738276505510587
