Wavelength,29JUN18
350,0.020675
351,0.02045
352,0.020560000000000002
353,0.02058
354,0.02075
355,0.02065
356,0.0201125
357,0.02016
358,0.02052
359,0.020724999999999997
360,0.0207875
361,0.0207
362,0.020819999999999998
363,0.020900000000000002
364,0.020925000000000003
365,0.021125
366,0.02105
367,0.021125
368,0.021079999999999998
369,0.02116
370,0.021150000000000002
371,0.02095
372,0.020825
373,0.020999999999999998
374,0.02116
375,0.021599999999999998
376,0.021725
377,0.0215375
378,0.021525000000000002
379,0.0215
380,0.0215
381,0.0214125
382,0.0214
383,0.0215375
384,0.0218
385,0.02195
386,0.0221
387,0.021925
388,0.022075
389,0.0222
390,0.02234
391,0.022189999999999998
392,0.02205
393,0.022225
394,0.02255
395,0.022625
396,0.022609999999999998
397,0.022969999999999997
398,0.0232625
399,0.0233
400,0.023325
401,0.023275
402,0.023399999999999997
403,0.02342
404,0.0236
405,0.0237375
406,0.02385
407,0.023975
408,0.024059999999999998
409,0.0241
410,0.02425
411,0.024425000000000002
412,0.024599999999999997
413,0.0246875
414,0.02481
415,0.024979999999999995
416,0.02515
417,0.025349999999999998
418,0.025500000000000002
419,0.0256375
420,0.02581
421,0.02586
422,0.026025
423,0.0262
424,0.0264
425,0.02655
426,0.0267
427,0.02694
428,0.02707
429,0.027275
430,0.0274625
431,0.0277
432,0.0278625
433,0.02792
434,0.02812
435,0.0284
436,0.028525000000000002
437,0.0286
438,0.02885
439,0.028950000000000004
440,0.02919
441,0.02936
442,0.029525000000000003
443,0.029699999999999997
444,0.029774999999999996
445,0.030012499999999998
446,0.0301
447,0.030310000000000004
448,0.0305
449,0.030675
450,0.030775000000000004
451,0.030875
452,0.0310125
453,0.0311125
454,0.03124
455,0.031369999999999995
456,0.031525
457,0.031625
458,0.031625
459,0.031799999999999995
460,0.0319
461,0.03208
462,0.03216
463,0.0322375
464,0.032312499999999994
465,0.0324375
466,0.0324875
467,0.03265
468,0.03276
469,0.03283
470,0.032925
471,0.0330625
472,0.03315
473,0.03315
474,0.0332625
475,0.03336
476,0.033460000000000004
477,0.033675
478,0.033775
479,0.033812499999999995
480,0.033925
481,0.0341
482,0.0341625
483,0.034170000000000006
484,0.034199999999999994
485,0.0342875
486,0.0344125
487,0.0345875
488,0.034725
489,0.0347875
490,0.034825
491,0.03499000000000001
492,0.0352
493,0.0353
494,0.035475
495,0.035612500000000005
496,0.03572500000000001
497,0.035837499999999994
498,0.036030000000000006
499,0.036160000000000005
500,0.0363375
501,0.0364875
502,0.036725
503,0.036875000000000005
504,0.0371125
505,0.037337499999999996
506,0.037500000000000006
507,0.03784
508,0.0381125
509,0.038400000000000004
510,0.038625
511,0.03899999999999999
512,0.0392125
513,0.0395375
514,0.039874999999999994
515,0.04016
516,0.04054
517,0.040999999999999995
518,0.041425
519,0.0417625
520,0.042175000000000004
521,0.042537500000000006
522,0.042937499999999997
523,0.04340000000000001
524,0.043719999999999995
525,0.044137499999999996
526,0.04455
527,0.0449375
528,0.045325000000000004
529,0.0456875
530,0.0459625
531,0.046325000000000005
532,0.04671
533,0.047
534,0.047375
535,0.047575000000000006
536,0.0478375
537,0.048125
538,0.0483875
539,0.0486375
540,0.0489
541,0.04924
542,0.04958
543,0.0499
544,0.05015
545,0.0504
546,0.05072499999999999
547,0.05095
548,0.0512875
549,0.0515125
550,0.05178000000000001
551,0.052070000000000005
552,0.052387500000000004
553,0.052649999999999995
554,0.0529375
555,0.053075
556,0.053250000000000006
557,0.0534625
558,0.053637500000000005
559,0.053825
560,0.05402
561,0.054200000000000005
562,0.054425
563,0.05455
564,0.054712500000000004
565,0.0548
566,0.054974999999999996
567,0.055099999999999996
568,0.055137500000000006
569,0.055150000000000005
570,0.05531
571,0.05543000000000001
572,0.055525000000000005
573,0.055612499999999995
574,0.055650000000000005
575,0.055725
576,0.05589999999999999
577,0.0561
578,0.056287500000000004
579,0.05638749999999999
580,0.056609999999999994
581,0.05668
582,0.05685
583,0.0570375
584,0.0571875
585,0.057374999999999995
586,0.057550000000000004
587,0.0576375
588,0.0577375
589,0.057887499999999995
590,0.0580875
591,0.05832999999999999
592,0.0586125
593,0.0588125
594,0.059075
595,0.05925
596,0.059524999999999995
597,0.059725
598,0.06
599,0.0601625
600,0.0603625
601,0.06073
602,0.060939999999999994
603,0.061200000000000004
604,0.0613875
605,0.0616
606,0.061775
607,0.061837500000000004
608,0.062037499999999995
609,0.062150000000000004
610,0.062275
611,0.062412499999999996
612,0.0625
613,0.06275
614,0.06282000000000001
615,0.06293750000000001
616,0.0630875
617,0.063275
618,0.06342500000000001
619,0.0636
620,0.063725
621,0.063975
622,0.0641125
623,0.0643875
624,0.0645625
625,0.06477999999999999
626,0.06496249999999999
627,0.0652625
628,0.065525
629,0.0657375
630,0.0660125
631,0.0661625
632,0.06645000000000001
633,0.0666875
634,0.06691250000000001
635,0.067075
636,0.06721250000000001
637,0.06743
638,0.06756
639,0.067675
640,0.067825
641,0.0680125
642,0.068
643,0.0680125
644,0.0681625
645,0.06825
646,0.0683
647,0.06841249999999999
648,0.06846250000000001
649,0.06855
650,0.0688
651,0.06889
652,0.069
653,0.069075
654,0.069125
655,0.0693
656,0.0695125
657,0.06968750000000001
658,0.0696875
659,0.069725
660,0.069775
661,0.06991249999999999
662,0.07005
663,0.07019
664,0.07023
665,0.07023750000000001
666,0.0703375
667,0.0703
668,0.07045
669,0.07063749999999999
670,0.0708
671,0.07100000000000001
672,0.0711875
673,0.07135
674,0.0715375
675,0.07175
676,0.07201250000000001
677,0.07242
678,0.0726
679,0.072975
680,0.07335
681,0.073725
682,0.0741
683,0.074625
684,0.07505
685,0.0755875
686,0.07635
687,0.07733749999999999
688,0.078125
689,0.0789625
690,0.0799125
691,0.08101250000000002
692,0.08243
693,0.08363
694,0.085175
695,0.0865125
696,0.08758750000000001
697,0.0889375
698,0.090175
699,0.09165000000000001
700,0.09282499999999999
701,0.09441250000000001
702,0.0959625
703,0.0973125
704,0.098775
705,0.1003
706,0.10176249999999999
707,0.103125
708,0.10486000000000001
709,0.10642000000000001
710,0.10803750000000001
711,0.10944999999999999
712,0.1108875
713,0.1122
714,0.113325
715,0.11455
716,0.1157125
717,0.116625
718,0.117575
719,0.11925
720,0.12095
721,0.1221
722,0.1229625
723,0.1240875
724,0.1255125
725,0.12688
726,0.1280375
727,0.1292125
728,0.13032500000000002
729,0.13121249999999998
730,0.13224999999999998
731,0.1333125
732,0.1343375
733,0.13540000000000002
734,0.13632499999999997
735,0.13715
736,0.1380375
737,0.1386625
738,0.139275
739,0.13997500000000002
740,0.14071250000000002
741,0.141525
742,0.14234000000000002
743,0.14326
744,0.1441125
745,0.1447
746,0.1453875
747,0.1460125
748,0.14634999999999998
749,0.1466625
750,0.1471625
751,0.1474625
752,0.1479375
753,0.148175
754,0.148
755,0.14815
756,0.14850000000000002
757,0.1487625
758,0.1484
759,0.1477375
760,0.1471375
761,0.14755000000000001
762,0.14731
763,0.14855000000000002
764,0.14986249999999998
765,0.1510375
766,0.1517375
767,0.1521625
768,0.1524375
769,0.1528
770,0.1532
771,0.15368749999999998
772,0.15394999999999998
773,0.15431250000000002
774,0.1545875
775,0.1550125
776,0.15497499999999997
777,0.1550625
778,0.1553
779,0.155475
780,0.1555875
781,0.15575
782,0.15617999999999999
783,0.15681250000000002
784,0.1575125
785,0.15835
786,0.1585875
787,0.158375
788,0.15805
789,0.157525
790,0.157575
791,0.1583
792,0.159325
793,0.15965000000000001
794,0.15900000000000003
795,0.1582
796,0.15745
797,0.156825
798,0.1566625
799,0.1564125
800,0.15663749999999999
801,0.156775
802,0.1567125
803,0.15712500000000001
804,0.15755000000000002
805,0.15760000000000002
806,0.15785
807,0.15805000000000002
808,0.15805
809,0.15785
810,0.157475
811,0.1575
812,0.1573
813,0.1570125
814,0.1566875
815,0.15633750000000002
816,0.1558
817,0.15615
818,0.15725
819,0.158025
820,0.15811250000000002
821,0.15762500000000002
822,
823,
824,
825,
826,
827,
828,
829,
830,
831,
832,
833,
834,
835,
836,
837,
838,
839,
840,
841,
842,
843,
844,
845,
846,
847,
848,
849,
850,
851,
852,
853,
854,
855,
856,
857,
858,
859,
860,
861,
862,
863,
864,
865,
866,
867,
868,
869,
870,
871,
872,
873,
874,
875,
876,
877,
878,
879,
880,
881,
882,
883,
884,
885,
886,
887,
888,
889,
890,
891,
892,
893,
894,
895,
896,
897,
898,
899,
900,
901,
902,
903,
904,
905,
906,
907,
908,
909,
910,
911,
912,
913,
914,
915,
916,
917,
918,
919,
920,
921,
922,
923,
924,
925,
926,
927,
928,
929,
930,
931,
932,
933,
934,
935,
936,
937,
938,
939,
940,
941,
942,
943,
944,
945,
946,
947,
948,
949,
950,
951,
952,
953,
954,
955,
956,
957,
958,
959,
960,
961,
962,
963,
964,
965,
966,
967,
968,
969,
970,
971,
972,
973,
974,
975,
976,
977,
978,
979,
980,
981,
982,
983,
984,
985,
986,
987,
988,
989,
990,
991,
992,
993,
994,
995,
996,
997,
998,
999,
1000,
1001,
1002,
1003,
1004,
1005,
1006,
1007,
1008,
1009,
1010,
1011,
1012,
1013,
1014,
1015,
1016,
1017,
1018,
1019,
1020,
1021,
1022,
1023,
1024,
1025,
1026,
1027,
1028,
1029,
1030,
1031,
1032,
1033,
1034,
1035,
1036,
1037,
1038,
1039,
1040,
1041,
1042,
1043,
1044,
1045,
1046,
1047,
1048,
1049,
1050,
1051,
1052,
1053,
1054,
1055,
1056,
1057,
1058,
1059,
1060,
1061,
1062,
1063,
1064,
1065,
1066,
1067,
1068,
1069,
1070,
1071,
1072,
1073,
1074,
1075,
1076,
1077,
1078,
1079,
1080,
1081,
1082,
1083,
1084,
1085,
1086,
1087,
1088,
1089,
1090,
1091,
1092,
1093,
1094,
1095,
1096,
1097,
1098,
1099,
1100,
1101,
1102,
1103,
1104,
1105,
1106,
1107,
1108,
1109,
1110,
1111,
1112,
1113,
1114,
1115,
1116,
1117,
1118,
1119,
1120,
1121,
1122,
1123,
1124,
1125,
1126,
1127,
1128,
1129,
1130,
1131,
1132,
1133,
1134,
1135,
1136,
1137,
1138,
1139,
1140,
1141,
1142,
1143,
1144,
1145,
1146,
1147,
1148,
1149,
1150,
1151,
1152,
1153,
1154,
1155,
1156,
1157,
1158,
1159,
1160,
1161,
1162,
1163,
1164,
1165,
1166,
1167,
1168,
1169,
1170,
1171,
1172,
1173,
1174,
1175,
1176,
1177,
1178,
1179,
1180,
1181,
1182,
1183,
1184,
1185,
1186,
1187,
1188,
1189,
1190,
1191,
1192,
1193,
1194,
1195,
1196,
1197,
1198,
1199,
1200,
1201,
1202,
1203,
1204,
1205,
1206,
1207,
1208,
1209,
1210,
1211,
1212,
1213,
1214,
1215,
1216,
1217,
1218,
1219,
1220,
1221,
1222,
1223,
1224,
1225,
1226,
1227,
1228,
1229,
1230,
1231,
1232,
1233,
1234,
1235,
1236,
1237,
1238,
1239,
1240,
1241,
1242,
1243,
1244,
1245,
1246,
1247,
1248,
1249,
1250,
1251,
1252,
1253,
1254,
1255,
1256,
1257,
1258,
1259,
1260,
1261,
1262,
1263,
1264,
1265,
1266,
1267,
1268,
1269,
1270,
1271,
1272,
1273,
1274,
1275,
1276,
1277,
1278,
1279,
1280,
1281,
1282,
1283,
1284,
1285,
1286,
1287,
1288,
1289,
1290,
1291,
1292,
1293,
1294,
1295,
1296,
1297,
1298,
1299,
1300,
1301,
1302,
1303,
1304,
1305,
1306,
1307,
1308,
1309,
1310,
1311,
1312,
1313,
1314,
1315,
1316,
1317,
1318,
1319,
1320,
1321,
1322,
1323,
1324,
1325,
1326,
1327,
1328,
1329,
1330,
1331,
1332,
1333,
1334,
1335,
1336,
1337,
1338,
1339,
1340,
1341,
1342,
1343,
1344,
1345,
1346,
1347,
1348,
1349,
1350,
1351,
1352,
1353,
1354,
1355,
1356,
1357,
1358,
1359,
1360,
1361,
1362,
1363,
1364,
1365,
1366,
1367,
1368,
1369,
1370,
1371,
1372,
1373,
1374,
1375,
1376,
1377,
1378,
1379,
1380,
1381,
1382,
1383,
1384,
1385,
1386,
1387,
1388,
1389,
1390,
1391,
1392,
1393,
1394,
1395,
1396,
1397,
1398,
1399,
1400,
1401,
1402,
1403,
1404,
1405,
1406,
1407,
1408,
1409,
1410,
1411,
1412,
1413,
1414,
1415,
1416,
1417,
1418,
1419,
1420,
1421,
1422,
1423,
1424,
1425,
1426,
1427,
1428,
1429,
1430,
1431,
1432,
1433,
1434,
1435,
1436,
1437,
1438,
1439,
1440,
1441,
1442,
1443,
1444,
1445,
1446,
1447,
1448,
1449,
1450,
1451,
1452,
1453,
1454,
1455,
1456,
1457,
1458,
1459,
1460,
1461,
1462,
1463,
1464,
1465,
1466,
1467,
1468,
1469,
1470,
1471,
1472,
1473,
1474,
1475,
1476,
1477,
1478,
1479,
1480,
1481,
1482,
1483,
1484,
1485,
1486,
1487,
1488,
1489,
1490,
1491,
1492,
1493,
1494,
1495,
1496,
1497,
1498,
1499,
1500,
1501,
1502,
1503,
1504,
1505,
1506,
1507,
1508,
1509,
1510,
1511,
1512,
1513,
1514,
1515,
1516,
1517,
1518,
1519,
1520,
1521,
1522,
1523,
1524,
1525,
1526,
1527,
1528,
1529,
1530,
1531,
1532,
1533,
1534,
1535,
1536,
1537,
1538,
1539,
1540,
1541,
1542,
1543,
1544,
1545,
1546,
1547,
1548,
1549,
1550,
1551,
1552,
1553,
1554,
1555,
1556,
1557,
1558,
1559,
1560,
1561,
1562,
1563,
1564,
1565,
1566,
1567,
1568,
1569,
1570,
1571,
1572,
1573,
1574,
1575,
1576,
1577,
1578,
1579,
1580,
1581,
1582,
1583,
1584,
1585,
1586,
1587,
1588,
1589,
1590,
1591,
1592,
1593,
1594,
1595,
1596,
1597,
1598,
1599,
1600,
1601,
1602,
1603,
1604,
1605,
1606,
1607,
1608,
1609,
1610,
1611,
1612,
1613,
1614,
1615,
1616,
1617,
1618,
1619,
1620,
1621,
1622,
1623,
1624,
1625,
1626,
1627,
1628,
1629,
1630,
1631,
1632,
1633,
1634,
1635,
1636,
1637,
1638,
1639,
1640,
1641,
1642,
1643,
1644,
1645,
1646,
1647,
1648,
1649,
1650,
1651,
1652,
1653,
1654,
1655,
1656,
1657,
1658,
1659,
1660,
1661,
1662,
1663,
1664,
1665,
1666,
1667,
1668,
1669,
1670,
1671,
1672,
1673,
1674,
1675,
1676,
1677,
1678,
1679,
1680,
1681,
1682,
1683,
1684,
1685,
1686,
1687,
1688,
1689,
1690,
1691,
1692,
1693,
1694,
1695,
1696,
1697,
1698,
1699,
1700,
1701,
1702,
1703,
1704,
1705,
1706,
1707,
1708,
1709,
1710,
1711,
1712,
1713,
1714,
1715,
1716,
1717,
1718,
1719,
1720,
1721,
1722,
1723,
1724,
1725,
1726,
1727,
1728,
1729,
1730,
1731,
1732,
1733,
1734,
1735,
1736,
1737,
1738,
1739,
1740,
1741,
1742,
1743,
1744,
1745,
1746,
1747,
1748,
1749,
1750,
1751,
1752,
1753,
1754,
1755,
1756,
1757,
1758,
1759,
1760,
1761,
1762,
1763,
1764,
1765,
1766,
1767,
1768,
1769,
1770,
1771,
1772,
1773,
1774,
1775,
1776,
1777,
1778,
1779,
1780,
1781,
1782,
1783,
1784,
1785,
1786,
1787,
1788,
1789,
1790,
1791,
1792,
1793,
1794,
1795,
1796,
1797,
1798,
1799,
1800,
1801,
1802,
1803,
1804,
1805,
1806,
1807,
1808,
1809,
1810,
1811,
1812,
1813,
1814,
1815,
1816,
1817,
1818,
1819,
1820,
1821,
1822,
1823,
1824,
1825,
1826,
1827,
1828,
1829,
1830,
1831,
1832,
1833,
1834,
1835,
1836,
1837,
1838,
1839,
1840,
1841,
1842,
1843,
1844,
1845,
1846,
1847,
1848,
1849,
1850,
1851,
1852,
1853,
1854,
1855,
1856,
1857,
1858,
1859,
1860,
1861,
1862,
1863,
1864,
1865,
1866,
1867,
1868,
1869,
1870,
1871,
1872,
1873,
1874,
1875,
1876,
1877,
1878,
1879,
1880,
1881,
1882,
1883,
1884,
1885,
1886,
1887,
1888,
1889,
1890,
1891,
1892,
1893,
1894,
1895,
1896,
1897,
1898,
1899,
1900,
1901,
1902,
1903,
1904,
1905,
1906,
1907,
1908,
1909,
1910,
1911,
1912,
1913,
1914,
1915,
1916,
1917,
1918,
1919,
1920,
1921,
1922,
1923,
1924,
1925,
1926,
1927,
1928,
1929,
1930,
1931,
1932,
1933,
1934,
1935,
1936,
1937,
1938,
1939,
1940,
1941,
1942,
1943,
1944,
1945,
1946,
1947,
1948,
1949,
1950,
1951,
1952,
1953,
1954,
1955,
1956,
1957,
1958,
1959,
1960,
1961,
1962,
1963,
1964,
1965,
1966,
1967,
1968,
1969,
1970,
1971,
1972,
1973,
1974,
1975,
1976,
1977,
1978,
1979,
1980,
1981,
1982,
1983,
1984,
1985,
1986,
1987,
1988,
1989,
1990,
1991,
1992,
1993,
1994,
1995,
1996,
1997,
1998,
1999,
2000,
2001,
2002,
2003,
2004,
2005,
2006,
2007,
2008,
2009,
2010,
2011,
2012,
2013,
2014,
2015,
2016,
2017,
2018,
2019,
2020,
2021,
2022,
2023,
2024,
2025,
2026,
2027,
2028,
2029,
2030,
2031,
2032,
2033,
2034,
2035,
2036,
2037,
2038,
2039,
2040,
2041,
2042,
2043,
2044,
2045,
2046,
2047,
2048,
2049,
2050,
2051,
2052,
2053,
2054,
2055,
2056,
2057,
2058,
2059,
2060,
2061,
2062,
2063,
2064,
2065,
2066,
2067,
2068,
2069,
2070,
2071,
2072,
2073,
2074,
2075,
2076,
2077,
2078,
2079,
2080,
2081,
2082,
2083,
2084,
2085,
2086,
2087,
2088,
2089,
2090,
2091,
2092,
2093,
2094,
2095,
2096,
2097,
2098,
2099,
2100,
2101,
2102,
2103,
2104,
2105,
2106,
2107,
2108,
2109,
2110,
2111,
2112,
2113,
2114,
2115,
2116,
2117,
2118,
2119,
2120,
2121,
2122,
2123,
2124,
2125,
2126,
2127,
2128,
2129,
2130,
2131,
2132,
2133,
2134,
2135,
2136,
2137,
2138,
2139,
2140,
2141,
2142,
2143,
2144,
2145,
2146,
2147,
2148,
2149,
2150,
2151,
2152,
2153,
2154,
2155,
2156,
2157,
2158,
2159,
2160,
2161,
2162,
2163,
2164,
2165,
2166,
2167,
2168,
2169,
2170,
2171,
2172,
2173,
2174,
2175,
2176,
2177,
2178,
2179,
2180,
2181,
2182,
2183,
2184,
2185,
2186,
2187,
2188,
2189,
2190,
2191,
2192,
2193,
2194,
2195,
2196,
2197,
2198,
2199,
2200,
2201,
2202,
2203,
2204,
2205,
2206,
2207,
2208,
2209,
2210,
2211,
2212,
2213,
2214,
2215,
2216,
2217,
2218,
2219,
2220,
2221,
2222,
2223,
2224,
2225,
2226,
2227,
2228,
2229,
2230,
2231,
2232,
2233,
2234,
2235,
2236,
2237,
2238,
2239,
2240,
2241,
2242,
2243,
2244,
2245,
2246,
2247,
2248,
2249,
2250,
2251,
2252,
2253,
2254,
2255,
2256,
2257,
2258,
2259,
2260,
2261,
2262,
2263,
2264,
2265,
2266,
2267,
2268,
2269,
2270,
2271,
2272,
2273,
2274,
2275,
2276,
2277,
2278,
2279,
2280,
2281,
2282,
2283,
2284,
2285,
2286,
2287,
2288,
2289,
2290,
2291,
2292,
2293,
2294,
2295,
2296,
2297,
2298,
2299,
2300,
2301,
2302,
2303,
2304,
2305,
2306,
2307,
2308,
2309,
2310,
2311,
2312,
2313,
2314,
2315,
2316,
2317,
2318,
2319,
2320,
2321,
2322,
2323,
2324,
2325,
2326,
2327,
2328,
2329,
2330,
2331,
2332,
2333,
2334,
2335,
2336,
2337,
2338,
2339,
2340,
2341,
2342,
2343,
2344,
2345,
2346,
2347,
2348,
2349,
2350,
2351,
2352,
2353,
2354,
2355,
2356,
2357,
2358,
2359,
2360,
2361,
2362,
2363,
2364,
2365,
2366,
2367,
2368,
2369,
2370,
2371,
2372,
2373,
2374,
2375,
2376,
2377,
2378,
2379,
2380,
2381,
2382,
2383,
2384,
2385,
2386,
2387,
2388,
2389,
2390,
2391,
2392,
2393,
2394,
2395,
2396,
2397,
2398,
2399,
2400,
2401,
2402,
2403,
2404,
2405,
2406,
2407,
2408,
2409,
2410,
2411,
2412,
2413,
2414,
2415,
2416,
2417,
2418,
2419,
2420,
2421,
2422,
2423,
2424,
2425,
2426,
2427,
2428,
2429,
2430,
2431,
2432,
2433,
2434,
2435,
2436,
2437,
2438,
2439,
2440,
2441,
2442,
2443,
2444,
2445,
2446,
2447,
2448,
2449,
2450,
2451,
2452,
2453,
2454,
2455,
2456,
2457,
2458,
2459,
2460,
2461,
2462,
2463,
2464,
2465,
2466,
2467,
2468,
2469,
2470,
2471,
2472,
2473,
2474,
2475,
2476,
2477,
2478,
2479,
2480,
2481,
2482,
2483,
2484,
2485,
2486,
2487,
2488,
2489,
2490,
2491,
2492,
2493,
2494,
2495,
2496,
2497,
2498,
2499,
2500,
