Wavelength,17SEP18
350,0.06705251181228028
351,0.06765869383012015
352,0.0679490818260317
353,0.06817202426473475
354,0.0693860069449253
355,0.07003999941744578
356,0.07057273040790744
357,0.07107872694924589
358,0.07151997565270607
359,0.07182641144939712
360,0.07247348793808348
361,0.07303740819683749
362,0.07359752662182902
363,0.07406332906977763
364,0.0747095652352774
365,0.0752068455544669
366,0.07551702494331074
367,0.07599680874076213
368,0.07652393112457645
369,0.07712964796250958
370,0.07766378535228102
371,0.07825593512749338
372,0.07879623411587006
373,0.07946421872623877
374,0.08025415710891945
375,0.08100151056879434
376,0.08170334750644233
377,0.08245453866981803
378,0.08295344907607742
379,0.08371707756830898
380,0.0843984391860356
381,0.0849795326986998
382,0.08596297081439996
383,0.08678088516184425
384,0.08739055311340536
385,0.08806273469355302
386,0.08880299467741301
387,0.08959002493099973
388,0.09030186131435922
389,0.09106474248627483
390,0.09171101084177954
391,0.09225608353165639
392,0.09280810155277198
393,0.0934588043080921
394,0.09414474086168685
395,0.09489248409138258
396,0.09562316646346715
397,0.09620364387174762
398,0.09672880179216946
399,0.09721789268582388
400,0.0977277274054325
401,0.09816785290862148
402,0.09868586916128434
403,0.09912422066230135
404,0.09955575781930456
405,0.099958400361876
406,0.10045888516166308
407,0.1009897659499616
408,0.10149129604749031
409,0.10205238718766493
410,0.10250222426075807
411,0.10290507483021098
412,0.10339023823587648
413,0.10386807402851023
414,0.10443715768247484
415,0.10486641241854805
416,0.10526815055342238
417,0.10569887342545656
418,0.10613783066277449
419,0.1066368648622795
420,0.10709715518555517
421,0.10757868590816251
422,0.10801655686514199
423,0.10841971546143354
424,0.10884895498516761
425,0.1093309414998028
426,0.10977134922102952
427,0.1101957457880383
428,0.1106976354629723
429,0.11115243938165066
430,0.11163259357598644
431,0.11209721598623466
432,0.11246792361093716
433,0.11287444682413472
434,0.11328092248815295
435,0.11369025730737985
436,0.1141153564521597
437,0.11450997083726128
438,0.1148369122338756
439,0.11516065523741516
440,0.11551435959634929
441,0.11588490972064674
442,0.11624052985344475
443,0.11658946053168477
444,0.1169419647925264
445,0.11731541916411103
446,0.11769063883880974
447,0.11804196573089917
448,0.11840946859454185
449,0.1188031291268126
450,0.1192478489019413
451,0.11966948825241684
452,0.12007135326298989
453,0.12050034176130875
454,0.12094670824066996
455,0.1213974408880019
456,0.12181947253190764
457,0.12221393507164106
458,0.12265921635897424
459,0.12304510841670123
460,0.12343076486623869
461,0.12380592572186083
462,0.12417417777873614
463,0.12454657726909112
464,0.12490005784518297
465,0.1252860325850566
466,0.12562002127038377
467,0.12593391434135182
468,0.1262212752671617
469,0.12652383115564464
470,0.1268357469338944
471,0.12713439341710353
472,0.12744598027458903
473,0.12778375734072822
474,0.12808227477488132
475,0.1283685952547217
476,0.12868320020597668
477,0.12896766464607665
478,0.12926805397533192
479,0.12956716387218953
480,0.12986349940482617
481,0.13015729097809203
482,0.13045762613099587
483,0.13079292655442737
484,0.13111725687585538
485,0.1314316322325702
486,0.13174531813064694
487,0.13203246551074593
488,0.13235712142554357
489,0.13268503448469163
490,0.13300169065553005
491,0.13330848793982147
492,0.13358558714950078
493,0.13385559302427016
494,0.13414718246649737
495,0.13445994147820844
496,0.134766689257066
497,0.13506709011084672
498,0.13535216823132842
499,0.1355936332287145
500,0.13589510664098955
501,0.13622954363580575
502,0.13653752788034898
503,0.1368088792788467
504,0.13711292160859548
505,0.13744814728053023
506,0.13773869665527025
507,0.1380087256233976
508,0.1382892506136951
509,0.13856993408638726
510,0.13887563134581488
511,0.13916744828148586
512,0.1394594171830628
513,0.1397479189845559
514,0.14002541330887816
515,0.14034683553239632
516,0.14067789139304485
517,0.1409646896303406
518,0.14129937914083895
519,0.14162492596588452
520,0.1419276012977443
521,0.1421769680576702
522,0.14246603193096055
523,0.1427397837692453
524,0.142994590757458
525,0.143317291075638
526,0.14361593561196354
527,0.1439033995389959
528,0.14417580507597946
529,0.14446277090962073
530,0.14475420276211062
531,0.1450323092350141
532,0.14531697818365713
533,0.14557159747514956
534,0.14584455085350445
535,0.1461418412100908
536,0.1463925343649664
537,0.14665584266439613
538,0.1469149304973322
539,0.14716172983961828
540,0.1474334594230913
541,0.14769158537351446
542,0.14794771325905529
543,0.14818498623825108
544,0.1484260723582578
545,0.1486571955676752
546,0.148901727186057
547,0.14915214539359847
548,0.14939402216526912
549,0.14963382260574554
550,0.14987734953152565
551,0.15011670643115888
552,0.15036554332042598
553,0.15059399815437788
554,0.15081791211549736
555,0.15104546493722437
556,0.15128178878542775
557,0.1515376707172775
558,0.15180207057344397
559,0.15204416067392537
560,0.1522850686734017
561,0.15254140455785983
562,0.15276972562792973
563,0.1529845909927891
564,0.15315342339437998
565,0.1532907764185681
566,0.15343906525858242
567,0.1536184177574651
568,0.15380762243228682
569,0.15398873749435482
570,0.1541702697449113
571,0.1543494723250683
572,0.15451145600555438
573,0.15466487544146204
574,0.15483388081350613
575,0.1550030279751356
576,0.15520389113248037
577,0.1554001584508987
578,0.15560780316409256
579,0.15582654267955487
580,0.15602840275904672
581,0.15620438468530115
582,0.15638414011853113
583,0.15654767690935514
584,0.15673994942278924
585,0.1569306008124225
586,0.15711033152608658
587,0.15730324361395912
588,0.15749859721573098
589,0.15768227125454476
590,0.15785594318183122
591,0.15801649095204465
592,0.15816733422297774
593,0.15832469140034885
594,0.15847238282099266
595,0.15867324861837998
596,0.15888549513163774
597,0.159060634995132
598,0.1592393960547303
599,0.15940026071097094
600,0.15957852797924074
601,0.15977218106976676
602,0.15994096208946926
603,0.1600911469742142
604,0.16025490376442275
605,0.1604452422892963
606,0.16062108118588814
607,0.16079360687963806
608,0.1609587122941038
609,0.16111127291395752
610,0.16128973085458798
611,0.16148927264069332
612,0.1616939604876463
613,0.1618715094676229
614,0.1620548308046279
615,0.16224676278840364
616,0.1624358119851529
617,0.1626330991843778
618,0.16281246886542014
619,0.16297789706388707
620,0.16317583774140892
621,0.16335927411078008
622,0.16354128417940486
623,0.16374783753372393
624,0.16394034862334403
625,0.16414346482218445
626,0.16435503336402874
627,0.16456589472369876
628,0.16477966532674657
629,0.16498293575904194
630,0.1651866804076482
631,0.1653742723970475
632,0.16556418374203918
633,0.1657668996366617
634,0.16597580697042683
635,0.16617231238658628
636,0.16636343649721322
637,0.16656369706697768
638,0.16679284578164452
639,0.16698881254356077
640,0.16720035933782001
641,0.16744191813025958
642,0.16762490571892041
643,0.167849851814907
644,0.16810169000674308
645,0.16833062376902133
646,0.16854156855381094
647,0.1687413365889234
648,0.1689486116267203
649,0.1691851631310043
650,0.1693976721920665
651,0.169603349105479
652,0.16981299010508474
653,0.17000496371266305
654,0.17021474147084464
655,0.17042313978177606
656,0.17061023580053852
657,0.17083981168598736
658,0.17105106794367597
659,0.1712434637600814
660,0.1714608799793246
661,0.1716563110034779
662,0.17187373798470698
663,0.17213573065983573
664,0.1723580521894502
665,0.1725604513963595
666,0.17277906704639187
667,0.17302373783549313
668,0.17325434637617382
669,0.17348099294703673
670,0.1737104117971157
671,0.17395444317988454
672,0.17418399903664403
673,0.17440697700131383
674,0.17463369513367785
675,0.17487533267288968
676,0.1750950878884653
677,0.17531566429276169
678,0.1755831754505332
679,0.1758190853341596
680,0.17604865558108865
681,0.17627630884749124
682,0.17651480597160252
683,0.1767836499547131
684,0.17704853627277245
685,0.17728302187146225
686,0.17750457692927146
687,0.17775772274505092
688,0.17804418798029398
689,0.17831459796389382
690,0.17857553402448872
691,0.1788296125953777
692,0.17907344865539837
693,0.1793250801367253
694,0.17959176804544816
695,0.17985013332586178
696,0.1800847582953382
697,0.18034352305730164
698,0.18060236925086456
699,0.18085911063171148
700,0.1811194294450724
701,0.18145507472095138
702,0.18173164220597643
703,0.18200606979040906
704,0.18228808250857892
705,0.18258217370076976
706,0.18287870853632848
707,0.18316458079640552
708,0.18345959320794747
709,0.1837558081770446
710,0.1840394070642106
711,0.1843006385065864
712,0.18463311549335093
713,0.18496142389002013
714,0.18526886080126395
715,0.18559475441987777
716,0.18589891103126743
717,0.1862105511007265
718,0.1864593437128789
719,0.1866875537425401
720,0.1870254855440473
721,0.1874091953859273
722,0.1876914109373334
723,0.1879678685024223
724,0.18817404889877304
725,0.18843526776248412
726,0.18871477786437418
727,0.18899472851979812
728,0.18927752107733506
729,0.18956590512717317
730,0.1898641231294387
731,0.19018678648508003
732,0.19052866202790186
733,0.19087357372177363
734,0.19114120789836453
735,0.1913969523373932
736,0.19166596309448058
737,0.19193866708930707
738,0.19219512952524656
739,0.19248434278301674
740,0.19279232967038423
741,0.1930491830699701
742,0.19331376067548212
743,0.19360104174563048
744,0.1938663117466222
745,0.1941553399873539
746,0.19444087791275935
747,0.19468439191000583
748,0.19496568610238477
749,0.19521935748471309
750,0.19548649594319653
751,0.1957711648911717
752,0.1960263586277804
753,0.19630288852959216
754,0.19657564573529906
755,0.19681139946767204
756,0.19707304500498765
757,0.1973528750576878
758,0.19761153415794908
759,0.19781663405961125
760,0.1981352737621633
761,0.19846612653763362
762,0.19884345988309912
763,0.19902274503166772
764,0.1993034952793614
765,0.19959975943268046
766,0.1998396507508964
767,0.20004787440308622
768,0.20029320315214982
769,0.2005674889134847
770,0.2008260419007908
771,0.20109536592817842
772,0.20136422806119278
773,0.20162903897866613
774,0.2018964954804679
775,0.20214149710982154
776,0.20238931657746154
777,0.20265566750029457
778,0.20294338412443602
779,0.20321509587911557
780,0.2034830238433969
781,0.2037734579998481
782,0.20410131291155392
783,0.2043858296614169
784,0.2046502288816899
785,0.20495397374333513
786,0.20523395980927278
787,0.20552665770123607
788,0.20583543411328015
789,0.20610295815918042
790,0.206417382203485
791,0.20672801687271009
792,0.20699400992842323
793,0.20728520279068324
794,0.20755836004487263
795,0.20782272313036682
796,0.20809106746011166
797,0.20834019080588498
798,0.20861147685269413
799,0.2089001725830033
800,0.2091832026742235
801,0.2094759490248467
802,0.20972985297107882
803,0.20996146591468617
804,0.21020099613207152
805,0.21046982128932817
806,0.21072469894123544
807,0.2109412001761531
808,0.21116837426521173
809,0.21139542493169294
810,0.2116277287661133
811,0.21186164776739067
812,0.21208160103563997
813,0.2123072982980827
814,0.21247278677018788
815,0.21267426157947716
816,0.21290331063946652
817,0.21316158102263802
818,0.21342200493144672
819,0.2136623192461605
820,0.21395765692118035
821,0.21419339516808347
822,0.21440354015970822
823,0.21460086410676793
824,0.2148282720337194
825,0.21506547762087866
826,0.21529724202941145
827,0.2154944197054015
828,0.21570970521539617
829,0.21593929436273382
830,0.21614993422446724
831,0.2163459318163504
832,0.216578432222135
833,0.21685895893930487
834,0.21709310348188215
835,0.21730837023295066
836,0.2175303261854511
837,0.21776857724510165
838,0.21796802770376883
839,0.2181809996431453
840,0.21840410451676645
841,0.21859884801212823
842,0.21881073753740307
843,0.21903638736445857
844,0.21922556464894782
845,0.21937130374058125
846,0.21957245127823086
847,0.219784891524727
848,0.21998721483510383
849,0.22017097746041245
850,0.2203592404138412
851,0.22053435490309656
852,0.22069777894597747
853,0.22089068713217636
854,0.2210954063316397
855,0.221313307021474
856,0.2215268793990258
857,0.2216715358972166
858,0.22184637842053878
859,0.2220392736507321
860,0.22223789029848487
861,0.2224151758121847
862,0.22262127270262427
863,0.22280994223774658
864,0.22294342679145135
865,0.22310714641764218
866,0.22330038690927398
867,0.22348492600935568
868,0.22362499722816104
869,0.22387741564031755
870,0.22405924860017237
871,0.22418919214978547
872,0.22437859670034638
873,0.22457346341234796
874,0.22475394498668505
875,0.2249164833054387
876,0.22508449144968568
877,0.22533427615194562
878,0.22555651984016467
879,0.2257333369111328
880,0.22591833896418106
881,0.22607795473523423
882,0.22624238814408495
883,0.22644013453485495
884,0.2266373297260115
885,0.22682786651653597
886,0.22700138457008914
887,0.22723904417896446
888,0.2274258817355016
889,0.2276035880172942
890,0.22776353689967874
891,0.22790771049957345
892,0.228033815181445
893,0.22813560751990408
894,0.22831373266057273
895,0.22853927384362754
896,0.22877025293023384
897,0.2290635286385754
898,0.22926413610090368
899,0.22935639305869618
900,0.2296128225958734
901,0.22980798117081205
902,0.23001260291891043
903,0.23029087412818106
904,0.23045438208853158
905,0.23056489010754505
906,0.23073529533043713
907,0.23098291055596332
908,0.23110947772173712
909,0.2313245302015913
910,0.23144727894669864
911,0.2315711003826913
912,0.23180996387795813
913,0.23207476309748895
914,0.2323422631622094
915,0.23258752527968177
916,0.2327119315748316
917,0.23293356021400788
918,0.23316941573148453
919,0.23324573521291506
920,0.23340458415686682
921,0.23360849341639606
922,0.23380624045339501
923,0.23404092690859812
924,0.2341669349590017
925,0.23436376144528973
926,0.23448468145436535
927,0.23466894212698525
928,0.2346414142843327
929,0.23468908519066056
930,0.23480438805603748
931,0.23488021489278832
932,0.23502786685086605
933,0.2352415040707499
934,0.23545502330481835
935,0.23562910363536452
936,0.235700139748611
937,0.2358542077499898
938,0.23619525803414976
939,0.23652102871226413
940,0.23674731853202835
941,0.2368565381617227
942,0.23701257537664902
943,0.23729107404373936
944,0.2373597562547912
945,0.23755369233147233
946,0.23779507899089125
947,0.2378917280118336
948,0.23816352270619934
949,0.238241894593624
950,0.23840941767944437
951,0.23867460225055118
952,0.2387588055707305
953,0.23895586584293318
954,0.2391294426573991
955,0.23933339336082673
956,0.23956586572531088
957,0.23969148353890013
958,0.23997119647392678
959,0.23993502136521686
960,0.24019965896176834
961,0.24041583796209656
962,0.2407276695228835
963,0.24121581657101868
964,0.24129870363394165
965,0.24151652318388475
966,0.2419148892003235
967,0.2418425642542254
968,0.24186136629074215
969,0.24214897127430923
970,0.24251704301325938
971,0.24277438762809941
972,0.24300242514232112
973,0.24320373016037808
974,0.24323467612828464
975,0.24342028224648146
976,0.24340173591552555
977,0.24374020328705526
978,0.24382750088638894
979,0.24412845327853147
980,0.24437437378074578
981,0.24472210210114212
982,0.24488797189489442
983,0.24506319915027971
984,0.2451495425624134
985,0.24536852147963034
986,0.24540892911752268
987,0.24575635245013042
988,0.24594831372824824
989,0.24608842347989124
990,0.24608547647752904
991,0.2463727746624663
992,0.24640249399950512
993,0.2468742071173047
994,0.24692105245881646
995,0.24690452851451072
996,0.24708522751348472
997,0.24723390671376116
998,0.24728476526454712
999,0.24706797148519913
1000,0.24762819144871037
1001,0.25127176486993436
1002,0.2514243081478754
1003,0.2516213861308334
1004,0.2517775303338428
1005,0.2518850567168442
1006,0.2520482071719033
1007,0.25219900972342874
1008,0.2523676984948764
1009,0.2525040172451725
1010,0.25269804541934937
1011,0.2528477527575871
1012,0.2530229935823712
1013,0.25323596718506464
1014,0.2534113085848583
1015,0.253530379793541
1016,0.25377492684103686
1017,0.25398424447638523
1018,0.2541681749204759
1019,0.254402322088798
1020,0.2545189429841349
1021,0.25461501530646435
1022,0.2547698798147797
1023,0.25497559563879607
1024,0.2552026930287156
1025,0.25541045069610124
1026,0.25558871378889136
1027,0.2557755143483082
1028,0.2558754120812526
1029,0.25602154803148514
1030,0.25618951602735823
1031,0.2563831742990548
1032,0.25661121287608957
1033,0.25682441311225834
1034,0.2570132370963803
1035,0.25712970274833735
1036,0.2573256693702178
1037,0.2575323011024667
1038,0.2576876512108999
1039,0.25786544741368744
1040,0.2580552818612256
1041,0.25823310028655583
1042,0.2583975021339891
1043,0.25855290623790705
1044,0.2586909910351508
1045,0.25888324376626415
1046,0.25903751571368244
1047,0.25917019575762784
1048,0.2593416092911021
1049,0.2594589656136424
1050,0.25965545801666357
1051,0.259853680763139
1052,0.25996052219462557
1053,0.2601017625612905
1054,0.2602733482068218
1055,0.2604148820720644
1056,0.26057349202244046
1057,0.2607296055867497
1058,0.2609131486035857
1059,0.261075351878336
1060,0.26123958351038623
1061,0.2614173979280989
1062,0.2615483837750691
1063,0.26164099134245467
1064,0.26180764588429667
1065,0.2619598070078598
1066,0.26207435682858565
1067,0.26220410445601977
1068,0.2623803011067545
1069,0.26252933617829827
1070,0.2626644421028354
1071,0.262821850972254
1072,0.26293784349224836
1073,0.26305353139101334
1074,0.2631919475244177
1075,0.2633644918542248
1076,0.26354136892343993
1077,0.2636974735338704
1078,0.2638380052234136
1079,0.2640068606452988
1080,0.26417000538693414
1081,0.26437014867330527
1082,0.26452908486075527
1083,0.26469986963974973
1084,0.2648833912742943
1085,0.2650223420918776
1086,0.26518105546174053
1087,0.2653456120129237
1088,0.26549760313686194
1089,0.26562211050684426
1090,0.26577392224244506
1091,0.26583927037057964
1092,0.26597445096913613
1093,0.26607816822297964
1094,0.266213258519719
1095,0.2663158754962408
1096,0.26641763810173785
1097,0.26658831979733155
1098,0.26678701249659204
1099,0.2669611394345807
1100,0.267118348543122
1101,0.26725515403133443
1102,0.26738439765165173
1103,0.2675055450521428
1104,0.26761656367552145
1105,0.26770637971535594
1106,0.2678489070873327
1107,0.26798573556980343
1108,0.2681217369666029
1109,0.2683280259716716
1110,0.2685719183638211
1111,0.26873552234075915
1112,0.2688634941129216
1113,0.26889323068440624
1114,0.268967706029416
1115,0.2691260626166875
1116,0.26937027782443507
1117,0.26968210380601015
1118,0.26997116313125613
1119,0.2702522100780353
1120,0.2705184770705284
1121,0.27061879596542465
1122,0.27080351183757967
1123,0.2710753208904696
1124,0.27125542149971593
1125,0.27142327353872897
1126,0.27154828878063336
1127,0.27168598899761776
1128,0.27185356946966877
1129,0.27200519420382235
1130,0.27227613926905403
1131,0.2723835246707307
1132,0.2724639311805418
1133,0.27260457725471565
1134,0.27272611427240656
1135,0.27283107807379003
1136,0.2728708369070511
1137,0.2729066832665734
1138,0.27289910782690163
1139,0.2729626245383586
1140,0.2730610475061378
1141,0.273241563945633
1142,0.2734249035863864
1143,0.27365976817153986
1144,0.2739123446697497
1145,0.2740451466929325
1146,0.27403749680391076
1147,0.27413825476148657
1148,0.2742718200513488
1149,0.27431127847960823
1150,0.2744167641210008
1151,0.2744822375563176
1152,0.27457561529154645
1153,0.2746475350183366
1154,0.27489092866746756
1155,0.2751342339288112
1156,0.27524972945993653
1157,0.27548055068411975
1158,0.27571920403192135
1159,0.27589242599609703
1160,0.27610462100760497
1161,0.2763040202557938
1162,0.2765105735813878
1163,0.27669262191034766
1164,0.27683701958873536
1165,0.2769055071467819
1166,0.27702607193511375
1167,0.2771540930988131
1168,0.27732389123720086
1169,0.27748434589252946
1170,0.27766697860482514
1171,0.27780421516932613
1172,0.27791104846460807
1173,0.27804431741179736
1174,0.278183177163216
1175,0.2783191735016426
1176,0.2784562145035041
1177,0.278610700815527
1178,0.2787443718465929
1179,0.27892411191767363
1180,0.2790939488650944
1181,0.27926949383926386
1182,0.27946983778463413
1183,0.27966581001023816
1184,0.27984011729546826
1185,0.27998175596902913
1186,0.28012325853559394
1187,0.2803042717904532
1188,0.28045280659479627
1189,0.2805852818574577
1190,0.2807286594272057
1191,0.28090492248731014
1192,0.28104630503971373
1193,0.2811872033511088
1194,0.2813209565069837
1195,0.28146322866954265
1196,0.28158983653325986
1197,0.2817097032226546
1198,0.28184672334638133
1199,0.281991242868271
1200,0.28213231490022755
1201,0.2822600081486112
1202,0.2824206617306691
1203,0.2825789672350561
1204,0.2827430156659409
1205,0.2829186818331591
1206,0.2830987195861009
1207,0.28328965145468965
1208,0.28350845818269993
1209,0.2837161573264276
1210,0.2839646672726336
1211,0.28416263769164263
1212,0.2842937589254695
1213,0.28445161852062917
1214,0.28462800388669746
1215,0.28481189851652394
1216,0.28498564591627035
1217,0.28516082306389884
1218,0.2853259075709153
1219,0.28552158709814157
1220,0.28568265302025525
1221,0.28585606157233956
1222,0.2860465990462804
1223,0.28621772416465746
1224,0.28639045981858546
1225,0.28659681045946284
1226,0.2867746485134868
1227,0.28692870503468687
1228,0.2871050565466627
1229,0.2872787295710517
1230,0.28745560267627857
1231,0.2876491973924638
1232,0.2878269056329338
1233,0.2879931157102251
1234,0.28816389144253746
1235,0.28832422820929066
1236,0.2884914375245818
1237,0.28868051937921996
1238,0.2888414027248414
1239,0.28901006514886796
1240,0.2891723887644154
1241,0.28937118883364543
1242,0.28960879065421297
1243,0.2897894081265428
1244,0.2899835003907585
1245,0.29016901552321284
1246,0.29036804856988757
1247,0.290536922435013
1248,0.2907072163514753
1249,0.2909016059564286
1250,0.29107000896116053
1251,0.29124757208592655
1252,0.29141642867964596
1253,0.2916037742621672
1254,0.29176629235408097
1255,0.29193743136451417
1256,0.2920922305979865
1257,0.2922846831004095
1258,0.29244506102184636
1259,0.29259919181871924
1260,0.29280371583206694
1261,0.2929951691645149
1262,0.29315951897311954
1263,0.29332900491787794
1264,0.29347364638654366
1265,0.29371827182389515
1266,0.29393628932845234
1267,0.294159775160813
1268,0.29435245340570954
1269,0.29449363962437425
1270,0.2946650521350758
1271,0.2947897771821297
1272,0.2949512859807442
1273,0.2951060227662008
1274,0.29529044976730295
1275,0.2954957313847877
1276,0.2956732312377904
1277,0.2958474843606299
1278,0.2960254505179295
1279,0.29619363280832217
1280,0.29634989184614347
1281,0.29651656683647687
1282,0.2967291537004586
1283,0.2968605759824438
1284,0.29696316551919655
1285,0.297086316609165
1286,0.2972317624578359
1287,0.2973602222529601
1288,0.2975005703687329
1289,0.2976224675274369
1290,0.29773420216490426
1291,0.2978547374109727
1292,0.2979846184182588
1293,0.2981083578848545
1294,0.2982207913646615
1295,0.29833644541532756
1296,0.29846420584610694
1297,0.29859850733603377
1298,0.29877189251267056
1299,0.29895519490121547
1300,0.29919657638128966
1301,0.2993168666424206
1302,0.29944615431143495
1303,0.29962214780645413
1304,0.29983412372394463
1305,0.29998098820000485
1306,0.300045423487655
1307,0.30007388976810273
1308,0.30017373108283135
1309,0.3002996389195381
1310,0.3004375043381066
1311,0.3006059324819022
1312,0.30076491698731816
1313,0.3008665209730385
1314,0.3010039176029026
1315,0.30114361020732633
1316,0.3012759474253851
1317,0.3014348281489478
1318,0.301587958550278
1319,0.3017092881540473
1320,0.30186366635411155
1321,0.3020462819531708
1322,0.30220797234632873
1323,0.30235243862859285
1324,0.30251285458406024
1325,0.30257866371300657
1326,0.30262695522190386
1327,0.302634246604903
1328,0.3026616174542731
1329,0.30281034558081904
1330,0.303009456284613
1331,0.3031923587855814
1332,0.30339890397283675
1333,0.30355580671029353
1334,0.30368083709732246
1335,0.3038309240412201
1336,0.30398037037417514
1337,0.3041209409349629
1338,0.3042866378733485
1339,0.3044211115860063
1340,0.30456360205850114
1341,0.3047647340123941
1342,0.30488266301775424
1343,0.30505300010767006
1344,0.304986603166789
1345,0.30487195880406676
1346,0.30484014516311225
1347,0.3050951250927346
1348,0.3053042984739064
1349,0.30521893537968164
1350,0.3050229764090025
1351,0.3052769393838306
1352,0.3054160546811606
1353,0.30555118388972174
1354,0.3054028508938936
1355,0.30536032350617986
1356,0.30574784721606757
1357,0.3055625246231342
1358,0.3052381596213023
1359,0.3050333006999978
1360,0.30466070243642995
1361,0.30398346881516836
1362,0.3049934199356618
1363,0.3053631522064217
1364,0.3062001778790519
1365,0.3061984219853246
1366,0.30678859301255484
1367,0.30652077711909603
1368,0.3066386675780993
1369,0.3065344847512797
1370,0.3066257288444634
1371,0.307370957482786
1372,0.307015478735436
1373,0.3062501600528944
1374,0.3060781865972963
1375,0.3058436199057517
1376,0.3059130435051243
1377,0.30611480374687333
1378,0.30597827257713517
1379,0.30593473120144193
1380,0.30521310517845607
1381,0.30495200926951566
1382,0.3043421181407824
1383,0.3038820399282905
1384,0.30251480881079174
1385,0.30190814325051
1386,0.3015106930141075
1387,0.3014240481529627
1388,0.30100576062768236
1389,0.30070135395383746
1390,0.30030605314426456
1391,0.29995520083955435
1392,0.2991870881766221
1393,0.2985316892348596
1394,0.2978910852230084
1395,0.29747666709307774
1396,0.29700282298862
1397,0.29629705331689965
1398,0.2950145651214024
1399,0.2941672035472855
1400,0.29359748839172206
1401,0.2928828326595165
1402,0.29244075553452165
1403,0.2917693273375231
1404,0.29122987613146434
1405,0.29045132232740906
1406,0.2891650790897337
1407,0.28842998517368734
1408,0.2876064125881541
1409,0.28702950705920266
1410,0.28663669883050064
1411,0.28652835022051115
1412,0.2859152303210874
1413,0.2860139683687536
1414,0.28618260133633233
1415,0.2865538111668745
1416,0.28711575662304145
1417,0.2877736820498591
1418,0.28840398717215127
1419,0.28917869742756475
1420,0.28998531421260054
1421,0.2907634389148481
1422,0.2914121705072359
1423,0.2921259755372217
1424,0.2927564072774768
1425,0.2932446732374338
1426,0.2937869492332805
1427,0.2943603786844801
1428,0.29494500696066245
1429,0.29551765697893184
1430,0.296113708114032
1431,0.29663249756282395
1432,0.29713357104247307
1433,0.29772707685800964
1434,0.29828178279839646
1435,0.29891624556084306
1436,0.29935052302428444
1437,0.2996686956546329
1438,0.30017155193114664
1439,0.30080436496793306
1440,0.30128295738174676
1441,0.3016796088740299
1442,0.30203263044813966
1443,0.3023753736588239
1444,0.3027183014779898
1445,0.3031290730643473
1446,0.30357459556511573
1447,0.3040468279123867
1448,0.3044501577114413
1449,0.30485677176886
1450,0.3053184744269906
1451,0.3054732997027992
1452,0.3055525598171375
1453,0.30580890903838454
1454,0.30597506256289975
1455,0.30607639141576165
1456,0.30636259195549476
1457,0.30655898536000264
1458,0.30678548475298617
1459,0.30697773289190966
1460,0.3071052318714623
1461,0.3073194468908002
1462,0.3074886023804053
1463,0.3076839903144771
1464,0.3077630477633148
1465,0.307877914190159
1466,0.308014122367584
1467,0.30827544896043374
1468,0.3085789753860388
1469,0.30873323328324
1470,0.30894656266616316
1471,0.3091694028999217
1472,0.30954311490797387
1473,0.3098096423198988
1474,0.3099949620492305
1475,0.31017421095516795
1476,0.3104085459428198
1477,0.3106473931210283
1478,0.3109318511322886
1479,0.3112078546530311
1480,0.3114549461537974
1481,0.3117166773080883
1482,0.31185745823315664
1483,0.312068650876721
1484,0.3122935889909997
1485,0.3126385360529388
1486,0.31287996012279967
1487,0.3131316635656257
1488,0.3134455750016472
1489,0.3137546230018131
1490,0.3141691964945914
1491,0.31461649650005447
1492,0.3149971325355172
1493,0.3153675321695204
1494,0.3157189384091038
1495,0.3159722971225092
1496,0.3162308569714632
1497,0.3165189598094603
1498,0.3166795815506453
1499,0.31678863649356487
1500,0.3169064455827564
1501,0.31706085296756
1502,0.31723523809388465
1503,0.31741034148840047
1504,0.3176114308792377
1505,0.31781261478155237
1506,0.3180252146018868
1507,0.3182974537342668
1508,0.318500357667338
1509,0.31866650396434104
1510,0.3188442147948352
1511,0.3189977229266023
1512,0.3192312985214893
1513,0.3194412945910048
1514,0.31966672584583505
1515,0.31991583473058716
1516,0.32012616892400453
1517,0.3203273375174681
1518,0.3205518370852
1519,0.32075783101964694
1520,0.32097456441582384
1521,0.32119664478737275
1522,0.3214308884272802
1523,0.32161541878728245
1524,0.32175388816989403
1525,0.3219205722795588
1526,0.3220838270765714
1527,0.322251667399371
1528,0.3224198280204794
1529,0.3226215294056751
1530,0.32276342669875896
1531,0.32284117375920374
1532,0.32296893045624175
1533,0.32307025579338866
1534,0.3232170372826946
1535,0.32342168612840144
1536,0.3235988931296301
1537,0.3237756124264173
1538,0.3239276453661611
1539,0.3240604915340517
1540,0.3241999217388083
1541,0.3243560269685867
1542,0.32449654071701395
1543,0.32461821673751007
1544,0.32473394763628194
1545,0.32484862646790286
1546,0.32496308814731667
1547,0.3250904790327176
1548,0.3252222642567376
1549,0.3254010884820597
1550,0.32555401731530365
1551,0.3257136299603539
1552,0.3258666255483683
1553,0.3259835083065039
1554,0.32610671213479475
1555,0.32627603858306264
1556,0.32646390381752294
1557,0.3266122882788324
1558,0.3267516286028213
1559,0.3268664493201969
1560,0.3269563759776454
1561,0.3270919092426983
1562,0.3272336125324371
1563,0.3273558741569538
1564,0.32748061425317426
1565,0.3276258130273094
1566,0.3278069579555808
1567,0.32797025781137523
1568,0.3280484905687698
1569,0.32813135161024326
1570,0.3282548543237323
1571,0.32836600585663417
1572,0.32846189428299205
1573,0.3285815484934494
1574,0.3286923733178671
1575,0.3288076573106548
1576,0.32894240796137353
1577,0.3290321989656563
1578,0.32916107595559363
1579,0.3292860817594989
1580,0.32944256338758926
1581,0.32954554095441096
1582,0.3296265812227054
1583,0.3297319728605547
1584,0.3298088902297672
1585,0.32990392464398444
1586,0.3300133841437263
1587,0.3301239765673686
1588,0.33021717492109154
1589,0.3303347443896003
1590,0.33048766306609567
1591,0.33062943107360465
1592,0.33077626790958653
1593,0.33088149680919915
1594,0.33094877130275807
1595,0.3310616206044022
1596,0.3311856796318641
1597,0.3312851550523287
1598,0.33143364485662213
1599,0.33154260345238973
1600,0.3316098300825418
1601,0.33172809297226813
1602,0.33179382447140665
1603,0.3318871577731214
1604,0.3320076988073367
1605,0.3321388438908967
1606,0.33223365756621165
1607,0.33232675773405784
1608,0.3324705007709472
1609,0.33256873765908945
1610,0.3326402502284238
1611,0.33272715658355484
1612,0.33282667978980274
1613,0.3328901470996596
1614,0.3329442325510005
1615,0.33300443889444253
1616,0.3331139887392716
1617,0.3332171236509261
1618,0.33333449161785966
1619,0.33341434364025935
1620,0.333504220568645
1621,0.3335888347784982
1622,0.3336566804636692
1623,0.33373319409387936
1624,0.3338251334905625
1625,0.333937461158154
1626,0.33403144450197075
1627,0.3341107886236472
1628,0.33420225544668464
1629,0.3342752802619987
1630,0.33432591331802486
1631,0.3344087602667769
1632,0.3345802287143404
1633,0.33469702223173453
1634,0.3347562897925358
1635,0.3348305623301155
1636,0.33486353574968547
1637,0.33495439668097005
1638,0.3350362894817811
1639,0.3351095462905528
1640,0.3352056825438348
1641,0.33529222640816686
1642,0.33535666375337864
1643,0.33541516221008305
1644,0.33548609340726654
1645,0.3355722190413669
1646,0.3356786707422822
1647,0.3357288174748229
1648,0.3357826314202281
1649,0.3358708001062833
1650,0.3359252269915404
1651,0.3359905462309964
1652,0.3360677299969838
1653,0.3361810927154458
1654,0.33617026156194446
1655,0.33620282538247687
1656,0.3363442636243168
1657,0.3363814076175291
1658,0.33644093940700875
1659,0.3365361396997775
1660,0.33656863767455225
1661,0.33665955451777624
1662,0.33673074980597506
1663,0.33669779020735074
1664,0.33667733522687443
1665,0.3366679779769007
1666,0.33669006555994563
1667,0.33677453154010584
1668,0.33683356408754767
1669,0.3368510928974006
1670,0.3369073780195962
1671,0.33695675370855765
1672,0.3370487877366448
1673,0.3371247491012222
1674,0.3371295494280454
1675,0.33715722254569175
1676,0.3371611097665926
1677,0.3372334875207283
1678,0.3373229881997516
1679,0.3373474826695608
1680,0.33739211395263374
1681,0.3374602673294687
1682,0.3375035344030763
1683,0.3375367446050534
1684,0.337573871232481
1685,0.3375358720125426
1686,0.3375386304582342
1687,0.3375075311556611
1688,0.33749795031398144
1689,0.33758970030619556
1690,0.3376044882240911
1691,0.33761109501851727
1692,0.3376750838936059
1693,0.33764465706710933
1694,0.33767746711731245
1695,0.33777042559666
1696,0.3378163530726043
1697,0.3378247043618132
1698,0.3378203098221094
1699,0.3378138284655098
1700,0.3377981871742954
1701,0.33787995263088993
1702,0.3379258252787912
1703,0.3379341890524672
1704,0.33788562330452293
1705,0.3377794109849747
1706,0.33785355784971416
1707,0.3378353188960413
1708,0.33781053973869185
1709,0.33779824403761705
1710,0.3377619751963155
1711,0.3378100240682292
1712,0.3378691216273138
1713,0.33793466581521614
1714,0.3379364571641989
1715,0.337943885469443
1716,0.337935990429698
1717,0.33795414749390523
1718,0.33794183763241037
1719,0.33799451170000455
1720,0.33803880301859074
1721,0.3379357605674637
1722,0.3378502818961139
1723,0.3378323175094543
1724,0.3378490629622845
1725,0.337928019711075
1726,0.3379597752592792
1727,0.33804573794173887
1728,0.338026071577001
1729,0.33794448689337714
1730,0.3378987470964413
1731,0.33788087863725924
1732,0.3379101261531288
1733,0.3379776070447509
1734,0.3380388287663177
1735,0.3380223185876444
1736,0.3379720029464143
1737,0.3379455352180108
1738,0.3379792905353813
1739,0.3379769842674286
1740,0.338008649964153
1741,0.33800570533823
1742,0.3380271897846
1743,0.33810887657271116
1744,0.3381671627741137
1745,0.3382181384378241
1746,0.33817091552259704
1747,0.33805400367990096
1748,0.33804185289909444
1749,0.3381343019219436
1750,0.33809914595193963
1751,0.33802925486720353
1752,0.3381007839503982
1753,0.3381030493864568
1754,0.33808190472494404
1755,0.33816506269015084
1756,0.3381380961328604
1757,0.3380569332213586
1758,0.33808944319173506
1759,0.3380556801083782
1760,0.33797387944780655
1761,0.3379715997367493
1762,0.3379439358597065
1763,0.33809811068825757
1764,0.33820505211320717
1765,0.33814152882040854
1766,0.3381718477873894
1767,0.3381911089355698
1768,0.33813093004106465
1769,0.33821890403920973
1770,0.3382921176623575
1771,0.33821306453510014
1772,0.3381045109280002
1773,0.3381270700228717
1774,0.33805684975496997
1775,0.3380870211009278
1776,0.3382164091067647
1777,0.33828343092593405
1778,0.338295421067012
1779,0.33824004890281434
1780,0.3380379116356083
1781,0.33809839666111674
1782,0.3381265777260367
1783,0.3382865671244485
1784,0.33836068865085367
1785,0.338302652455348
1786,0.3383893004414987
1787,0.3385430138709822
1788,0.33840938985467756
1789,0.3382818973243251
1790,0.33822485155977866
1791,0.3382222978296747
1792,0.33845572665022094
1793,0.33859534888828047
1794,0.33876097589872
1795,0.3385097870137153
1796,0.338286199985489
1797,0.33827636955544116
1798,0.3383660064005512
1799,0.3384628481518833
1800,0.3386730567272932
1801,0.33862572712813754
1802,0.33888734703765044
1803,0.33896876435140216
1804,0.3388275674271638
1805,0.33861373774724524
1806,0.33878759062283703
1807,0.33870094260897043
1808,0.33896048433808745
1809,0.3393455207689057
1810,0.33901889662123386
1811,0.3388336975002931
1812,0.33865860482660165
1813,0.33922661871053816
1814,0.33896431270475874
1815,0.3389347980621618
1816,0.33919906954021706
1817,0.3395350520455188
1818,0.3398617536719741
1819,0.33996025238878486
1820,0.3405244942014153
1821,0.3403250486850163
1822,0.3408175029865841
1823,0.340970184302885
1824,0.34077820767026007
1825,0.341284091958992
1826,0.3416674399479333
1827,0.3419339264633134
1828,0.3421162231852203
1829,0.34242511818951366
1830,0.34256290438701503
1831,0.3440793430327667
1832,0.3456600769728398
1833,0.34697964823430427
1834,0.3485289823597633
1835,0.3503778462577684
1836,0.3544932675101557
1837,0.3572505467486035
1838,0.36057622229606606
1839,0.3618163171413317
1840,0.35952403158709073
1841,0.36064522642767444
1842,0.35841121623087685
1843,0.35623271226531233
1844,0.3547799748651268
1845,0.35565863332907416
1846,0.3559260076729948
1847,0.3572494413186807
1848,0.35660859744438894
1849,0.35756692830020026
1850,0.3595776582420293
1851,0.3588178999942617
1852,0.3601349508529252
1853,0.35793759756203875
1854,0.3575649687837781
1855,0.35664107810527934
1856,0.3548800117585074
1857,0.3543469350093402
1858,0.3528622176813095
1859,0.3518488047197356
1860,0.3507516186443554
1861,0.3499640885478802
1862,0.34807653717007897
1863,0.34849267864027395
1864,0.34970571880502804
1865,0.348580566210341
1866,0.34808279829394784
1867,0.3479442870535336
1868,0.34827060063566695
1869,0.346909348004371
1870,0.34748735025094124
1871,0.34759356873507896
1872,0.3456305835918117
1873,0.34251521621130465
1874,0.3394642495177691
1875,0.3370218066811098
1876,0.33324587628822466
1877,0.33080822189060427
1878,0.32777455804194644
1879,0.3255793065856154
1880,0.32395648466259425
1881,0.32311502161322886
1882,0.3210852339678353
1883,0.3203845963327804
1884,0.3188564527886631
1885,0.3169119834746407
1886,0.31511199384285205
1887,0.3130340623227236
1888,0.3118457119765413
1889,0.31033685191640065
1890,0.309317712894839
1891,0.30767659022988925
1892,0.3058119104712804
1893,0.30328567385783023
1894,0.30166097288894744
1895,0.3005519264059263
1896,0.298774347838586
1897,0.29864758309578976
1898,0.29734957506870746
1899,0.2967873507505153
1900,0.29525152138527694
1901,0.29323986678799735
1902,0.2910825694761961
1903,0.2894086695592573
1904,0.28728937734088705
1905,0.28476116496015763
1906,0.2805585742106549
1907,0.27766709466189105
1908,0.27635693364353325
1909,0.27387371216776074
1910,0.2728480246220865
1911,0.2712564112944505
1912,0.26845322231687896
1913,0.26707168370549367
1914,0.2662848281993565
1915,0.2661727339917489
1916,0.2659786799470325
1917,0.26598094530056887
1918,0.26551906099082423
1919,0.26588730472609645
1920,0.26609819651723216
1921,0.2661017590011261
1922,0.26639618548683025
1923,0.2665581649824295
1924,0.2669063136434517
1925,0.26739528020290265
1926,0.26747954117362377
1927,0.26791384412481745
1928,0.268142432097769
1929,0.2687823203785502
1930,0.269695914234494
1931,0.2698491262660507
1932,0.2698625664101538
1933,0.27024900241861566
1934,0.27064002369421936
1935,0.2710341190015148
1936,0.27153306080793727
1937,0.27212778771885976
1938,0.2723711700798495
1939,0.2728264444664767
1940,0.27328880524519317
1941,0.27357156764590695
1942,0.27384172933682666
1943,0.2743717206133354
1944,0.2747197608100089
1945,0.27512881838941156
1946,0.2754636920383688
1947,0.2761287711129329
1948,0.2765973642009506
1949,0.276857399767883
1950,0.2770912144730677
1951,0.2774884215420623
1952,0.2780232759252257
1953,0.2783688030738137
1954,0.27869001657935477
1955,0.27947234989941455
1956,0.27997209426268166
1957,0.2802997619068029
1958,0.280682603587523
1959,0.2810468895651093
1960,0.28163631495132463
1961,0.2821606151355543
1962,0.282618643826443
1963,0.2832033710726533
1964,0.28354461760241123
1965,0.28402782050196107
1966,0.28455857190405415
1967,0.2849347636565749
1968,0.2852981680175478
1969,0.28571798658592573
1970,0.2861327279131109
1971,0.28663567780236066
1972,0.287146437845388
1973,0.2877311665349028
1974,0.2882453804878482
1975,0.28863991940381456
1976,0.2891940816401717
1977,0.2895414831208886
1978,0.28993474740552083
1979,0.2904591576389004
1980,0.29094025998876993
1981,0.2914105841514934
1982,0.2918574254841672
1983,0.2924745012859901
1984,0.2930930968527122
1985,0.29354748196611596
1986,0.2940566409269851
1987,0.29453009328666585
1988,0.29504014262508177
1989,0.2954353446263686
1990,0.295842908742715
1991,0.2962953462658646
1992,0.29656329390183755
1993,0.29696256883911426
1994,0.29739333791460293
1995,0.29774013332850363
1996,0.2981748559762758
1997,0.2982981043713045
1998,0.2985943423653418
1999,0.29924257368540896
2000,0.29977957322832816
2001,0.2998523748482284
2002,0.3004267818627422
2003,0.30125053880100744
2004,0.3019708262753473
2005,0.3030256521430099
2006,0.3040020839552631
2007,0.30497599387876495
2008,0.3057133184258589
2009,0.30633156297233094
2010,0.30657477589181154
2011,0.3070789355203196
2012,0.3074680091962347
2013,0.30788989414334816
2014,0.30811271042120836
2015,0.30871725080358736
2016,0.3090096734277394
2017,0.309660950952259
2018,0.3099986608277247
2019,0.31056664960498004
2020,0.3109927782797293
2021,0.31118169688346214
2022,0.311482617626525
2023,0.3116844211359717
2024,0.31201810825440424
2025,0.31240040946202413
2026,0.3126931778242568
2027,0.3131061491070367
2028,0.3132904929815178
2029,0.3133677131566264
2030,0.3135913077162083
2031,0.31380491121998944
2032,0.31406078133414644
2033,0.3142702148410687
2034,0.31437513977675613
2035,0.3145561175648055
2036,0.31470120775342597
2037,0.31495625127798976
2038,0.31526184477460234
2039,0.315446625965185
2040,0.3156743938092287
2041,0.31587526065061144
2042,0.31597168904381023
2043,0.31613555431168155
2044,0.31634697713164245
2045,0.31651495635446664
2046,0.3165696982620514
2047,0.3167443474470058
2048,0.3168237837742894
2049,0.3171467479811885
2050,0.3173354618420386
2051,0.3174060815714974
2052,0.31755276171569446
2053,0.3178021481972376
2054,0.3180484884169733
2055,0.3182331097577119
2056,0.3184643451830277
2057,0.31866760856049786
2058,0.3187945255030207
2059,0.31903421754684175
2060,0.31922341586018943
2061,0.3193428109245965
2062,0.31928208786921947
2063,0.3194324682389304
2064,0.31944476405633726
2065,0.3195098581390168
2066,0.3195920390490526
2067,0.31975074342435444
2068,0.31987987784146027
2069,0.32009516104362024
2070,0.3204453974739058
2071,0.320565618965431
2072,0.3205609552758007
2073,0.3206228645173611
2074,0.3205935822098241
2075,0.32063788810514027
2076,0.32091773548479346
2077,0.3209294576313806
2078,0.321045702412935
2079,0.3211315417807997
2080,0.3211590978738051
2081,0.3213975579818664
2082,0.32149504474922475
2083,0.32148436856493706
2084,0.32150014530095444
2085,0.32144877742820904
2086,0.32150468058337783
2087,0.32172853413478003
2088,0.3218423078122138
2089,0.32182047006391346
2090,0.3218502511005127
2091,0.3218337308319256
2092,0.32175900847941946
2093,0.32170976047423816
2094,0.32176918990293324
2095,0.3218382986358418
2096,0.32174996669576367
2097,0.3217463044114762
2098,0.32178534900260364
2099,0.32178106758932024
2100,0.3218594144330045
2101,0.3218327544090123
2102,0.3217144382356187
2103,0.3217705293689082
2104,0.3219934096858127
2105,0.32201782337793916
2106,0.3220659216992407
2107,0.32205950138911976
2108,0.3217843211883008
2109,0.3217303469138292
2110,0.3218070614575912
2111,0.32190108680670143
2112,0.3219305121117138
2113,0.3220213878961105
2114,0.32208382949126196
2115,0.3221194463369703
2116,0.3222432667473575
2117,0.32224008239213037
2118,0.3223134223749904
2119,0.32226940497203166
2120,0.32231372031634037
2121,0.3225472388274785
2122,0.3225723733634019
2123,0.3226510671547753
2124,0.322779719267504
2125,0.3227663010759228
2126,0.3227584518342511
2127,0.32277286222766
2128,0.32272556492415405
2129,0.3227622790343291
2130,0.3228275384815244
2131,0.3227920090965933
2132,0.3226343140402028
2133,0.32250200113973637
2134,0.3223578429852775
2135,0.3221962869301459
2136,0.3220642103416216
2137,0.32188846819523725
2138,0.32178572455056836
2139,0.3215308707944953
2140,0.3212076979124731
2141,0.32088468443494145
2142,0.3205292804459898
2143,0.3201842714400549
2144,0.31984736161059263
2145,0.31944135272123025
2146,0.31907454153703946
2147,0.3186484542374224
2148,0.3182718828200538
2149,0.3178198819453793
2150,0.317328635340667
2151,0.31667951402479033
2152,0.31615432204024274
2153,0.3156740546451761
2154,0.31517506102469306
2155,0.3146156974012234
2156,0.3140970445296805
2157,0.3135173821513647
2158,0.3129509337505485
2159,0.3123181578420816
2160,0.31184402368388475
2161,0.31131426223329367
2162,0.31085639361342476
2163,0.3104638414046405
2164,0.3099702342579529
2165,0.30949907713735286
2166,0.30897185599431476
2167,0.3083766625460065
2168,0.3078287651944623
2169,0.30737864890532124
2170,0.30704858167349575
2171,0.3065977469579258
2172,0.3061374748320999
2173,0.3055873451973554
2174,0.3050689163635529
2175,0.30462854584962
2176,0.30417872891399655
2177,0.30368609630253046
2178,0.3032313510633567
2179,0.3026920022952314
2180,0.30206492376144156
2181,0.30154817668164624
2182,0.3010934622602363
2183,0.30051065569947905
2184,0.29995930968439277
2185,0.2993285703390189
2186,0.29855125466134425
2187,0.29787638926807625
2188,0.297194530602942
2189,0.2964133989541469
2190,0.29587371424996844
2191,0.2953646624502575
2192,0.2946090501324224
2193,0.2937286436305775
2194,0.2929258599107282
2195,0.29208778045635697
2196,0.2912676317068394
2197,0.290481583932055
2198,0.2895126299686496
2199,0.2882494226334152
2200,0.2871863181214106
2201,0.28608676511796
2202,0.28504534249479524
2203,0.28402463048292814
2204,0.28306251271764643
2205,0.2820504733788726
2206,0.28128887352910004
2207,0.280830436837087
2208,0.2805738185443041
2209,0.2804513499464886
2210,0.2805036434800719
2211,0.2807211442536335
2212,0.28109519780912245
2213,0.28179753596179313
2214,0.2824978836535856
2215,0.28334603671361835
2216,0.2841958228095769
2217,0.2849436329138298
2218,0.28602052644471987
2219,0.28678514044646564
2220,0.28760064435725724
2221,0.28829194598188185
2222,0.2889713550919953
2223,0.28950655434980443
2224,0.28999876245452577
2225,0.2904301008284682
2226,0.290755037334948
2227,0.29093382360621345
2228,0.2910075042522484
2229,0.2911809901753085
2230,0.2913300338327435
2231,0.29143496852276324
2232,0.2914021151848099
2233,0.2914004371419843
2234,0.29142915510435075
2235,0.29136957490550697
2236,0.2914583197925575
2237,0.29143083861116165
2238,0.29111162069835456
2239,0.2909281769345993
2240,0.29071848439139963
2241,0.29053222618957814
2242,0.2903991072575191
2243,0.2903564164879967
2244,0.2903348210240464
2245,0.29029872085953634
2246,0.29031048715708735
2247,0.29041095444215637
2248,0.2904134568109384
2249,0.2902556604863154
2250,0.29035216281320897
2251,0.2904717582273477
2252,0.2904068849182393
2253,0.2908050274704816
2254,0.29097257522631725
2255,0.29101357307627596
2256,0.29108910157437723
2257,0.2911126489889932
2258,0.2911529749673424
2259,0.2913337526752677
2260,0.291486385643069
2261,0.29150586610189083
2262,0.29165297576815125
2263,0.29208320949538624
2264,0.2922608749095272
2265,0.29214115034671834
2266,0.29239000141774163
2267,0.2926090913990714
2268,0.29256435957849036
2269,0.2926210960719039
2270,0.2927290700302147
2271,0.29255564230450193
2272,0.29247347344045665
2273,0.29249635369217397
2274,0.2923790433364779
2275,0.29252995980071433
2276,0.292310768726137
2277,0.2918660866635459
2278,0.2916490445568869
2279,0.2912139409790339
2280,0.29094747707423907
2281,0.29081263590359413
2282,0.29044864474248233
2283,0.2901295045771565
2284,0.2899177470388791
2285,0.28958245859552795
2286,0.28920970067956836
2287,0.28902135016518565
2288,0.28863270296146276
2289,0.28825534220536736
2290,0.28791771174451136
2291,0.2875850187003664
2292,0.2872150316338175
2293,0.2870752995144696
2294,0.2866308224360803
2295,0.2862045164726836
2296,0.2858474587577848
2297,0.2854628474101801
2298,0.28516975587221494
2299,0.2847824352570581
2300,0.2844961112630835
2301,0.28418886637371776
2302,0.2839752775046022
2303,0.2838319730701645
2304,0.2833923246527983
2305,0.28301664670884136
2306,0.28296980398169325
2307,0.28295449941913703
2308,0.2826772262843409
2309,0.28253730145783035
2310,0.28187050668924
2311,0.28172394848965865
2312,0.2817722644058664
2313,0.2816763642249996
2314,0.28163884963271646
2315,0.28161892251979176
2316,0.28155124872574955
2317,0.28154715348279835
2318,0.2815807307065752
2319,0.28128006813619316
2320,0.2811047222911321
2321,0.2807117400925077
2322,0.2805398650983565
2323,0.28033641544146715
2324,0.28027493320774033
2325,0.2799756359412596
2326,0.2798255551879436
2327,0.2795601256427383
2328,0.2791594105934977
2329,0.27904319462239063
2330,0.2787912047749271
2331,0.2784802761990618
2332,0.27790312657392285
2333,0.27722431654903634
2334,0.27702752499313205
2335,0.2769425163496414
2336,0.27644961748564156
2337,0.2759617456036642
2338,0.2753171096465609
2339,0.2748932304503373
2340,0.2745347952569324
2341,0.274021473295261
2342,0.27366053776779525
2343,0.273131823367438
2344,0.2727272155953957
2345,0.27213501037997023
2346,0.27171747131562163
2347,0.271349501696038
2348,0.2708732434342184
2349,0.2702950269513409
2350,0.2699510059681901
2351,0.26976813660237586
2352,0.2696194562185096
2353,0.26955868399871946
2354,0.26928503540636334
2355,0.2690587598753519
2356,0.2689029112330927
2357,0.26869473717429665
2358,0.26855618318926977
2359,0.2683844068679686
2360,0.26818684923299146
2361,0.26824953020176884
2362,0.26802385045700805
2363,0.2676095643851263
2364,0.2674787651910834
2365,0.2669313226658333
2366,0.267000645550297
2367,0.2667419662080815
2368,0.2666776242015175
2369,0.2665457908907391
2370,0.2662580393412913
2371,0.2658023872637727
2372,0.2652829660278681
2373,0.2648846816676944
2374,0.26449514490934906
2375,0.26426541357913175
2376,0.26395408800775266
2377,0.26376793333596626
2378,0.2635510662955837
2379,0.2636201362692672
2380,0.26332624326679155
2381,0.2628627753946036
2382,0.26276534190695805
2383,0.2626656178957251
2384,0.26246896357492805
2385,0.2622925077247608
2386,0.26195041659424456
2387,0.2620602064508022
2388,0.26216597191414204
2389,0.2619297501521258
2390,0.2618024414650029
2391,0.2617487388976567
2392,0.26153850889127905
2393,0.2614684330961417
2394,0.2615278004610963
2395,0.2609568048505231
2396,0.260972517894819
2397,0.2613242194086452
2398,0.26131065060873
2399,0.26120330732480623
2400,0.2610293499680918
2401,0.26127013007894406
2402,0.26092961674656334
2403,0.2606669733522038
2404,0.26065600079984974
2405,0.260318514225319
2406,0.26016369406134005
2407,0.2604816057030977
2408,0.26052049732177396
2409,0.2600896231100664
2410,0.2598578466736163
2411,0.25900402321649413
2412,0.25864771249311835
2413,0.258279797025291
2414,0.2580645923219188
2415,0.25794420127323414
2416,0.2576016885372364
2417,0.2570577412522949
2418,0.2566817459875417
2419,0.2560120109531113
2420,0.25555416040328477
2421,0.25510697160789314
2422,0.2545655225057601
2423,0.2548504901094975
2424,0.2538049594148361
2425,0.2534135441475917
2426,0.2529038726541937
2427,0.2524862562587544
2428,0.2518792879538319
2429,0.2515414060962643
2430,0.25127046165173084
2431,0.2507725749262679
2432,0.25014464407880954
2433,0.24984208166774202
2434,0.2491512182816763
2435,0.24847790867857622
2436,0.24732387684103638
2437,0.24662750772460054
2438,0.24645094885506677
2439,0.24623053333919892
2440,0.24612633097300488
2441,0.24614261260002943
2442,0.2456808149917754
2443,0.24532588631608335
2444,0.24486944349218887
2445,0.244087330628328
2446,0.24301505710400353
2447,0.24238333659216085
2448,0.24237322860909338
2449,0.2412893078978639
2450,0.24207708189151456
2451,0.24076674217820884
2452,0.24144722583715578
2453,0.24060826787598036
2454,0.23995849135173106
2455,0.23964022051271294
2456,0.23927382861397714
2457,0.23828742177149673
2458,0.23825279333907112
2459,0.23793154456124577
2460,0.23785819520932286
2461,0.2378836092160817
2462,0.23686865597336626
2463,0.2373992931980978
2464,0.2366020060609102
2465,0.23629430077041877
2466,0.2355779796672051
2467,0.23637496937532912
2468,0.2360854633385118
2469,0.2364571301988283
2470,0.23591750031925196
2471,0.23544637514258476
2472,0.23533334960391986
2473,0.234489025043459
2474,0.23396338111050474
2475,0.23345213871415693
2476,0.23312533842205654
2477,0.23355583877017683
2478,0.2322726438983738
2479,0.2320817508394526
2480,0.23279425729671102
2481,0.23198277930283778
2482,0.2306635736286758
2483,0.23136419299561728
2484,0.23101318929548798
2485,0.23132071709917554
2486,0.23079884707606496
2487,0.2316583161625509
2488,0.2314921103465133
2489,0.23146759414809456
2490,0.23158295313773508
2491,0.23185358969684805
2492,0.2305987474878122
2493,0.23006935418982544
2494,0.22934562816651655
2495,0.22944986688982352
2496,0.22961027692058064
2497,0.22808472076781788
2498,0.2280920977649883
2499,0.22983120950192196
2500,0.23016089717540988
