Wavelength,12FEB18
350,0.062449378061772705
351,0.06312039968998052
352,0.06351958748201107
353,0.06367827668253122
354,0.0648090958478678
355,0.06526397559017692
356,0.06576551112487278
357,0.06621179595779052
358,0.06649741387057477
359,0.06688551133053662
360,0.06746460642041256
361,0.06802920820619937
362,0.06861052343670296
363,0.06903982693303444
364,0.06965922227443529
365,0.07018398140718073
366,0.07045053927910887
367,0.07086794557021169
368,0.07143440262504834
369,0.07209974945499317
370,0.07264078945396758
371,0.07312035271616134
372,0.07360354773853894
373,0.0741998450068972
374,0.07492346779802775
375,0.0756664285368831
376,0.07633291060222194
377,0.07696104597222043
378,0.07738091275911337
379,0.07807616713726892
380,0.07877329291372866
381,0.07928643478540708
382,0.0801298803363556
383,0.08081016076524088
384,0.08143913459913278
385,0.08202426959136856
386,0.08263387208983479
387,0.08334089962153458
388,0.08398054869968291
389,0.08467021646256094
390,0.08534581295643599
391,0.08584834599428527
392,0.08632774815032013
393,0.08690644635236068
394,0.08764859968675838
395,0.0883559837668
396,0.08900860503022748
397,0.08947616686686558
398,0.0899283199654121
399,0.090358462984553
400,0.0908155195793238
401,0.09119432751475703
402,0.09164702477514723
403,0.09200916076534557
404,0.09237358207208983
405,0.09272141702328439
406,0.09320700075420037
407,0.09371042313857147
408,0.09413469991850608
409,0.09457392164300114
410,0.09502744516921686
411,0.09537815027258575
412,0.09574425785462275
413,0.09622515238689716
414,0.0967020025680718
415,0.09702444787413954
416,0.09740141245749658
417,0.09779435004924725
418,0.09815554441371312
419,0.0985701303878329
420,0.09893720778101445
421,0.09933244436577822
422,0.09973454432980086
423,0.10008052794807301
424,0.10042988821783147
425,0.10081432074344361
426,0.10120562910470574
427,0.10157846386146628
428,0.10200139431510277
429,0.10241261204791283
430,0.10283166126269201
431,0.10321244799692526
432,0.10355148502006138
433,0.10387607396523248
434,0.10420456859186417
435,0.104598621220529
436,0.10498975352289878
437,0.10536515809706966
438,0.10566633130957377
439,0.10596150062040625
440,0.10622480828724537
441,0.10654425391561036
442,0.1068688382582484
443,0.10717811170791428
444,0.10747995148806715
445,0.10778564620857838
446,0.10810395724237466
447,0.10841246508794396
448,0.10872657541577183
449,0.10904817625982154
450,0.10939492801186736
451,0.10974837345981533
452,0.11010399998600552
453,0.11047875848476706
454,0.1108455645521412
455,0.11124346805907107
456,0.11162807176651744
457,0.11197284920568336
458,0.11232521589793171
459,0.1126605064973529
460,0.11301798342250179
461,0.11335971599129833
462,0.11366086347874631
463,0.11400671332818026
464,0.11433449370028735
465,0.11466961751840171
466,0.11499754919784737
467,0.11529861256173894
468,0.11558463490218746
469,0.11585610110556588
470,0.11613828571568173
471,0.11641227025670255
472,0.11671450426938085
473,0.11699596649259697
474,0.11724607441795794
475,0.11749099629806097
476,0.11776134240468096
477,0.11799666118995349
478,0.11826117568271248
479,0.11854257571939976
480,0.11879837288289287
481,0.11903263726836857
482,0.1192913713169897
483,0.11960022700821973
484,0.11989256786267397
485,0.12016839499207721
486,0.12047161490870902
487,0.12077601539315369
488,0.12106501254773339
489,0.12133194980592685
490,0.12159178904771871
491,0.12187675176646752
492,0.12214357825572505
493,0.12241119251815469
494,0.12267565809851062
495,0.12293115612545892
496,0.12320989681596047
497,0.12348810707287833
498,0.12375746758686934
499,0.12400803863379622
500,0.12428122256131532
501,0.12455959760999981
502,0.12482227210653662
503,0.12512869025842988
504,0.12541237412187475
505,0.1256954450404287
506,0.12597428011922945
507,0.12621388730778368
508,0.12647580309714165
509,0.12674206791282722
510,0.12699289058197535
511,0.12725305542025764
512,0.12754360995171837
513,0.12784332873503154
514,0.12809521338825383
515,0.12835356832561823
516,0.12863140587560185
517,0.1289130671501303
518,0.129176794928663
519,0.12943646266497544
520,0.12970663839776372
521,0.12994760224369478
522,0.13021227120776369
523,0.13046672039539542
524,0.13071166074063564
525,0.1309974375581154
526,0.13126835055710562
527,0.13153211033226997
528,0.1317762988522534
529,0.13204142709835515
530,0.13230598530372698
531,0.1325422475842002
532,0.13276607615832428
533,0.13302891743627512
534,0.13328933242132726
535,0.1335288615892431
536,0.1337955060589121
537,0.13404780474290634
538,0.13428083255799775
539,0.13452258802924563
540,0.13477826201071053
541,0.13501791814419806
542,0.1352497617497342
543,0.13548656934133363
544,0.13571961618335493
545,0.13594138967236577
546,0.13617053387519673
547,0.1363895525478914
548,0.1366328514015486
549,0.136851980252979
550,0.13706426007393732
551,0.13729345391187575
552,0.13751944850438894
553,0.1377331084013118
554,0.137936695245526
555,0.13816809601663665
556,0.13839211523750639
557,0.13859765895546658
558,0.13880564673238488
559,0.13902837195322543
560,0.13923399793667177
561,0.13943441432239093
562,0.13961866315423443
563,0.13981353016106962
564,0.14000181812961401
565,0.14015931057258724
566,0.14032628627556762
567,0.14051939781255193
568,0.14070691299830518
569,0.14094054794672828
570,0.14118176993491724
571,0.14138041830235532
572,0.14155325781811237
573,0.14172690327686957
574,0.14186476636319142
575,0.1420337660984073
576,0.1421889312070948
577,0.14235625456098894
578,0.14251010895364782
579,0.14267182852615995
580,0.14285032762936248
581,0.14302142165442921
582,0.1431938867942316
583,0.1433712781103664
584,0.14357358383301672
585,0.1437743474003606
586,0.14395730310871147
587,0.1441149344170172
588,0.14433005336107524
589,0.14452478262633914
590,0.14468936096118162
591,0.1448727110118087
592,0.14499005831891182
593,0.14513902935804862
594,0.1452920721697038
595,0.14544447620109116
596,0.1456061369851333
597,0.14576853488110922
598,0.14592635813500543
599,0.14607890834559661
600,0.14625634427934875
601,0.1464511961398492
602,0.14662345178084532
603,0.14678727879713613
604,0.14694474509029226
605,0.14708470639066104
606,0.1472692533018081
607,0.1474630022589534
608,0.14764519338041648
609,0.14783690269913718
610,0.14801298431223178
611,0.1481916695592187
612,0.14839129465130002
613,0.1485873131193546
614,0.1487824748328215
615,0.14897468608904146
616,0.149163414676276
617,0.14937376807847488
618,0.14957163603859044
619,0.1497514659688573
620,0.14995085860732962
621,0.15014594424508607
622,0.15034488433589857
623,0.150561352100713
624,0.15075133669986557
625,0.15095029649068034
626,0.151160229652307
627,0.15137117514116505
628,0.15157658031187465
629,0.15177999578110699
630,0.15198996766929462
631,0.15218919930850663
632,0.15239162004082243
633,0.1526052164992077
634,0.15280736191179956
635,0.15299748058692167
636,0.15319842926746868
637,0.15340940342978365
638,0.15360689332767796
639,0.153829837262424
640,0.15405081402749968
641,0.1542529532560068
642,0.15444698475681148
643,0.15465267706755892
644,0.15486175368558208
645,0.15505505414810128
646,0.15527664481056092
647,0.1554638853383864
648,0.15567404751331113
649,0.15591056256471614
650,0.15613390625125934
651,0.15633082921617364
652,0.15651953370817637
653,0.15675448970878184
654,0.1569681694557001
655,0.15719876510832465
656,0.15742246939455437
657,0.1576474020546931
658,0.15788511390443108
659,0.15813392826816844
660,0.1583502654034755
661,0.15855769193901043
662,0.15878278588114728
663,0.1590334361267146
664,0.15924844949289646
665,0.15946456257996916
666,0.15968852460535224
667,0.15990075222772476
668,0.1601384759178171
669,0.16037539166228912
670,0.16060353160565727
671,0.16084802195063436
672,0.16108970351933885
673,0.1613248628581877
674,0.16155047878606843
675,0.16176366237343884
676,0.1619937535229464
677,0.16223365465562997
678,0.1624741958029545
679,0.16271355706831137
680,0.1629566165681924
681,0.16319623050762014
682,0.16344745625970775
683,0.16369510314924154
684,0.1639411657667398
685,0.1641885440575762
686,0.16442492968088582
687,0.16466993000443858
688,0.16492637338356173
689,0.16517618399652792
690,0.16543445935004913
691,0.1656695032262603
692,0.16589488934741214
693,0.1660978348806335
694,0.1662760424571288
695,0.16651810264478675
696,0.1668288061279836
697,0.16714706739701166
698,0.1673789528183644
699,0.16756060567298575
700,0.1677841864949123
701,0.16803524756643232
702,0.1683124088791313
703,0.16859179959863327
704,0.16882695481848226
705,0.1690901253456315
706,0.1693556782036197
707,0.16959797383427797
708,0.16987950558544318
709,0.17015009584549207
710,0.17040361566492965
711,0.17065006734365976
712,0.17090557067337628
713,0.17115630284370476
714,0.1713859684794938
715,0.17158494368458138
716,0.17189088410231068
717,0.17189916424963028
718,0.1719505461033773
719,0.1721459866487167
720,0.17251861579742836
721,0.17295235054478414
722,0.17331634990447747
723,0.17348555517948908
724,0.17362220314024673
725,0.17383162760111365
726,0.174134690807014
727,0.17443859128250375
728,0.17471874770297444
729,0.17497694844152265
730,0.17524847144593633
731,0.17556321569634165
732,0.17592412293850568
733,0.1763115624822379
734,0.17665747468546664
735,0.1769452161077057
736,0.17721436477269464
737,0.17753531151744034
738,0.17779682155258214
739,0.17805393302092454
740,0.1783132670819227
741,0.17856092768348217
742,0.1788206904407154
743,0.17910314656881418
744,0.17938890439664887
745,0.17964654124812948
746,0.17992149851690775
747,0.18019323954406233
748,0.18046606722713276
749,0.18073673811232643
750,0.18102436992668844
751,0.18132245351525875
752,0.1816085052000187
753,0.181884980176058
754,0.18216834095055304
755,0.18245956925259688
756,0.18273739827717353
757,0.1830378182366834
758,0.18332398051995163
759,0.1835282190012657
760,0.18376000935069237
761,0.1841338824223509
762,0.1845314366852149
763,0.18481116632395445
764,0.18511101520806164
765,0.18542366504389696
766,0.18571503850251936
767,0.18599652683703644
768,0.18622209920152155
769,0.1864487138550424
770,0.186725706165887
771,0.18700604855492642
772,0.1873063688235292
773,0.18760930775596413
774,0.18787598506146638
775,0.18815983822975654
776,0.18846322552143088
777,0.18875873675416255
778,0.1890398153833045
779,0.18932193096166983
780,0.18960296411421873
781,0.1898817935030945
782,0.19016410403058595
783,0.19046715111490922
784,0.1907739323519162
785,0.19104368881951353
786,0.1913123829164946
787,0.1915695994113849
788,0.19181631242012362
789,0.19205511998496771
790,0.1923039168042993
791,0.19257999672314927
792,0.1928838951033336
793,0.19320850121110328
794,0.19350392049955126
795,0.19377347100045414
796,0.19403324343341102
797,0.19428165320240026
798,0.19454902489255452
799,0.19483574692098704
800,0.1951278164906492
801,0.1953864287457146
802,0.19564850311097748
803,0.19593229120315442
804,0.1962238527090943
805,0.19653033943231724
806,0.196832822285833
807,0.1971125530180194
808,0.19736197650380335
809,0.19758629276764242
810,0.19778032005386445
811,0.19793702459280615
812,0.19809421218937706
813,0.1983063648634181
814,0.19846302387097922
815,0.19847523025662966
816,0.19864889382477857
817,0.1989384862867909
818,0.19925341193172375
819,0.19965578740575357
820,0.20000877504009326
821,0.20029321305021913
822,0.20052659237268283
823,0.2007328169737247
824,0.201038004300927
825,0.2012682050133985
826,0.2015257641919701
827,0.2017904635926551
828,0.202042144613076
829,0.2022724943322506
830,0.2024859356384484
831,0.202744257484631
832,0.20301222410934516
833,0.20331699736605652
834,0.20364145119443536
835,0.20391952538211508
836,0.2041774294501976
837,0.20444523231424475
838,0.2046979038248698
839,0.2049538045998539
840,0.20519973141672262
841,0.2054083837951137
842,0.20566261018718124
843,0.20592315421720947
844,0.20618004433217652
845,0.20644422884202493
846,0.20666392307553552
847,0.2068747356651678
848,0.20709411324945615
849,0.20732229685124567
850,0.20755387479084816
851,0.20776707536485362
852,0.20796241090859185
853,0.2081557165412112
854,0.20836578595928493
855,0.20859388857362907
856,0.20883159438296317
857,0.2090368183307835
858,0.20924060462734712
859,0.20942280604658323
860,0.20959814723593861
861,0.20981085850191925
862,0.2099954230477857
863,0.21015017571174804
864,0.21030595860541448
865,0.21054878581997474
866,0.21077428353110367
867,0.21098573058750333
868,0.21120205938667147
869,0.2113974693033128
870,0.21162613899307703
871,0.21185014161707508
872,0.21199045630507848
873,0.21218534531855734
874,0.2123637284216968
875,0.2125224774953489
876,0.21273052019353095
877,0.212924419183884
878,0.21311572255006572
879,0.2133171025441951
880,0.21352780722787557
881,0.21369730369707562
882,0.2138827655233891
883,0.21409352758213693
884,0.21424057666380958
885,0.21441147944445746
886,0.21465235660527868
887,0.21492377398315907
888,0.21510840699248165
889,0.2152932632217079
890,0.21545189733682624
891,0.215567570320596
892,0.21567177972535617
893,0.21578072323849135
894,0.2158761132917963
895,0.2159177332489737
896,0.2159522012430207
897,0.21607106382110683
898,0.21614412918873743
899,0.21628866610360012
900,0.2165873709750491
901,0.2167900658884201
902,0.21702752796165245
903,0.2171850269338558
904,0.21736695080650514
905,0.21754871670988485
906,0.217740894417463
907,0.21789887717626477
908,0.21803236299884352
909,0.21806681897053012
910,0.21825556188431994
911,0.21838768696227198
912,0.218599324976073
913,0.21878962102703645
914,0.21902356918919294
915,0.2192755980160876
916,0.2195123874719643
917,0.21971128692309289
918,0.2199730459472749
919,0.22030972517987812
920,0.2204886064773017
921,0.22066769927648053
922,0.22088984910747175
923,0.22105028071304003
924,0.221176111469999
925,0.22118978340788803
926,0.22132933660451024
927,0.2213120723678967
928,0.22118221855904222
929,0.22088487692277445
930,0.22053526952572255
931,0.22038298893792038
932,0.22021794119175683
933,0.2201246283012694
934,0.22046871169530793
935,0.22053660757971363
936,0.22068757329743444
937,0.22097514244904842
938,0.22127528083060585
939,0.22151933141059982
940,0.22183255117757622
941,0.2220705369772326
942,0.22235654909435942
943,0.22247953705716936
944,0.22266586602556043
945,0.2229256169594433
946,0.2230492291115651
947,0.22320934193610817
948,0.22350877662092306
949,0.22375068963370742
950,0.2238300731657311
951,0.22404247389252716
952,0.22430096880757067
953,0.2245141382257162
954,0.22472670503641534
955,0.22491934703160288
956,0.22502205313276485
957,0.225396766876919
958,0.22572948237832138
959,0.22581522538063906
960,0.22619708491200016
961,0.22647007803283
962,0.22681879775599736
963,0.22712438805114293
964,0.22769268227942624
965,0.22802195216459087
966,0.22849594120003835
967,0.22860110725082103
968,0.22900486475419707
969,0.2293608681291409
970,0.22963684378004393
971,0.22988100772237666
972,0.23002009233332588
973,0.23027927046012822
974,0.230547000482163
975,0.2307443628966498
976,0.23095121267386914
977,0.23117259178264837
978,0.23133950603602246
979,0.23158545746429995
980,0.2318164325029602
981,0.2321797480536078
982,0.23257125894392125
983,0.2328246464534007
984,0.23312939422821066
985,0.23328367679635556
986,0.23334818839288066
987,0.23350599354367632
988,0.23400492399441736
989,0.23422999521791726
990,0.23427565841564185
991,0.23440050954127759
992,0.2349030838416616
993,0.23470957783547763
994,0.23476052185550095
995,0.23544046281866163
996,0.23548867133935453
997,0.23541040010306707
998,0.23568148480965062
999,0.2360438927331027
1000,0.23599885987852467
1001,0.24058323394755562
1002,0.24075334792046602
1003,0.2409201083564937
1004,0.24113936305330227
1005,0.24135085120763286
1006,0.24152648270307342
1007,0.24173034158824744
1008,0.24195749822070092
1009,0.24213866783484644
1010,0.24233818151895684
1011,0.24245437718037144
1012,0.24265421299231524
1013,0.24288353023212536
1014,0.24305868809980627
1015,0.2432279147823277
1016,0.24345831178554517
1017,0.2436298096030583
1018,0.24379797839557554
1019,0.24397894917040555
1020,0.2441409470915964
1021,0.2443332591823833
1022,0.24449775095583448
1023,0.24468963057254645
1024,0.24492161949010316
1025,0.24509825819739278
1026,0.24529041913810326
1027,0.24548478316972536
1028,0.2456850603127661
1029,0.2458190071629586
1030,0.2459410416222484
1031,0.24611875816391796
1032,0.24628392978562977
1033,0.246461265526792
1034,0.246636783566575
1035,0.24681159099190905
1036,0.2469853584157219
1037,0.24713040961537097
1038,0.24731441093286202
1039,0.24748690761590308
1040,0.2476592894792435
1041,0.24788481744149315
1042,0.24807196969563203
1043,0.24824863808501707
1044,0.24841294385322246
1045,0.2486005287113583
1046,0.24874133553976696
1047,0.2488709378618613
1048,0.24906427686198437
1049,0.24919927946921336
1050,0.24937300093847706
1051,0.24948800999223408
1052,0.2496866973040489
1053,0.24987689244976766
1054,0.25009267251736234
1055,0.2502595912600674
1056,0.2504209972549876
1057,0.25058236515434124
1058,0.25082274419760536
1059,0.2509917530972383
1060,0.25111620214474933
1061,0.2512647810235402
1062,0.25138000737076377
1063,0.2514869131589871
1064,0.2516568512055319
1065,0.2518110854071056
1066,0.2519781261291788
1067,0.2521210035719818
1068,0.25227420787800897
1069,0.2524262703360532
1070,0.2525606753473291
1071,0.2527384102290497
1072,0.25291072794379094
1073,0.25308668932627937
1074,0.2532650608120661
1075,0.2534602118534375
1076,0.25362165763503947
1077,0.2537852873938086
1078,0.2539210926350815
1079,0.25406152624255773
1080,0.25421153306229827
1081,0.2543686050471147
1082,0.2544896928691888
1083,0.2546839598951106
1084,0.2548196088993029
1085,0.2549431854890563
1086,0.25509360711187246
1087,0.25524409548074467
1088,0.25538940628351653
1089,0.255545072477337
1090,0.2556819907391626
1091,0.2558428786737982
1092,0.25602328411041053
1093,0.2561774015139617
1094,0.2562901245841179
1095,0.25639340938346744
1096,0.25654094785841514
1097,0.2566854956319789
1098,0.2568620627072585
1099,0.25701291250135494
1100,0.25720493404299777
1101,0.25739518234068104
1102,0.25759508494593647
1103,0.2576958908114169
1104,0.2576606267915849
1105,0.25765707372465574
1106,0.2577968362631982
1107,0.2578742871745885
1108,0.2579645016380558
1109,0.25807122780566716
1110,0.2581655531332065
1111,0.2583400006597681
1112,0.2583593687651826
1113,0.25822670309953194
1114,0.25834517943324653
1115,0.2584695951750982
1116,0.2580566305888883
1117,0.258105525594897
1118,0.25790850871551935
1119,0.2583609232833979
1120,0.2587286137569039
1121,0.2591424439097241
1122,0.2593298186744275
1123,0.2596565724792315
1124,0.25994839856899893
1125,0.2599301016389436
1126,0.2601582247685442
1127,0.26028913077135213
1128,0.2606225335630876
1129,0.26085528368900285
1130,0.26087661278863433
1131,0.26091188721976905
1132,0.2613303248024315
1133,0.26136602680003934
1134,0.26135893303278834
1135,0.26140483287997474
1136,0.2615661294003047
1137,0.26158432463985476
1138,0.261764118478237
1139,0.26189928659620504
1140,0.2620573805416927
1141,0.2621832723685256
1142,0.2623001543326581
1143,0.2624200178920093
1144,0.2625690886076047
1145,0.2627189280442196
1146,0.2629107305975774
1147,0.2631227759875423
1148,0.2633926291134833
1149,0.2636690054086351
1150,0.2639819547177294
1151,0.26433577967080185
1152,0.2644827201679377
1153,0.2647281592683431
1154,0.264992096408885
1155,0.2652370281477912
1156,0.2654842356320729
1157,0.26571021021716373
1158,0.2660202550519445
1159,0.2661976039194693
1160,0.2664548878483372
1161,0.26668463789892216
1162,0.2668919769379486
1163,0.2671088026452776
1164,0.26727252340831087
1165,0.2674432024953222
1166,0.26764972198027565
1167,0.2678340492711078
1168,0.2679899654700885
1169,0.2682154033408902
1170,0.2685094703038079
1171,0.2687829258724552
1172,0.2690246623060213
1173,0.26926090032444283
1174,0.26949742327922105
1175,0.26966860859622666
1176,0.2698181494509911
1177,0.26997299366773103
1178,0.2701208197828732
1179,0.2702988090384069
1180,0.27045731913476456
1181,0.2706443629168327
1182,0.2708101640969748
1183,0.27099171924632476
1184,0.2711526547331694
1185,0.2713343647899583
1186,0.2715137911760611
1187,0.27169718499661655
1188,0.27189553681010475
1189,0.2721102477992081
1190,0.2722953925757509
1191,0.27248388592924283
1192,0.2726577216332102
1193,0.2728091430348577
1194,0.2729827687374733
1195,0.2731622388745342
1196,0.273303036744821
1197,0.2734489917556585
1198,0.27361466563667103
1199,0.2737989493247535
1200,0.27398253208028084
1201,0.274195370307505
1202,0.2743888529520137
1203,0.274577530209987
1204,0.27476272480396957
1205,0.27496463219348216
1206,0.27515651297367716
1207,0.2753595108879323
1208,0.27556951416961734
1209,0.27574038308144316
1210,0.27587859699525324
1211,0.2760529171371973
1212,0.27622199447384943
1213,0.2764060201884853
1214,0.27659323584545886
1215,0.2768077072583584
1216,0.27702472622760416
1217,0.27720013549040173
1218,0.27737068783243335
1219,0.27756218236818214
1220,0.27772966950550915
1221,0.2779291945779578
1222,0.2781315492389001
1223,0.2783633595391428
1224,0.27856029495026335
1225,0.2787575431238238
1226,0.2789446119345917
1227,0.2791068622625315
1228,0.2792928640999689
1229,0.2794783890131178
1230,0.2796589367884467
1231,0.2798350270482862
1232,0.28001596368893883
1233,0.2801835037676917
1234,0.2803739104399222
1235,0.28058724154746184
1236,0.28078139793925627
1237,0.2809516083489668
1238,0.28110276220165537
1239,0.28128054122563906
1240,0.2814742003365212
1241,0.2816733487403406
1242,0.2818852740098211
1243,0.28207434946952925
1244,0.28226699720421117
1245,0.282447570817657
1246,0.2826059848699465
1247,0.2827619223702905
1248,0.28293099378148395
1249,0.28310155871066495
1250,0.2832597715589497
1251,0.28343295617232
1252,0.2836178463948538
1253,0.2838121572994534
1254,0.28402617484056847
1255,0.284213729498403
1256,0.2844226304169913
1257,0.28460549287789816
1258,0.28473279179808847
1259,0.2848834684750238
1260,0.28504368134502583
1261,0.28520490159007006
1262,0.2853885864696725
1263,0.28559749679195695
1264,0.2857856041349641
1265,0.28597729572344793
1266,0.286171247127869
1267,0.28635193352462684
1268,0.28656045582702117
1269,0.2867847090144453
1270,0.28698899376677633
1271,0.28714881512558643
1272,0.2873376310377095
1273,0.287517685817161
1274,0.2876934654925302
1275,0.28786314670289176
1276,0.2880224573390534
1277,0.2881405110187885
1278,0.28829150528250125
1279,0.28846281183449096
1280,0.2886396444746732
1281,0.28879952736985787
1282,0.2889680349511306
1283,0.2891514606055066
1284,0.28932974714655246
1285,0.2894929470101288
1286,0.2896788427593325
1287,0.28984444765205253
1288,0.29000177998776133
1289,0.29015467433939224
1290,0.2903234827709141
1291,0.2904720490429413
1292,0.29061001393618086
1293,0.29076249410519317
1294,0.2909332604734117
1295,0.2911158056425665
1296,0.29129463645399356
1297,0.2914634328749784
1298,0.29160496356489285
1299,0.29174289139293197
1300,0.2919053844731032
1301,0.29206394337090513
1302,0.2922215045822527
1303,0.29240706723877413
1304,0.29262077845096757
1305,0.2928062693900234
1306,0.2929644513542654
1307,0.29310588576833346
1308,0.29324247321865765
1309,0.2933321695461413
1310,0.29349869818503127
1311,0.2936960542002137
1312,0.29384845344777544
1313,0.29394550314580176
1314,0.29404776460903825
1315,0.2941262783410538
1316,0.29421682050320885
1317,0.2943272054631741
1318,0.2944473057980125
1319,0.2945783262006285
1320,0.29469230929820406
1321,0.29483036842134186
1322,0.29492133798048714
1323,0.294964722616442
1324,0.29505224455004175
1325,0.29516603882557146
1326,0.29524729883750434
1327,0.2955150515047039
1328,0.295649149327782
1329,0.29580921259230203
1330,0.29587762369414444
1331,0.2960565515490745
1332,0.2960149810680761
1333,0.29596789478415236
1334,0.2960729187664624
1335,0.2963117663923724
1336,0.29654167801049913
1337,0.2967542424842034
1338,0.29693678926775974
1339,0.29700997190149375
1340,0.2969485595374536
1341,0.297169002228214
1342,0.2972688100173369
1343,0.2973157449157216
1344,0.2973729590008477
1345,0.2974798366216201
1346,0.29786572769437725
1347,0.29748475101249783
1348,0.2974626897639001
1349,0.2974768692439315
1350,0.2965413259186713
1351,0.2968640906862119
1352,0.2969265107987808
1353,0.2970080336780954
1354,0.29701696880609213
1355,0.2970776493345381
1356,0.2973157951297482
1357,0.2960860724291679
1358,0.2948219418543838
1359,0.295172250937887
1360,0.2935828100806831
1361,0.2944189949350599
1362,0.29575513636565737
1363,0.2958936732013464
1364,0.29674562833713164
1365,0.2966833138161451
1366,0.2963877927575623
1367,0.29670667700494613
1368,0.29662860618132947
1369,0.2972602979079169
1370,0.29610439392699256
1371,0.2963433658826015
1372,0.29537292486350236
1373,0.2941238669860568
1374,0.2933200088685615
1375,0.29264237630892476
1376,0.29287102151027944
1377,0.2924657109647469
1378,0.29172078787515937
1379,0.29052805296170714
1380,0.2901887538542201
1381,0.2900194845008743
1382,0.2910905558122791
1383,0.29029520967620526
1384,0.2899801780490437
1385,0.2891105317765761
1386,0.28877981565537086
1387,0.2882411582565607
1388,0.28674069226844456
1389,0.28639778962402745
1390,0.28599238707750224
1391,0.28538103469686393
1392,0.28406096528262714
1393,0.28386157435247045
1394,0.28440319450338664
1395,0.2836724929549904
1396,0.28408967861353746
1397,0.2842288264367555
1398,0.2846097659832684
1399,0.28305223336930907
1400,0.2833416459519096
1401,0.2828796877364171
1402,0.2823450202587745
1403,0.2816760247540061
1404,0.28058713777630484
1405,0.2799492793582981
1406,0.27976503606138653
1407,0.2790315147812322
1408,0.27849266692507596
1409,0.278341192712139
1410,0.2781127709449792
1411,0.27836224002240795
1412,0.27864573702535206
1413,0.2791646690189578
1414,0.27965016021970585
1415,0.27987964547092076
1416,0.28027787233296453
1417,0.2808666757875298
1418,0.2815252860548857
1419,0.28258007853461675
1420,0.28339924470145056
1421,0.28411249717727793
1422,0.2851354399319695
1423,0.2853343571935991
1424,0.285438693768282
1425,0.286041165221191
1426,0.2863784588451246
1427,0.286701834393509
1428,0.28724149563629436
1429,0.28786704931079876
1430,0.2885288671823811
1431,0.2891824071666857
1432,0.28983575039204196
1433,0.29049131541289464
1434,0.29107116179281045
1435,0.29172168919582625
1436,0.2923638015009862
1437,0.29307281403562846
1438,0.2936882393301355
1439,0.29420201276289426
1440,0.29479861415575376
1441,0.29539746732944294
1442,0.29588970093548606
1443,0.2964153678920506
1444,0.2967890467140755
1445,0.29685847747523936
1446,0.2969659783322901
1447,0.2975269867522856
1448,0.2985870155524208
1449,0.2989642333257865
1450,0.29937864287069654
1451,0.2999752005720139
1452,0.30073121135970604
1453,0.30097616037987746
1454,0.30112126258910793
1455,0.301314357093254
1456,0.30154310682110536
1457,0.3017013139184632
1458,0.3018511096432439
1459,0.3020085593313981
1460,0.30217195545641584
1461,0.3023386065108995
1462,0.3024794886388755
1463,0.30267937408847906
1464,0.3028725854663202
1465,0.30311024548000276
1466,0.3034028112644838
1467,0.30365411803381276
1468,0.30374459796436326
1469,0.30397270305217217
1470,0.30430119195928096
1471,0.3047829533509323
1472,0.30541785128241206
1473,0.30579813981107923
1474,0.30611857983517315
1475,0.3064326727368235
1476,0.30667920446959296
1477,0.3069724097518702
1478,0.3073045417186143
1479,0.30775302850486214
1480,0.30823841963973425
1481,0.30850466563074114
1482,0.3087184671620211
1483,0.30892000574778655
1484,0.3091492253357023
1485,0.3093295481626712
1486,0.30955992076685857
1487,0.3099084021601732
1488,0.3101217689328131
1489,0.31060320984331674
1490,0.311125106808012
1491,0.3114722649056155
1492,0.311658843806541
1493,0.3118400362546892
1494,0.3121294312511375
1495,0.31242883909119024
1496,0.3127373760809964
1497,0.31284187973340244
1498,0.31322759676949646
1499,0.31349265402507087
1500,0.3136666523311566
1501,0.31381805575117466
1502,0.31401958437109073
1503,0.31426913553276764
1504,0.3144954204860388
1505,0.31475191736615316
1506,0.3151332160474052
1507,0.31538439671107615
1508,0.3156563625389177
1509,0.31596406165855206
1510,0.3162414261842293
1511,0.31648836601292774
1512,0.31680674926452135
1513,0.3170590495454057
1514,0.3172785554568054
1515,0.3175257092543333
1516,0.31778410920396777
1517,0.31804169765401835
1518,0.31831794039145567
1519,0.3185714805176847
1520,0.3188312326169043
1521,0.3190990431090247
1522,0.31937322268405177
1523,0.3196466091143244
1524,0.31989723691727817
1525,0.32015335262613004
1526,0.3203908566632647
1527,0.3205984312440516
1528,0.3208115076110162
1529,0.3210077299448665
1530,0.3212161656741183
1531,0.32142836789476964
1532,0.3216326857718395
1533,0.32184037840168644
1534,0.32205441666226564
1535,0.32224192521080836
1536,0.32244710683736133
1537,0.32268120249857357
1538,0.3228887155821209
1539,0.323067052043991
1540,0.32323838940771066
1541,0.323397602040006
1542,0.323566626321052
1543,0.3237697194204469
1544,0.323952906363049
1545,0.32414036021378706
1546,0.32430735463378435
1547,0.3244621890391564
1548,0.3246346380407611
1549,0.3247908610083254
1550,0.3249568631508855
1551,0.3251184756844557
1552,0.3252827649608457
1553,0.3254217489887648
1554,0.32553334626739805
1555,0.32570264532751364
1556,0.32587955279150665
1557,0.32601618109301733
1558,0.32618885162380923
1559,0.32637618626378423
1560,0.3265228398868374
1561,0.3266887123998009
1562,0.3268619959899389
1563,0.3269712736884583
1564,0.32708536349284095
1565,0.32724179836121275
1566,0.3273813758096795
1567,0.327523149727294
1568,0.3276551224828428
1569,0.3277406355881557
1570,0.3278557963993667
1571,0.328046189253355
1572,0.32820834685417927
1573,0.3284067578408362
1574,0.3285671527738564
1575,0.32873070885149225
1576,0.32886549658579883
1577,0.3289927010180625
1578,0.32911498163706177
1579,0.3292499180757466
1580,0.3294065899817711
1581,0.32954671002477215
1582,0.329671792355067
1583,0.32980695165496515
1584,0.32993928956543866
1585,0.33006938945591163
1586,0.33017344092629125
1587,0.3303372406319933
1588,0.3304998154854741
1589,0.3306227978235613
1590,0.3308067017428313
1591,0.3309459123000185
1592,0.331042680170545
1593,0.3311719538661829
1594,0.33130249203812095
1595,0.33141376380605514
1596,0.3315397877348108
1597,0.3316519426754093
1598,0.33174309090016973
1599,0.33185883189861987
1600,0.3319779201835017
1601,0.332115697911903
1602,0.33224374600797213
1603,0.3323538217561744
1604,0.3324476311811944
1605,0.3325701678719916
1606,0.3327105734071481
1607,0.33281601373935527
1608,0.3329117683026089
1609,0.33302144039528864
1610,0.3331124601971773
1611,0.3332373372865416
1612,0.33340397068315564
1613,0.3335555749580049
1614,0.33372933878747363
1615,0.3338559840274732
1616,0.33395881552545753
1617,0.33409797915960127
1618,0.3342288710746312
1619,0.33433707725598405
1620,0.3344705543892038
1621,0.3345867227483639
1622,0.3346624286478711
1623,0.3347909049693523
1624,0.3349592977467353
1625,0.3350794622544046
1626,0.33519308784700746
1627,0.33529581658170304
1628,0.3353583921540859
1629,0.3354513677363434
1630,0.3355525325276744
1631,0.3356747683562716
1632,0.335819197944247
1633,0.33593216502805706
1634,0.3360301941330059
1635,0.33612015361388725
1636,0.3361681284999197
1637,0.3362507210528448
1638,0.33632089920032976
1639,0.33643738600217304
1640,0.336612827067473
1641,0.3367530086611476
1642,0.336897989480256
1643,0.3370140458214613
1644,0.3370832399427452
1645,0.3371545081092147
1646,0.3372098935364201
1647,0.33726963708105495
1648,0.3373143031148119
1649,0.3374115003360628
1650,0.33760846218604756
1651,0.3377321766851739
1652,0.3377986336369605
1653,0.3378918932992528
1654,0.33793941284417295
1655,0.3379936658321542
1656,0.3380731103209045
1657,0.33814666051412506
1658,0.33826728852335064
1659,0.33836200493037877
1660,0.3384526487049283
1661,0.3385469856358802
1662,0.3385954877891992
1663,0.3386913783689551
1664,0.3387977891879812
1665,0.33891233357301986
1666,0.33900912037553793
1667,0.33910101468680687
1668,0.3391630471455474
1669,0.3391844367970078
1670,0.33928416696285685
1671,0.3393888747158681
1672,0.33946722466376317
1673,0.33953430726848843
1674,0.3396017099086671
1675,0.3396393866571542
1676,0.3396853887110167
1677,0.33973883619229495
1678,0.3397707872384396
1679,0.3398388666690237
1680,0.33990538608730836
1681,0.33999646334065786
1682,0.34004481457500896
1683,0.3400292160759262
1684,0.3400233161131912
1685,0.34003621171673304
1686,0.34011696067951
1687,0.3402438826031829
1688,0.3403182064585085
1689,0.34031504386456285
1690,0.3403351137556878
1691,0.34035156645249637
1692,0.3403769291216262
1693,0.34046142579736843
1694,0.3405392217751884
1695,0.3406010060380298
1696,0.3405838051190237
1697,0.3406143718958171
1698,0.34065956853255025
1699,0.3406568795067235
1700,0.3407083052806291
1701,0.340795736014865
1702,0.3407801086536899
1703,0.3407337549400602
1704,0.34076900221212664
1705,0.34080943618373394
1706,0.34083695580037826
1707,0.3408971063599825
1708,0.34092934186127266
1709,0.3408841829020205
1710,0.34092802720798937
1711,0.3409899882326143
1712,0.34097588957090974
1713,0.34097679681513865
1714,0.3410065673592598
1715,0.3410263391247257
1716,0.3410672984598485
1717,0.3411289065271942
1718,0.3411293590275806
1719,0.34112548386192976
1720,0.3411104865354344
1721,0.3410638926036338
1722,0.3410419285726727
1723,0.34102854139507327
1724,0.3410435605967505
1725,0.3410066817415516
1726,0.3410167484192145
1727,0.34108754525278967
1728,0.34108165590628003
1729,0.34109864185762334
1730,0.34112417735362904
1731,0.3410738837686929
1732,0.34108133801226026
1733,0.34112736508602537
1734,0.34116991342874076
1735,0.3412607844311207
1736,0.3413086280326254
1737,0.34129774919726374
1738,0.34132965190045184
1739,0.34132989708632683
1740,0.34137226956391964
1741,0.3414233447702804
1742,0.3414102512275042
1743,0.3413187275123296
1744,0.34123795338658314
1745,0.34118761625500904
1746,0.34116325598543257
1747,0.341191212962583
1748,0.3412213352593515
1749,0.34125708719108666
1750,0.3413200479506304
1751,0.34134660071282963
1752,0.341426669321183
1753,0.34143931062101013
1754,0.3414112104897901
1755,0.3414297665872528
1756,0.34138515405646735
1757,0.34135037083230013
1758,0.3414673590022378
1759,0.34140953851643396
1760,0.3414264678786734
1761,0.34148292046424955
1762,0.3415583882698189
1763,0.3416215726696388
1764,0.34169363120233054
1765,0.34170275163297836
1766,0.3416076778146942
1767,0.34160412659931005
1768,0.3416273767267618
1769,0.34158882311086286
1770,0.34130893517423827
1771,0.34138509003457435
1772,0.3414393197294164
1773,0.34147535659373934
1774,0.3414122541051234
1775,0.34128360294563276
1776,0.3412266639785621
1777,0.34128959094160866
1778,0.34136280549325343
1779,0.34134824168870914
1780,0.3411410315067596
1781,0.34113114113400045
1782,0.34104874306841076
1783,0.34086834923992404
1784,0.3407582243961527
1785,0.3403538189109841
1786,0.34009665338742595
1787,0.33996705342518163
1788,0.340074548897889
1789,0.34026128932146626
1790,0.34024005219153225
1791,0.34006861260453936
1792,0.34017352613176705
1793,0.3401026997210139
1794,0.33979881502462234
1795,0.33958559693677026
1796,0.3396507323529354
1797,0.3392314106739802
1798,0.33936771780292074
1799,0.33938768228835225
1800,0.3387002414632949
1801,0.34255719072932667
1802,0.3421613917705348
1803,0.34180675734806104
1804,0.34183976445995445
1805,0.3423967952050315
1806,0.342419246498787
1807,0.34229878198400265
1808,0.342518184679359
1809,0.3425828889204062
1810,0.3420821613355344
1811,0.34311691673946043
1812,0.34376384619206873
1813,0.3436907468028991
1814,0.3441376556450572
1815,0.3441379303488376
1816,0.34406783919603867
1817,0.3442264945343613
1818,0.3444499536492432
1819,0.3449012117623245
1820,0.3449336847350921
1821,0.3449550821400081
1822,0.34493466270673456
1823,0.3449274713095076
1824,0.3456201385067551
1825,0.34616260717291064
1826,0.3477235531875859
1827,0.3488838076545152
1828,0.3498123830385499
1829,0.3514826239468818
1830,0.3540097251589181
1831,0.36044205796552015
1832,0.36549087725432966
1833,0.37147453098120736
1834,0.378879933203062
1835,0.39109723618355247
1836,0.4036104729167636
1837,0.41834072624978347
1838,0.43732115400732197
1839,0.4491945251241592
1840,0.4570359553040252
1841,0.45782971234533704
1842,0.455544291833904
1843,0.44518711089948837
1844,0.44418537781589196
1845,0.4422625534184698
1846,0.4424605885184907
1847,0.4429196375104534
1848,0.4447455962137587
1849,0.4458909259520199
1850,0.44737086201966925
1851,0.44799082590810296
1852,0.44584943637649915
1853,0.4484135447628096
1854,0.44283325697396275
1855,0.4348124882023096
1856,0.42750029504607495
1857,0.4250343073438984
1858,0.41735066165709883
1859,0.41156119706789224
1860,0.40814885789501143
1861,0.40760644074793584
1862,0.40533888067171286
1863,0.40314906148521634
1864,0.40072473903936817
1865,0.40626781537380785
1866,0.4100353861550536
1867,0.4112071891910335
1868,0.4135593804749009
1869,0.4172145799801664
1870,0.4097268263327777
1871,0.4002253822664881
1872,0.39987241092578885
1873,0.39411694357945054
1874,0.38935523205461803
1875,0.38290588803098397
1876,0.37488191657229125
1877,0.3608319822814669
1878,0.3503508517432837
1879,0.3426735894302974
1880,0.34010191288782704
1881,0.3346527935131829
1882,0.3318017465903379
1883,0.32966731597322557
1884,0.3253337446595796
1885,0.3221001783659642
1886,0.31944687224216134
1887,0.31916316697084113
1888,0.3166401204171452
1889,0.31317527243592014
1890,0.3118959953156795
1891,0.3098343368438956
1892,0.30839511175456685
1893,0.3092987422249286
1894,0.30893861758723995
1895,0.30928770014548423
1896,0.30896211074281454
1897,0.3079019144649639
1898,0.3087329409371214
1899,0.31160205924463874
1900,0.313627537781567
1901,0.32016680214161225
1902,0.3223381745893705
1903,0.32373166691723665
1904,0.325232389404717
1905,0.32928456377042875
1906,0.326295521793985
1907,0.3262264531544869
1908,0.3167244894391189
1909,0.3044779088376485
1910,0.2988651004509823
1911,0.2899861276168907
1912,0.2830990351673596
1913,0.2778048383950712
1914,0.27361286415904834
1915,0.27051426396681993
1916,0.2682000292380371
1917,0.26590103764167233
1918,0.26488324874811414
1919,0.2649682228695388
1920,0.2648386267607992
1921,0.2650389923433886
1922,0.26516573730996545
1923,0.26496644615377396
1924,0.2649602424521009
1925,0.2650238515957266
1926,0.2648628448487267
1927,0.2653953340541346
1928,0.2662626128737158
1929,0.2666904461654662
1930,0.266894491154573
1931,0.26781620501693015
1932,0.26897258367205723
1933,0.2701947565139118
1934,0.2704117704524146
1935,0.27121053483619006
1936,0.2718902249529161
1937,0.27261857395598194
1938,0.27277232424469067
1939,0.2731772506233816
1940,0.2733290334995989
1941,0.2731804098737581
1942,0.27392461478841607
1943,0.2741127448208082
1944,0.2745765043696416
1945,0.2742630341981368
1946,0.27486995050074675
1947,0.2751155389227587
1948,0.27567664924317165
1949,0.27630776046292754
1950,0.2769999520785039
1951,0.2778301935890539
1952,0.27846395514408795
1953,0.2786830561839078
1954,0.2790943309852986
1955,0.28045655959032906
1956,0.280881042116416
1957,0.2816690576264303
1958,0.28277504931674446
1959,0.2835645429771151
1960,0.28445236738867913
1961,0.285002043332104
1962,0.2856577010658867
1963,0.28651941752729854
1964,0.287284436257006
1965,0.28764924141600295
1966,0.28778957759896545
1967,0.2879097160414439
1968,0.28846512881622755
1969,0.289036832095102
1970,0.2897162545273005
1971,0.29051973542297876
1972,0.29110840467384735
1973,0.29166583119601475
1974,0.2920960524633002
1975,0.2924582502366656
1976,0.29307057107225976
1977,0.2934501596034219
1978,0.2937966086374739
1979,0.29438443543854403
1980,0.29503150168661557
1981,0.2957259467671854
1982,0.2964199709370137
1983,0.2969543364637999
1984,0.29745839348521297
1985,0.2980713321039502
1986,0.29869760350875163
1987,0.299164859161422
1988,0.29964376864853814
1989,0.3000974809231965
1990,0.30048173164015635
1991,0.30097138448101446
1992,0.3014424362039957
1993,0.3018410713731831
1994,0.30224608519841495
1995,0.30265145692664563
1996,0.3031388510296336
1997,0.3039152601543821
1998,0.304337180043853
1999,0.3046498238392211
2000,0.30535590532857965
2001,0.3056277164020865
2002,0.30661722739565456
2003,0.3074564274669621
2004,0.30815080821398744
2005,0.3093732984606146
2006,0.310295278228214
2007,0.31112383117050946
2008,0.31173759408171897
2009,0.3125467941078443
2010,0.3129803220673642
2011,0.31345687411005146
2012,0.31361677976642394
2013,0.314045002720672
2014,0.3145869966462041
2015,0.31519783833079534
2016,0.3159429186045981
2017,0.3165199669943774
2018,0.3168847021570213
2019,0.3172531371652781
2020,0.31778273561338205
2021,0.31804000976105734
2022,0.3184147130518785
2023,0.31880784687300817
2024,0.3192797058871619
2025,0.3194434388503731
2026,0.3196788278294809
2027,0.3197610687965587
2028,0.3199558308116431
2029,0.3202085448063857
2030,0.3205168018073183
2031,0.32077355553971415
2032,0.3210120372917057
2033,0.321245847314542
2034,0.3214156402840924
2035,0.3215377622009845
2036,0.32164864316253655
2037,0.3218340088185412
2038,0.32222713101684836
2039,0.3224027129306973
2040,0.32263978884435174
2041,0.32282154490653175
2042,0.3229791190374964
2043,0.3231419144203838
2044,0.32331652271197403
2045,0.32345204710521075
2046,0.323548258121654
2047,0.32356472758326654
2048,0.32370811257418186
2049,0.3238976595363027
2050,0.324014725477487
2051,0.32418899516364597
2052,0.3243506727155105
2053,0.32461600467958834
2054,0.32475551218545223
2055,0.3248167789991892
2056,0.3248892349561889
2057,0.3250678092959313
2058,0.3252411069478211
2059,0.32532285200630373
2060,0.32541074354876764
2061,0.3254687439713238
2062,0.32540429976549345
2063,0.32542328707818075
2064,0.3254690598720334
2065,0.3255687948912986
2066,0.32568599410589644
2067,0.3258017623996828
2068,0.32602355127025395
2069,0.326175571508317
2070,0.32619874805953303
2071,0.32628306538995183
2072,0.32642505315225423
2073,0.3265153870564022
2074,0.3265744242654143
2075,0.3266571759401821
2076,0.3267301670533565
2077,0.32681076918464763
2078,0.32690329095290005
2079,0.3269834552966871
2080,0.32705671021977334
2081,0.32716543148120275
2082,0.32720116723250026
2083,0.3272040279977563
2084,0.3272435233024152
2085,0.3272944790447175
2086,0.3272656762189298
2087,0.32716273553460234
2088,0.327145068673293
2089,0.3271049417827163
2090,0.3270547161246417
2091,0.32707095095727207
2092,0.32701706416384957
2093,0.32695246464238514
2094,0.3269812614465036
2095,0.3269480415353985
2096,0.32686909825470306
2097,0.3268195794313811
2098,0.32662750810306473
2099,0.3265764207694484
2100,0.3267286647205237
2101,0.3267436016015415
2102,0.326767324770449
2103,0.32674911363170794
2104,0.32661350070623285
2105,0.32651970727196483
2106,0.32651802792162427
2107,0.32651436624949165
2108,0.3264941660170207
2109,0.32645848360643664
2110,0.32646696160394834
2111,0.32642418331434203
2112,0.32641559148831967
2113,0.3263758134814321
2114,0.32635515058042475
2115,0.32644285115771515
2116,0.3264776340185517
2117,0.3266192354484755
2118,0.32665605968050426
2119,0.32666928669173295
2120,0.32669357260505133
2121,0.32671369074879875
2122,0.32671702177818757
2123,0.32684405048231824
2124,0.3268737971935697
2125,0.32676166260582273
2126,0.32675145255439686
2127,0.32673449309546426
2128,0.32670003962529176
2129,0.3266572250846084
2130,0.3266585114700401
2131,0.3266503599081665
2132,0.32652894989307524
2133,0.3263692246619033
2134,0.32629154335608956
2135,0.3261192347494985
2136,0.3258821583653867
2137,0.32556727629451226
2138,0.32550128916107746
2139,0.3252427511131239
2140,0.3249054920467947
2141,0.3245570548456393
2142,0.32412647997658833
2143,0.323695224339952
2144,0.32322597109474166
2145,0.32276568233803643
2146,0.32225282175217307
2147,0.3216772230471754
2148,0.3211841771883969
2149,0.32059063436737545
2150,0.32005393961392514
2151,0.31932730569015316
2152,0.31852980327532804
2153,0.3177751075379365
2154,0.3171176647307613
2155,0.31650036672386067
2156,0.3158638952157411
2157,0.31529465351340197
2158,0.31462414356888857
2159,0.3138391436570877
2160,0.31316415783802
2161,0.3125163834921824
2162,0.3118416362630146
2163,0.31115534031784864
2164,0.3106106472645112
2165,0.3101234102527475
2166,0.30954478825696224
2167,0.3089702150879913
2168,0.30842490308250775
2169,0.30781162113126287
2170,0.307396029670507
2171,0.3067849041630128
2172,0.3060571661715965
2173,0.3055290752540296
2174,0.3050316669220454
2175,0.3044795865029542
2176,0.30401656059470705
2177,0.30347780857398465
2178,0.30307380196080036
2179,0.30249055149865584
2180,0.30172880612215447
2181,0.3010560510308073
2182,0.3002900062410145
2183,0.29955965983854366
2184,0.2988240427026236
2185,0.2981392301570534
2186,0.2976147913673307
2187,0.2967664472042504
2188,0.29583212061186076
2189,0.2950355586087968
2190,0.2941802768787048
2191,0.29335481731012086
2192,0.2924095839371439
2193,0.29148256881731716
2194,0.29055471862391896
2195,0.2895956755781775
2196,0.2885656112206158
2197,0.28749804665726936
2198,0.28644234913153865
2199,0.2852121003968563
2200,0.2839240075891678
2201,0.2825815440903553
2202,0.2813396503761031
2203,0.2800563700070963
2204,0.2790725612872486
2205,0.27812194609992774
2206,0.27731117849815173
2207,0.27656173999082057
2208,0.2761173448803511
2209,0.27574878460041674
2210,0.2759425661168273
2211,0.2765676961570238
2212,0.2771790560242109
2213,0.27793116498758363
2214,0.27875110988070423
2215,0.2798505376796589
2216,0.2811133424569637
2217,0.28204546346123105
2218,0.2827666905374816
2219,0.283546157687739
2220,0.2842446330454758
2221,0.28494680034907244
2222,0.28562932715566225
2223,0.2862798003012964
2224,0.2869160742194026
2225,0.2874544450691825
2226,0.2879973686455928
2227,0.2883698792727857
2228,0.28856196470449463
2229,0.2886840985344864
2230,0.2887114212223539
2231,0.28872968795938475
2232,0.2886271325318962
2233,0.28848394493477814
2234,0.28823771719359964
2235,0.2880494630989633
2236,0.2878153539085546
2237,0.2876481808057802
2238,0.287580552309052
2239,0.28751115407810124
2240,0.2876542148751102
2241,0.2874947038256097
2242,0.28747804270021693
2243,0.28739742089264375
2244,0.2871160657916662
2245,0.28688690229500413
2246,0.28677404025934183
2247,0.28660750939648844
2248,0.2865175239013867
2249,0.28668464618174905
2250,0.28667822360334205
2251,0.2868202106483513
2252,0.28690980343520134
2253,0.28695397241517373
2254,0.286997249749912
2255,0.28715535121930885
2256,0.2873492771587516
2257,0.28757611127063637
2258,0.2877527113922781
2259,0.2878154774725927
2260,0.2879699625115438
2261,0.28834355759319025
2262,0.2885085377925626
2263,0.288910929175643
2264,0.28895727519464764
2265,0.28909619172568485
2266,0.2891645374418541
2267,0.28927364152380985
2268,0.2893870012970214
2269,0.28973734962257247
2270,0.28981601941005725
2271,0.2896803607747036
2272,0.2895097434421385
2273,0.28939748199444015
2274,0.2892521428916152
2275,0.28898132817755245
2276,0.28887001259781336
2277,0.2887042644654799
2278,0.2884900935362905
2279,0.2880635991812144
2280,0.2875845624652477
2281,0.2869341715736506
2282,0.2866867540232046
2283,0.28625798813197284
2284,0.28594857202633356
2285,0.28528291739326256
2286,0.2849776858609633
2287,0.2846889916751478
2288,0.28445212873862347
2289,0.28397028705073085
2290,0.28346655045497626
2291,0.28302788634670795
2292,0.2829302094134959
2293,0.28243537087323095
2294,0.2821004532842229
2295,0.2816466811788378
2296,0.2812328825028656
2297,0.2807816341128965
2298,0.28011788984751723
2299,0.2798011653365785
2300,0.2796118909408974
2301,0.2794243286553369
2302,0.27946605647517114
2303,0.27926187159705373
2304,0.279135259997399
2305,0.27894293616821403
2306,0.2784752167471933
2307,0.27804787696178057
2308,0.27768039327642907
2309,0.277449719958416
2310,0.27697994817472604
2311,0.27668641680315464
2312,0.27678834441707334
2313,0.2767233088793119
2314,0.2766419672574593
2315,0.27691666974749135
2316,0.2765653644322691
2317,0.2765756206138369
2318,0.276290194687496
2319,0.2760578232849774
2320,0.27597022507504804
2321,0.2760721302493624
2322,0.2758063824787333
2323,0.27546962692132754
2324,0.2752889417712253
2325,0.27475427516456685
2326,0.27456373649240307
2327,0.2742275407448402
2328,0.27383664065539653
2329,0.2734262048481013
2330,0.2730791836840326
2331,0.27255523418166844
2332,0.27220267464710896
2333,0.2718769271355584
2334,0.2714093943405482
2335,0.27084293634269735
2336,0.270479508182099
2337,0.2700863689263562
2338,0.269701848736633
2339,0.26924493688233997
2340,0.2685313385476023
2341,0.26793622044780263
2342,0.26753969263186855
2343,0.26702971770908907
2344,0.2666210678835972
2345,0.2662342010689694
2346,0.26579906328639
2347,0.2649399183301241
2348,0.26467029124587543
2349,0.264087322268932
2350,0.2635896215500459
2351,0.26355755765868893
2352,0.2631777634395463
2353,0.2629785196093313
2354,0.26284748201552677
2355,0.2625444275757573
2356,0.2620896705675817
2357,0.26176208817651025
2358,0.26136968275544625
2359,0.26132088069573345
2360,0.2612179310526636
2361,0.2609247055431846
2362,0.26062398266864717
2363,0.260363557766911
2364,0.26033199690802483
2365,0.2598495904657091
2366,0.2597194923185834
2367,0.25941755356827223
2368,0.25953911613599523
2369,0.2593213104579452
2370,0.2587940471380074
2371,0.2582524564105631
2372,0.2582683295718285
2373,0.25772792245826937
2374,0.25732327646768877
2375,0.257009247810605
2376,0.2567712498977563
2377,0.25669785958795704
2378,0.2564966255785601
2379,0.2563022231307631
2380,0.2559911297993913
2381,0.25537364734976503
2382,0.25498586151059827
2383,0.2550629163366623
2384,0.2545670666688246
2385,0.25421801808778793
2386,0.25374934035284463
2387,0.2541768568225197
2388,0.2542250635397904
2389,0.25344534430576215
2390,0.2532693063006134
2391,0.25401189200886803
2392,0.25405137161673247
2393,0.2541970430544502
2394,0.2541666346409293
2395,0.2536493525472422
2396,0.2538465400945053
2397,0.25335165356840117
2398,0.25330429898794077
2399,0.2536524304307949
2400,0.25343765484637676
2401,0.2532015446869029
2402,0.25297033666712415
2403,0.2529792171627196
2404,0.2526348554541488
2405,0.2526454517894616
2406,0.25248468796668183
2407,0.2514582334274353
2408,0.2514229638644008
2409,0.2517804967648737
2410,0.2514251209124285
2411,0.25104984444827305
2412,0.2503308544385271
2413,0.24969926429111217
2414,0.2495812147472054
2415,0.24926199640851304
2416,0.24858308375735322
2417,0.24820122978001286
2418,0.2479167337490522
2419,0.24742696955833213
2420,0.24713190962508896
2421,0.24676916327552004
2422,0.24615782039912149
2423,0.2455983316520645
2424,0.2452879196458574
2425,0.24510135269825145
2426,0.24407675565030829
2427,0.24354288352519107
2428,0.24319209839043038
2429,0.24277671841233983
2430,0.2424989147421972
2431,0.24121359299820788
2432,0.24040826280469607
2433,0.2395334999062386
2434,0.23887362521577554
2435,0.23853143901059812
2436,0.23790314498882426
2437,0.23709938949941642
2438,0.23647645944531792
2439,0.23592002930397046
2440,0.23534433459059467
2441,0.23515827106860862
2442,0.23484513812108715
2443,0.23420706294054439
2444,0.2334484882880503
2445,0.2326738582862231
2446,0.2326299912530261
2447,0.23250786738058235
2448,0.23189848469184723
2449,0.2308259814136845
2450,0.23081713100922
2451,0.23048965699024906
2452,0.2299750899981782
2453,0.22928992499374035
2454,0.22796899849607768
2455,0.22740729527304773
2456,0.22728784159680698
2457,0.2261657622646416
2458,0.22649135060385578
2459,0.22635208953830205
2460,0.2265979535387781
2461,0.22658951311774322
2462,0.22487453762709472
2463,0.22449344368297872
2464,0.2240243264034097
2465,0.22382325638168432
2466,0.2230048959430857
2467,0.22291302733152446
2468,0.22303872707805217
2469,0.22339651316045028
2470,0.2225998633140555
2471,0.22153898320896018
2472,0.22045054013521567
2473,0.2194848225285523
2474,0.21830860542516753
2475,0.21890587225930055
2476,0.22005821600301254
2477,0.21985711284907827
2478,0.21930305117289667
2479,0.2189151456053484
2480,0.21754049878231713
2481,0.2169831826545233
2482,0.2171065421854946
2483,0.21639771247795092
2484,0.2166075174570934
2485,0.21681443381471158
2486,0.21696075887030764
2487,0.21793170783144133
2488,0.21884998150487034
2489,0.21884217583452517
2490,0.2189240846607602
2491,0.21796573473378555
2492,0.2178021104943401
2493,0.21614590943249742
2494,0.2146716743166989
2495,0.2120628911755776
2496,0.21238356347901313
2497,0.21352232667179258
2498,0.21482050485248202
2499,0.21593311540044613
2500,0.21725018825316159
