Wavelength,29DEC18
350,0.02920894702216794
351,0.029112068112539836
352,0.02880720113505191
353,0.028720216840592817
354,0.02910236051040299
355,0.02917474516531253
356,0.029245699823183688
357,0.029308176846691066
358,0.02917736170915569
359,0.02932395259777257
360,0.02949827571272764
361,0.0294397083873167
362,0.029581305197899685
363,0.029627936647904547
364,0.029797704209761813
365,0.029966964212990076
366,0.030012444269630713
367,0.030066161064325414
368,0.03010795496839988
369,0.03027393871442051
370,0.030381883420052415
371,0.030457243443603996
372,0.030574342936622485
373,0.03065542571493738
374,0.030812755206160752
375,0.0310066693597585
376,0.03122770610296771
377,0.03137749592792874
378,0.03155575854450768
379,0.03167861646043737
380,0.03191097543754343
381,0.03202809996667559
382,0.032302204241207846
383,0.032561145966221616
384,0.03274427396125887
385,0.032918817896823216
386,0.03323923836876137
387,0.033552846689294126
388,0.03382515146607233
389,0.03408171914599874
390,0.03433450422359205
391,0.03461336015838215
392,0.03486473298911322
393,0.03517199668533892
394,0.035546634968371155
395,0.03591441871230029
396,0.036275186215288524
397,0.03656970991374736
398,0.036935549527706155
399,0.03723812478126034
400,0.03757283053502664
401,0.0378864479723111
402,0.03819625364582791
403,0.03854235221472757
404,0.03889034393195329
405,0.03919251225975674
406,0.03959111615816546
407,0.039999910616748915
408,0.04040213584978058
409,0.04080680461971194
410,0.04122230270414074
411,0.0416173353173652
412,0.042016693210012904
413,0.042438289245501845
414,0.04286287507565287
415,0.04324194702350282
416,0.04364023732739096
417,0.043986288950560344
418,0.04433856955511732
419,0.04471870683694918
420,0.04505287504555915
421,0.04543223693490063
422,0.04580952573776899
423,0.04614438179408638
424,0.046446538911846955
425,0.04679307637694736
426,0.047118446267053984
427,0.047441252516811576
428,0.04779039842018131
429,0.048133124448038564
430,0.048481701869958954
431,0.048812936255767964
432,0.04909618926225177
433,0.049413431887580406
434,0.04971369008568838
435,0.05000404220589982
436,0.050315042703432775
437,0.05059226233845361
438,0.05082729706905177
439,0.051038488623320874
440,0.05123566834460827
441,0.05148023482811514
442,0.051744425316661014
443,0.051987577869204944
444,0.052216061051098966
445,0.05243100605313554
446,0.05265304523309586
447,0.05291269212358239
448,0.05319222890076406
449,0.053450692967712835
450,0.05369745912152933
451,0.05396187186056404
452,0.054170802976777746
453,0.05438673172066601
454,0.05460956553972883
455,0.05485531141967649
456,0.055138794531478255
457,0.05539002366780649
458,0.055591158195575446
459,0.05579509086519181
460,0.055982518289425964
461,0.05614470121350815
462,0.05633993225635084
463,0.056546019220699795
464,0.05676785869668077
465,0.05695538768781755
466,0.05715386545448601
467,0.05734151914914763
468,0.057576249445258354
469,0.05782497991519962
470,0.05804398652752098
471,0.05828022005636675
472,0.05847701312123613
473,0.05866082589300675
474,0.05883587168542643
475,0.05902546188545019
476,0.059242594739720586
477,0.05942294654622267
478,0.05956582628366727
479,0.05974205881645681
480,0.05992754006223833
481,0.06012549196218383
482,0.06030677867776711
483,0.0605171368165644
484,0.06074219025833367
485,0.0609662974738762
486,0.06119030825970663
487,0.06142270689932247
488,0.06163436951520562
489,0.06183779159309972
490,0.06206215979484849
491,0.0623134791460534
492,0.0625557864721022
493,0.06279664655400477
494,0.06304124928256194
495,0.06330550620480672
496,0.06357318290227768
497,0.06383967409457827
498,0.06411888488958642
499,0.06441178171404285
500,0.0647142429034029
501,0.06504119774898734
502,0.06540009022756224
503,0.06577393591479451
504,0.06615777674999157
505,0.06658755137513366
506,0.06702367889558694
507,0.06745723937494176
508,0.06792531696045395
509,0.06835916690048052
510,0.0687955423502017
511,0.06931309608718794
512,0.06988370471974646
513,0.07049667152652767
514,0.0711296290444343
515,0.07188555926187393
516,0.07267846163510208
517,0.07358014554691075
518,0.07427189390889138
519,0.07494022302707026
520,0.07567780366730596
521,0.07650319266999966
522,0.07720175348384516
523,0.07790001479084341
524,0.07856339051090994
525,0.07937006804805447
526,0.08016289091844095
527,0.08092773960637975
528,0.08159952269210277
529,0.08240129623428202
530,0.08312855549228104
531,0.08381236925863225
532,0.08453332513754495
533,0.08522652149473889
534,0.08584690260145124
535,0.08643025009019616
536,0.08697450790722326
537,0.08750808942317133
538,0.0880168070235976
539,0.08849786960512102
540,0.0889556132376301
541,0.08941558392758092
542,0.08985589938596164
543,0.09030479030044117
544,0.09073095143826182
545,0.09113475161420895
546,0.09153651820015996
547,0.09194274781473832
548,0.09233797445078076
549,0.09269493011649373
550,0.0930294582231202
551,0.09335177431375691
552,0.09363150018267732
553,0.09387797098992028
554,0.09410343892466673
555,0.09426013802289232
556,0.09442213046034575
557,0.09448076463589077
558,0.09451149049521657
559,0.09451032942105991
560,0.09449492599883194
561,0.09453179761879787
562,0.09444432591899057
563,0.09432720260324298
564,0.09429864668380905
565,0.09421203405351525
566,0.09420229091561058
567,0.09395219248947359
568,0.09400235684658463
569,0.09403317964193396
570,0.09385133664538331
571,0.09366974013454465
572,0.09349880551194803
573,0.09334230038035383
574,0.09325562487041901
575,0.09318765712217814
576,0.09314511224587635
577,0.09311823763715169
578,0.09307111354080963
579,0.09293289624938458
580,0.09291101831367843
581,0.09282875490508642
582,0.09275228156283667
583,0.09271247289261411
584,0.09272474978223019
585,0.09281062561537401
586,0.09276346195245475
587,0.09278061150477251
588,0.09294622894322735
589,0.09306999378343553
590,0.09321399016429904
591,0.0933391457712233
592,0.09343998680182308
593,0.09355317820689704
594,0.0936713635335311
595,0.09376457275512172
596,0.09388203235987547
597,0.09398086017554039
598,0.09404123576019083
599,0.09410933244684067
600,0.09419438041418687
601,0.09430901575330673
602,0.09440072997190624
603,0.09446349551561302
604,0.0945053663060439
605,0.09453210522909691
606,0.09460795424728155
607,0.09466738041946869
608,0.09472104478913668
609,0.09477477261304632
610,0.09482695685052164
611,0.09487146743095598
612,0.09490938921078801
613,0.09491056299567885
614,0.0949802875003462
615,0.0950562875765536
616,0.09506877328267833
617,0.0950744997706496
618,0.09512168549959278
619,0.09522300630890297
620,0.09533021625476357
621,0.09544654501202496
622,0.09558039986715448
623,0.09574121674046804
624,0.09591853964160933
625,0.09609522918642108
626,0.09629584918746914
627,0.0965137615196592
628,0.09672210892261868
629,0.09692369575729995
630,0.09713092675680135
631,0.09732238620952618
632,0.09749214624033106
633,0.09763163763751678
634,0.09777397231637516
635,0.09789556520719093
636,0.09795761243400122
637,0.09798680296302656
638,0.09800226753787974
639,0.09794176140112129
640,0.09790061418442252
641,0.09786823334115005
642,0.0978306680915387
643,0.09778386723202961
644,0.09773511552002555
645,0.09769055831817695
646,0.09766966920396612
647,0.09766128953415698
648,0.09766680671860947
649,0.09767326554906346
650,0.09766110192041753
651,0.09767674924830358
652,0.0977059385558189
653,0.09775326086070629
654,0.0978431545031868
655,0.0979389767989472
656,0.09799096353664857
657,0.09803051298126653
658,0.0980425273808232
659,0.09803372932014226
660,0.09802490113334349
661,0.09802218186081438
662,0.09803681945864587
663,0.09806598874855196
664,0.09808961801317871
665,0.09806950917437515
666,0.0980590164356839
667,0.09810678091693634
668,0.09820331154448485
669,0.09831137201804377
670,0.09843240935641111
671,0.09860968462562197
672,0.09878983441947327
673,0.09897049389950618
674,0.09916491127026246
675,0.09938248086574333
676,0.0996208690438744
677,0.09987364665525339
678,0.10013894701841478
679,0.10044382446493538
680,0.10077840361189302
681,0.10113012416545625
682,0.101503766324806
683,0.10194233174121808
684,0.10245760286281988
685,0.10302568581565316
686,0.10384276769907322
687,0.10477269504011277
688,0.10576018426735244
689,0.10669256701573437
690,0.1078199769621789
691,0.10916952927907153
692,0.11080342122899617
693,0.1125572436770472
694,0.11452378057935525
695,0.11649488963936169
696,0.11850379697558693
697,0.12066242035686073
698,0.12330319457284211
699,0.12623970375873933
700,0.12888505791362953
701,0.13165627713984468
702,0.13455021099969672
703,0.1377154542441304
704,0.140436345640841
705,0.1433634820636243
706,0.14621290535851994
707,0.14956426166485154
708,0.15285010365230156
709,0.15617220124218004
710,0.15995577901121671
711,0.1634003226738774
712,0.16652095540392664
713,0.1704393731515609
714,0.17431558726349078
715,0.17822883244252952
716,0.1813270960219662
717,0.184951406660256
718,0.18905503204210788
719,0.19331568048856945
720,0.19772100316430963
721,0.20190222366167038
722,0.2058162244190872
723,0.20961173360081278
724,0.21364913094649368
725,0.21778411112472215
726,0.22216274616265103
727,0.2263096844304568
728,0.23033321879719015
729,0.23456833661156534
730,0.2382361164992839
731,0.24168516289115008
732,0.24581250890422382
733,0.2491944705953592
734,0.2524040923761893
735,0.2558155081197493
736,0.2593290023100491
737,0.26275883132249744
738,0.2659948639683042
739,0.2690558037026216
740,0.27211392203859164
741,0.27505013598841976
742,0.27773402571757455
743,0.2803382426633838
744,0.28300793240540145
745,0.2853948361506137
746,0.28748020693150433
747,0.28957866399035026
748,0.2915781955788814
749,0.29346557971470366
750,0.2952559532499954
751,0.2969244149697781
752,0.2984484584532088
753,0.2999157085867191
754,0.3012654549691425
755,0.3025268250911446
756,0.3037448370586463
757,0.3049030233606315
758,0.30602948175924516
759,0.30718058363586626
760,0.3086529997755477
761,0.31022221677675865
762,0.31094131844418893
763,0.31140757059881896
764,0.31180848183795284
765,0.31221465857144715
766,0.3126111083871194
767,0.31304436078068304
768,0.31350893520347534
769,0.31403141838620063
770,0.3145951233179157
771,0.31513092584325963
772,0.31565598110601706
773,0.31617186018436855
774,0.3166659009496594
775,0.3171415367906641
776,0.3176100124351523
777,0.31801197110593893
778,0.3184110194234615
779,0.3188323034085516
780,0.3192461488824436
781,0.3196368165776462
782,0.3200295290265289
783,0.3204086520783398
784,0.32078899836055563
785,0.3211695951301976
786,0.3215380574007663
787,0.321894952846315
788,0.322285429532157
789,0.32269752700820814
790,0.3231079667406242
791,0.3235302625980064
792,0.3239497602011952
793,0.32439181724998617
794,0.3248218031167529
795,0.3252272692213879
796,0.32560850650033923
797,0.326002511492113
798,0.3264088281137598
799,0.326803945642394
800,0.32721073488067265
801,0.3275981871638929
802,0.3279978408462842
803,0.3284044770462249
804,0.32882496522429716
805,0.329234790781311
806,0.32963640143203654
807,0.3300443700918284
808,0.33045748181581014
809,0.3308227950716664
810,0.33115126792643534
811,0.331503948626527
812,0.331817046094123
813,0.33212509292274095
814,0.3324459829351195
815,0.3327229346178311
816,0.333066038522282
817,0.333477888803175
818,0.3339410319930633
819,0.334383127831411
820,0.3347784142987736
821,0.33514071635137943
822,0.3354911404363028
823,0.33584030737194726
824,0.33622439446033753
825,0.33658884301186
826,0.3369191082349887
827,0.33722614817879326
828,0.337557779401255
829,0.33791104357395985
830,0.3382823040771163
831,0.33864886696482066
832,0.3389804258949042
833,0.33933259950916844
834,0.3396877608314881
835,0.3400387531147284
836,0.34039658679216783
837,0.34076895101398275
838,0.3411527500797632
839,0.3415079582730362
840,0.3418787861012616
841,0.34223250754202605
842,0.3426009807152458
843,0.3429679253642617
844,0.3433221376908099
845,0.34369784597912956
846,0.3440344473079564
847,0.3443784146734891
848,0.34473176144046697
849,0.34506575522976646
850,0.34540893673458445
851,0.3457619574519537
852,0.3461250213285004
853,0.3464873894430759
854,0.3468550632633869
855,0.3471917728989981
856,0.3475096223216031
857,0.34788942170823023
858,0.34822019451681063
859,0.3485288825273565
860,0.34884393885459913
861,0.3491360703883749
862,0.3494650373656283
863,0.3497973425518204
864,0.35011152002357115
865,0.3504769406680625
866,0.3507765574650962
867,0.3510545621901522
868,0.3513696441613005
869,0.35174070472430313
870,0.35206835718054297
871,0.3523676635530051
872,0.3527028301014342
873,0.35302579094631575
874,0.3533515186111891
875,0.3536650595719421
876,0.35396716856923716
877,0.35426352914326775
878,0.35457312640912575
879,0.35491857431911406
880,0.35523225098054767
881,0.3555068780579964
882,0.35579884459314964
883,0.3561343861221603
884,0.356417565221515
885,0.35668615325056385
886,0.35701801073357053
887,0.3573683824149204
888,0.35761551228484134
889,0.3578602181186578
890,0.358120602518501
891,0.3584122953663289
892,0.3586476601620243
893,0.35890670153380466
894,0.3591948580495569
895,0.35945673213048873
896,0.3596791719975485
897,0.35978047271154767
898,0.35990879245054264
899,0.36008404471669797
900,0.36030580984407445
901,0.3605834010644685
902,0.3608515678409183
903,0.36113329304872943
904,0.36142618908865093
905,0.3616546975585976
906,0.36183445481262916
907,0.3619960759524361
908,0.3621633431911605
909,0.36228403709783463
910,0.3623750583397792
911,0.36249872033909225
912,0.362705254621451
913,0.3628208011118177
914,0.36291527448656635
915,0.36316096568844747
916,0.3634566155956235
917,0.36379845245521414
918,0.36409901193639754
919,0.3643418354576938
920,0.36462397184234197
921,0.36486794686653884
922,0.36499795412540703
923,0.365040784791157
924,0.36505566330017525
925,0.36501862765735105
926,0.3648808822968356
927,0.3646243124732187
928,0.3642578821892938
929,0.3639547821234071
930,0.36371902128627664
931,0.3632127333941831
932,0.3627463417741026
933,0.3622570605932825
934,0.3616388987830583
935,0.3613340600861047
936,0.3612621135955284
937,0.361415754329626
938,0.36174333316505836
939,0.3623231762839484
940,0.3625296197675562
941,0.3624986306639377
942,0.3625108072810328
943,0.3626253182879684
944,0.3625446652118507
945,0.36238991328196435
946,0.3621930119601532
947,0.3619136421443887
948,0.36200654167655055
949,0.36201307183974984
950,0.3617478962100992
951,0.3614776100647572
952,0.36135359377225773
953,0.36138067800085727
954,0.3613398102528397
955,0.3609653670230625
956,0.36104965064696903
957,0.36130300981137675
958,0.36161039471809064
959,0.3619289801490303
960,0.3622913836347095
961,0.36248601459900176
962,0.362802089420587
963,0.36329184722245955
964,0.3640471768585477
965,0.364436280494001
966,0.36475812478890934
967,0.36496812732366746
968,0.3652066845776204
969,0.3655386040426534
970,0.3659950919353321
971,0.3662250948304489
972,0.366351872703756
973,0.3665610298790902
974,0.36678219911197396
975,0.36706091900836735
976,0.3674363736495506
977,0.3676405777468749
978,0.3677995830590386
979,0.36821632223376244
980,0.3687300166104769
981,0.3691518708828148
982,0.3695560882203292
983,0.36992354079842316
984,0.3702650192567294
985,0.3707766578880448
986,0.37123043847096565
987,0.3713959745725225
988,0.3720335641161393
989,0.3724265570148763
990,0.37287623455243046
991,0.3733273341879041
992,0.3735234043940841
993,0.37391117069021895
994,0.3743229223512723
995,0.37462442692125963
996,0.37509884755700823
997,0.3752324903769854
998,0.3756393478274207
999,0.3761552071525185
1000,0.37661007266751245
1001,0.3828260324904826
1002,0.38322778795999923
1003,0.3837108554135631
1004,0.3841462887247824
1005,0.384622681648971
1006,0.3851018624135737
1007,0.3855823627655509
1008,0.38607009799060543
1009,0.38653034644009765
1010,0.3870592888994996
1011,0.3875483305945385
1012,0.38807148829402693
1013,0.3885716257258713
1014,0.3890893375388952
1015,0.3896439055768939
1016,0.39016514203196806
1017,0.39072011290713976
1018,0.3912482137483858
1019,0.39173578106370655
1020,0.3921868757010377
1021,0.3927159031087395
1022,0.39318181433809907
1023,0.39366043145992474
1024,0.3941898380510515
1025,0.3946399028669003
1026,0.39511242790382395
1027,0.3956322924355578
1028,0.3961483845169276
1029,0.39659291136816205
1030,0.3970738338093036
1031,0.39753386119529555
1032,0.3979742852535182
1033,0.3984092093811411
1034,0.39884259292872004
1035,0.39930502658019507
1036,0.3998479276847594
1037,0.40033351973308984
1038,0.4008399368170653
1039,0.4013335262520036
1040,0.4017633359530891
1041,0.4021662693091755
1042,0.4025783138801465
1043,0.40298786852616747
1044,0.4033978620963158
1045,0.40381311890049487
1046,0.40420820440713
1047,0.40458216947041437
1048,0.4049470821896015
1049,0.4052926503506105
1050,0.4057188423071898
1051,0.4061120624271025
1052,0.40639988829363527
1053,0.406666824776333
1054,0.4069847206409535
1055,0.40728534347650214
1056,0.40759813220003227
1057,0.4079237059711378
1058,0.40823069367244524
1059,0.40853079137866566
1060,0.40881895341405505
1061,0.40907871249258176
1062,0.4093139715051939
1063,0.40962708212849125
1064,0.40998263094389
1065,0.4102743319080919
1066,0.4106233899795325
1067,0.4109595175517886
1068,0.4113298980065833
1069,0.4116729360959649
1070,0.4119543277286948
1071,0.41227766255516646
1072,0.4124993237151443
1073,0.4127870557576312
1074,0.41307370117986963
1075,0.4133906215918962
1076,0.41370265373443216
1077,0.4140906659441237
1078,0.4144325805991981
1079,0.4147222957189533
1080,0.4149652618491553
1081,0.4152745152148023
1082,0.41551312425437925
1083,0.41579461477580315
1084,0.4160355818898228
1085,0.4162673339764744
1086,0.4164637931875155
1087,0.4166494265968061
1088,0.4168574898511813
1089,0.41704021650446516
1090,0.4172342176270344
1091,0.41738484100771567
1092,0.41758398918588524
1093,0.41777688387537576
1094,0.41794377129939353
1095,0.4180899650566675
1096,0.418211634088561
1097,0.41834184139747715
1098,0.4184938926739482
1099,0.4186014261964591
1100,0.4186085184448057
1101,0.41868419661732137
1102,0.4187516420385119
1103,0.41884150977440093
1104,0.41890396630002213
1105,0.418965700690249
1106,0.41900577892506274
1107,0.4191138766755615
1108,0.41921738785896273
1109,0.4192763088804444
1110,0.4195656844559193
1111,0.419711223622553
1112,0.41970802837545257
1113,0.41961182412866527
1114,0.4193356975045457
1115,0.4191670949390761
1116,0.41903920760254776
1117,0.4188843648858299
1118,0.4186659008899506
1119,0.41837454449011635
1120,0.41786937920403644
1121,0.4171483977772088
1122,0.41651117543928223
1123,0.41588108932678103
1124,0.4155640197842916
1125,0.41525082646194844
1126,0.415093060825666
1127,0.41480134257241374
1128,0.4144732817011345
1129,0.4140642152766026
1130,0.4136763697885524
1131,0.41321341702612224
1132,0.41274229261031303
1133,0.41225095830756103
1134,0.41159716440556937
1135,0.41108586465262215
1136,0.41059202705925557
1137,0.40997752686127187
1138,0.40941491070698816
1139,0.40876586483771793
1140,0.4080531600376155
1141,0.40726921566687124
1142,0.4067007251619599
1143,0.40597786798559676
1144,0.40520264022063707
1145,0.40427377551836424
1146,0.40311236693341523
1147,0.40206060708164304
1148,0.4008163090953423
1149,0.3995584909339489
1150,0.3985518691351496
1151,0.39778809906270873
1152,0.3974417682549396
1153,0.3970152659240026
1154,0.39669565788459005
1155,0.3966556401065082
1156,0.39636817168869143
1157,0.3963007664862237
1158,0.39628749882596775
1159,0.3961758295880942
1160,0.3960012193412782
1161,0.39586465403211546
1162,0.39571906264581763
1163,0.39562662619116395
1164,0.39565493040807515
1165,0.39569759585076014
1166,0.39580344649605126
1167,0.39598288772687906
1168,0.39614525102452347
1169,0.3963257686446721
1170,0.3965161359906425
1171,0.39655566198619197
1172,0.39662339499278443
1173,0.3967051810824711
1174,0.3968262970180648
1175,0.39697785153999765
1176,0.39710148560314884
1177,0.3972351879568763
1178,0.3973647729239189
1179,0.39752194208703084
1180,0.3976697737420337
1181,0.3978329900656159
1182,0.39800002043084204
1183,0.3981708406631429
1184,0.39833580764533716
1185,0.3985134578002115
1186,0.398675632444247
1187,0.39887482449259015
1188,0.3990680671959883
1189,0.3992208240209918
1190,0.3994098423071767
1191,0.39966232244963507
1192,0.3998918527621077
1193,0.4001303262948406
1194,0.4003414213492658
1195,0.4005678229039283
1196,0.40079164373903486
1197,0.4010504734386834
1198,0.40133594447335036
1199,0.4016177012509772
1200,0.4018987783187556
1201,0.40218627130774354
1202,0.40248006941664727
1203,0.40279392375574496
1204,0.40315160296399344
1205,0.40351286337805725
1206,0.40386617102083566
1207,0.40425522214819853
1208,0.40466313970666207
1209,0.40505551319505984
1210,0.40542598200446456
1211,0.40581958029053683
1212,0.4062034279874286
1213,0.406609240282604
1214,0.407067555825362
1215,0.4075120290432338
1216,0.40795442669704757
1217,0.40844391437647853
1218,0.4088984004650203
1219,0.4093659762285979
1220,0.4098641067706889
1221,0.4103310743035852
1222,0.41082787056164205
1223,0.41133707025897015
1224,0.41183863359631623
1225,0.41240462516048737
1226,0.4129565115868893
1227,0.41347840178610706
1228,0.41400509498750415
1229,0.41455122099673203
1230,0.41506274367378093
1231,0.4155708846231646
1232,0.416073876988042
1233,0.4165480985498557
1234,0.41702456904272983
1235,0.4175027702371896
1236,0.4179893703837621
1237,0.41848916985938167
1238,0.4189620975372798
1239,0.4194600017888237
1240,0.4199780157144351
1241,0.42049113962594364
1242,0.4209913813727606
1243,0.42147011706648496
1244,0.42192184226695006
1245,0.42237590607539044
1246,0.42280566637068473
1247,0.42324962199965366
1248,0.4237280727874584
1249,0.4241744354205458
1250,0.4246194629351525
1251,0.42504268256765854
1252,0.4254480867586885
1253,0.4258367176453417
1254,0.426222945718551
1255,0.42658996132936944
1256,0.4269644517604248
1257,0.42730571043393195
1258,0.42764669232295904
1259,0.42796176852035067
1260,0.4282885706548548
1261,0.4286145004884121
1262,0.4289221814167772
1263,0.42919995652587317
1264,0.42947934303952573
1265,0.4297402586032676
1266,0.42998183291476993
1267,0.4302198961450132
1268,0.43046753542785826
1269,0.4306570524127111
1270,0.43088880402669527
1271,0.43108108944281687
1272,0.43126745253985854
1273,0.4314551924395757
1274,0.43164376221604317
1275,0.43182864610307053
1276,0.4319719956154283
1277,0.4321210884526778
1278,0.43225058334986255
1279,0.43233746504391574
1280,0.43241320711896813
1281,0.4324788526285741
1282,0.43249214340030745
1283,0.43251720584170283
1284,0.43250526912874493
1285,0.43238442339277194
1286,0.4322325052928089
1287,0.43206056504894264
1288,0.43198592204864694
1289,0.4318018585289177
1290,0.4316999674169587
1291,0.4316856831945216
1292,0.4316321392454423
1293,0.4313923776230698
1294,0.43120375922399273
1295,0.4310647269153609
1296,0.43065463760979994
1297,0.43023322705391553
1298,0.4297984259932324
1299,0.4293045330531422
1300,0.42902352306357094
1301,0.42893971066361103
1302,0.4289024762472274
1303,0.42865737076516397
1304,0.4281074906622755
1305,0.4275335729383498
1306,0.42691628339140086
1307,0.42641839115067737
1308,0.42615430745707794
1309,0.4259836856375049
1310,0.42583963055347085
1311,0.42539291037739285
1312,0.424647538269491
1313,0.42367501553783515
1314,0.42295543139271896
1315,0.42202077879494554
1316,0.42137565277489986
1317,0.4210678816490815
1318,0.4208650614003515
1319,0.4201735149506653
1320,0.41927893480223716
1321,0.41853336549621817
1322,0.41779559013652
1323,0.4171626407590845
1324,0.41632675492973015
1325,0.41554389163829825
1326,0.4143772037369987
1327,0.4129011723713837
1328,0.4117941970584288
1329,0.41055772797234447
1330,0.40970225437720587
1331,0.40871744585766706
1332,0.40748449119990837
1333,0.40628173219652897
1334,0.40503941960776396
1335,0.4041170793225952
1336,0.4028335536544636
1337,0.40192154838707905
1338,0.4012091947296309
1339,0.400518371052345
1340,0.39971986151861105
1341,0.3990820427263197
1342,0.39863089565778786
1343,0.3980385598204106
1344,0.39740617177384485
1345,0.39693979200450913
1346,0.3961993499650137
1347,0.3954548541936808
1348,0.3948162653938172
1349,0.39402910118207407
1350,0.39381946489043346
1351,0.3934254795262804
1352,0.39268040356261125
1353,0.3912764619288536
1354,0.3899191681939573
1355,0.38929694023099315
1356,0.3878983128228243
1357,0.38926221528914207
1358,0.3886875511562018
1359,0.38990190057768537
1360,0.38816114136658686
1361,0.3891440210848016
1362,0.38856864164889154
1363,0.3875584133170866
1364,0.3844225451661484
1365,0.3888673267525484
1366,0.38815002938997706
1367,0.3914994039276962
1368,0.38801348938657354
1369,0.386360742349809
1370,0.3827398643767772
1371,0.37521564059869383
1372,0.37426874338715604
1373,0.36983319210610355
1374,0.3687074928044778
1375,0.3702237691243824
1376,0.3700506700667483
1377,0.3665764582818489
1378,0.36544994659455543
1379,0.3619360148708963
1380,0.36087862900854817
1381,0.3592370331970484
1382,0.35589641356487883
1383,0.3506495614674141
1384,0.3420902382009034
1385,0.33803384329540664
1386,0.3329603837038497
1387,0.32756631021161364
1388,0.3265553584681635
1389,0.3218492048899182
1390,0.31958333643284387
1391,0.313623551880195
1392,0.3126367454471235
1393,0.3084927305636763
1394,0.307135534480391
1395,0.30299497182880836
1396,0.29599754314630666
1397,0.2925244837385239
1398,0.2919488747479153
1399,0.288729697155768
1400,0.2872485600588429
1401,0.2846625956275161
1402,0.281554217524852
1403,0.2774999727226285
1404,0.2725220616838133
1405,0.26919115441012215
1406,0.2659133029868649
1407,0.26268639798642945
1408,0.260155878788183
1409,0.2579359823644577
1410,0.2555609275775405
1411,0.25356541254837117
1412,0.2523050946604027
1413,0.25181960825982364
1414,0.25039693287181486
1415,0.24916481273767235
1416,0.2474901586625526
1417,0.24680863315906368
1418,0.24623839874691736
1419,0.24544977657762612
1420,0.24472399065939981
1421,0.24363767274441947
1422,0.24328276365968476
1423,0.24334848507069154
1424,0.2431728974668152
1425,0.24285405727417292
1426,0.24228748119222693
1427,0.24156488670301685
1428,0.24126714636533486
1429,0.24107813830940159
1430,0.24075314319165017
1431,0.2404991355616145
1432,0.24023995691342992
1433,0.2396671792562102
1434,0.23936006151723935
1435,0.2393669051071305
1436,0.23922114297863092
1437,0.23905004445770217
1438,0.23897160992677258
1439,0.238860690910334
1440,0.23884669948692888
1441,0.23895492713597433
1442,0.23905907082002764
1443,0.23914062207914547
1444,0.23921373643768573
1445,0.23923757515519883
1446,0.23935684848082273
1447,0.23948900704898402
1448,0.23969405553961795
1449,0.23988521145620909
1450,0.24015192953590264
1451,0.24038028081417145
1452,0.24060502930001565
1453,0.24076680006620949
1454,0.24085884383808515
1455,0.24099831668673022
1456,0.24118280996727848
1457,0.2413311195527485
1458,0.24153194958146468
1459,0.24168647749910496
1460,0.24179556308605626
1461,0.24195025808863413
1462,0.2421096110132348
1463,0.24239132736063596
1464,0.2427273452395286
1465,0.2432000146664436
1466,0.24381146872237686
1467,0.24436482592006464
1468,0.2450330903084958
1469,0.24570446505712362
1470,0.24632703456121124
1471,0.24704851264213268
1472,0.2477496027292831
1473,0.2484891014740076
1474,0.24922098283454489
1475,0.2499580071458934
1476,0.25066708334325966
1477,0.25141214236135945
1478,0.2521512223258796
1479,0.25292347732959974
1480,0.253635464747611
1481,0.25446756499851253
1482,0.25535995293821745
1483,0.25624786369271235
1484,0.25714494964773305
1485,0.2580769102836673
1486,0.25897882553170437
1487,0.25989667428099217
1488,0.260653633379735
1489,0.2614643860693819
1490,0.2621174925550498
1491,0.2627048616272092
1492,0.26335318913960665
1493,0.26398203004481524
1494,0.26460844791513416
1495,0.26537156001414564
1496,0.26624723265349404
1497,0.26719736559286783
1498,0.26817831660521907
1499,0.2692199412014858
1500,0.270168286155863
1501,0.27116312560480826
1502,0.27214442706776815
1503,0.27316801055036743
1504,0.274163511469392
1505,0.27514389508930237
1506,0.27616395095569934
1507,0.2771887556493
1508,0.27813846034500844
1509,0.2790709787726286
1510,0.2799602211532437
1511,0.2808081207342061
1512,0.28166402760342046
1513,0.2825162344881451
1514,0.28339228711745473
1515,0.2843003066983134
1516,0.2851817068554797
1517,0.2860875649928986
1518,0.2869935331448741
1519,0.28792690541494126
1520,0.2888985628373686
1521,0.28989824241388085
1522,0.29087736198052705
1523,0.2918244607144904
1524,0.29278905727942983
1525,0.2937522492790203
1526,0.2947079816949745
1527,0.29565622670354774
1528,0.2966101945571989
1529,0.2975757475391198
1530,0.2985240276334832
1531,0.2994809282674779
1532,0.3004256402668931
1533,0.30133669303528066
1534,0.3021798924656668
1535,0.30302888968427744
1536,0.3038583217397715
1537,0.30466969331096116
1538,0.3054966995280405
1539,0.3064138023257812
1540,0.3073265345405235
1541,0.30822852369920606
1542,0.30912455929462945
1543,0.31000866672542304
1544,0.31086915732799725
1545,0.311723477782613
1546,0.312589521928188
1547,0.3134792979364597
1548,0.3143408136745107
1549,0.3151907080144761
1550,0.3160532254309833
1551,0.31689980408145657
1552,0.31772468556461864
1553,0.31859457715323847
1554,0.31940200447294215
1555,0.3201798885196925
1556,0.3210946375354123
1557,0.32202137829324434
1558,0.322963149378976
1559,0.32391467812344754
1560,0.32483138838253955
1561,0.3257295075976145
1562,0.3266055267224513
1563,0.32745103229489025
1564,0.328318145071416
1565,0.3291657198197896
1566,0.3299960229498367
1567,0.33083896489875747
1568,0.3315584238316298
1569,0.3322465886263445
1570,0.33299205836603263
1571,0.3337224232249575
1572,0.33444377264654285
1573,0.33519620359928776
1574,0.3359837570456413
1575,0.33676567220367404
1576,0.33753234031400625
1577,0.33828580277196096
1578,0.33903142300856026
1579,0.3397744975888518
1580,0.34050906268327497
1581,0.3412416098749328
1582,0.34197566440216
1583,0.3427078928632611
1584,0.34342951284305295
1585,0.34417600627385136
1586,0.34491410714679854
1587,0.3456773557980435
1588,0.3464783817227551
1589,0.3472308592412703
1590,0.3479854821468022
1591,0.3487525274490587
1592,0.34948501617086325
1593,0.3502474767436753
1594,0.3510386831196838
1595,0.35177883310182223
1596,0.3525118265037481
1597,0.3532805966314365
1598,0.3540626417307054
1599,0.3548427928026979
1600,0.35563895217781993
1601,0.35644157315495906
1602,0.35714452330265134
1603,0.3578722816705238
1604,0.35860418794796345
1605,0.3593249903126393
1606,0.36006050548586344
1607,0.3608158694162926
1608,0.3615755021923507
1609,0.36233661706035675
1610,0.3631026290572541
1611,0.36384614084314915
1612,0.3645702502348659
1613,0.3652891444892217
1614,0.3660063573288072
1615,0.36669485115846523
1616,0.3673770305398727
1617,0.36803591695086596
1618,0.36866939950378724
1619,0.3693114436412782
1620,0.3699699150670007
1621,0.3705855538613728
1622,0.37118996268768856
1623,0.37181246738494933
1624,0.3723861459906394
1625,0.37297789322825636
1626,0.3736005984734788
1627,0.37418880304954927
1628,0.3747663783797933
1629,0.37532251844160247
1630,0.3758579252872858
1631,0.3764102176249034
1632,0.3769234460529046
1633,0.3774360807465726
1634,0.37791686476826103
1635,0.3784056837389294
1636,0.37889483522272716
1637,0.3793800501768486
1638,0.379862522638157
1639,0.38034402800108447
1640,0.38078707222141583
1641,0.3812443019873957
1642,0.38168049383976177
1643,0.38207903222731676
1644,0.3824619238968813
1645,0.3828297599853032
1646,0.383148625715917
1647,0.38348410627428486
1648,0.3838458922510452
1649,0.3841415388332341
1650,0.38437541356984417
1651,0.384606987441275
1652,0.38477579894187397
1653,0.3849653411530627
1654,0.38514158778792407
1655,0.38528846641005265
1656,0.3854471241498587
1657,0.3856111725787377
1658,0.38574675333912456
1659,0.385804481600597
1660,0.3858310828157204
1661,0.3858971222057185
1662,0.38587198172091464
1663,0.3858025706863698
1664,0.3857555088275193
1665,0.38570842461010635
1666,0.3856532400933097
1667,0.385603474891359
1668,0.3855246761579447
1669,0.38538004577157425
1670,0.3852745649237115
1671,0.3851715545205805
1672,0.3850533982743047
1673,0.3849198565915821
1674,0.3847668925015931
1675,0.3845701833897025
1676,0.38433420936653795
1677,0.38407683420279404
1678,0.38382589703056
1679,0.38351860529495035
1680,0.38319738741947107
1681,0.3828756008612619
1682,0.38252094964857364
1683,0.3821929671523947
1684,0.38187207892380637
1685,0.3815059752323162
1686,0.3811479750486073
1687,0.3807499958525782
1688,0.3803389757469904
1689,0.37996058090592555
1690,0.37958624643751826
1691,0.3792080261759592
1692,0.37890169897510806
1693,0.37861591014080487
1694,0.37826104969549534
1695,0.37795513810675496
1696,0.3776265195930386
1697,0.3772533038959081
1698,0.3769587970048132
1699,0.37665559549363203
1700,0.37629007304105844
1701,0.3759541014067176
1702,0.3756428739243204
1703,0.3753658913593376
1704,0.37501620506921524
1705,0.3745973287732033
1706,0.3742219219075227
1707,0.373822504762959
1708,0.3733743395514622
1709,0.37291426062737515
1710,0.3724341564360878
1711,0.3719240923370777
1712,0.3715639098903102
1713,0.3711916289242688
1714,0.3707723531716495
1715,0.3703535903866926
1716,0.36988814345823395
1717,0.3694662270326826
1718,0.36904269010953766
1719,0.368662954313726
1720,0.368278601269493
1721,0.3678357852566362
1722,0.36742575041406833
1723,0.3670573553802262
1724,0.3667049670833084
1725,0.3664026879683822
1726,0.3661031446368528
1727,0.36583905309474984
1728,0.36558540912905635
1729,0.3653870305622511
1730,0.3651886684300221
1731,0.36499299790890294
1732,0.36478719502300383
1733,0.36458275503190113
1734,0.3643854687896384
1735,0.3642741137974518
1736,0.36415086537396124
1737,0.3640252029583996
1738,0.36393814488148124
1739,0.3637180822038174
1740,0.36350541060673935
1741,0.3632816306197514
1742,0.36296507965088676
1743,0.36266219970537195
1744,0.3623397987419428
1745,0.3619511448638986
1746,0.36158059814283866
1747,0.3611737215844273
1748,0.36077616968832804
1749,0.3604174349264188
1750,0.36004801688495336
1751,0.3596744470493966
1752,0.35927661597200355
1753,0.3588344568187547
1754,0.35838800500050555
1755,0.3579495042104496
1756,0.35752256827978107
1757,0.3571572164043333
1758,0.3567833982621645
1759,0.35637705871781433
1760,0.35597536094282334
1761,0.3555579084678394
1762,0.35515657719899074
1763,0.3547193566262633
1764,0.35429999105266524
1765,0.35388122829972035
1766,0.3535776195574841
1767,0.3532335744056113
1768,0.3529069710454158
1769,0.3526963167302271
1770,0.3524816556471745
1771,0.35225851229988825
1772,0.352068747583964
1773,0.35198531135515365
1774,0.35189249421453217
1775,0.3517421716234984
1776,0.35167879801357316
1777,0.35173185028652454
1778,0.3516450726244643
1779,0.3514608987808226
1780,0.35135149942807753
1781,0.35141402349327544
1782,0.3512330055552465
1783,0.3511344909557844
1784,0.35108844869348044
1785,0.35097719545271333
1786,0.3510616541591684
1787,0.35122962512299394
1788,0.35121225971183834
1789,0.3512525674103925
1790,0.35128524359679286
1791,0.35134124274666556
1792,0.35144046154386455
1793,0.35167638249725025
1794,0.3519086142964638
1795,0.3521105419134112
1796,0.352491464518639
1797,0.3527107982818521
1798,0.3527427717699126
1799,0.3526614146917856
1800,0.3527111030096254
1801,0.3564910119036975
1802,0.35660011223019794
1803,0.35671647085506175
1804,0.35700595979289623
1805,0.35799354749916545
1806,0.3577776436027513
1807,0.35745090154145376
1808,0.3583715424796525
1809,0.3601868806496156
1810,0.36139624634521994
1811,0.36245419287061115
1812,0.36377077631706206
1813,0.3651663902391827
1814,0.3658914715564786
1815,0.36691750155958436
1816,0.36946805785844605
1817,0.37060898717609936
1818,0.3715381111496452
1819,0.37424674650086953
1820,0.3732818204977273
1821,0.3756369667515139
1822,0.37623712141577326
1823,0.3781480225604872
1824,0.3844638663981075
1825,0.3871964789718516
1826,0.3906536823593608
1827,0.39603907289038687
1828,0.40355651317665386
1829,0.4113740391384276
1830,0.4274027949420995
1831,0.4448957745841674
1832,0.46300252577643974
1833,0.49185202218594076
1834,0.5204508924419424
1835,0.5527830289955553
1836,0.5881504080557034
1837,0.6295318475374467
1838,0.6697776880148107
1839,0.7260460584763025
1840,0.7765747215108819
1841,0.7588195501093253
1842,0.7427337985223106
1843,0.7646649329938002
1844,0.7573675758764519
1845,0.784572622340123
1846,0.792475249817442
1847,0.7769970795921719
1848,0.7699655279140649
1849,0.7714831423691668
1850,0.7766229472190131
1851,0.7668789183557194
1852,0.7688485244630645
1853,0.7469489070067326
1854,0.7153500259519693
1855,0.744514535006547
1856,0.7559369586625363
1857,0.7549317162091342
1858,0.7670196286853483
1859,0.7503977761216742
1860,0.6990312382362556
1861,0.6662394934744139
1862,0.6619922759168975
1863,0.6564859226116114
1864,0.687799052072453
1865,0.7235252034657076
1866,0.756698751737516
1867,0.7699730566972941
1868,0.7725353484210735
1869,0.76475702815319
1870,0.7328305466844417
1871,0.7171535072128787
1872,0.7274007941975342
1873,0.7077006323807723
1874,0.6764558467085745
1875,0.650930371028074
1876,0.6037315699208631
1877,0.5540818432612175
1878,0.5301937238502248
1879,0.5128546745818398
1880,0.48589948174608877
1881,0.4695588610506546
1882,0.45278074435837035
1883,0.43543845464132225
1884,0.4280794536961348
1885,0.41581281953500926
1886,0.39607062572448704
1887,0.393144779402416
1888,0.3905523279731379
1889,0.3788960271102789
1890,0.3701053336626911
1891,0.36290329212229483
1892,0.3610544533234771
1893,0.35868131808038595
1894,0.35997691441459123
1895,0.36857674807296226
1896,0.3777458165086469
1897,0.39218472778927516
1898,0.4042388843005975
1899,0.4145688909493126
1900,0.42999435349513454
1901,0.45169177186178994
1902,0.4819760601925867
1903,0.5033761484190418
1904,0.5365929025198776
1905,0.5507248161990952
1906,0.5576391753694976
1907,0.5448608897942546
1908,0.5257013153281298
1909,0.502004378581153
1910,0.47927288256382283
1911,0.4380880438027006
1912,0.40500814704766197
1913,0.37061996199368163
1914,0.3400307578106828
1915,0.3122859517851504
1916,0.2960064348177333
1917,0.28086766646343414
1918,0.26832558019845404
1919,0.25933426914802893
1920,0.25064220938614756
1921,0.24635211345835534
1922,0.24122242223787238
1923,0.2296627988475365
1924,0.22605508918895506
1925,0.22336977256622936
1926,0.22248949540643526
1927,0.22337888345862228
1928,0.22224697765306378
1929,0.21932921593980514
1930,0.21692900958130237
1931,0.21665296705554568
1932,0.2138701349998357
1933,0.2124260110461022
1934,0.21122114879653664
1935,0.20973989778223467
1936,0.20860945059776348
1937,0.20768263483929061
1938,0.20729869186689587
1939,0.20607420490449918
1940,0.20605275005301393
1941,0.20601318335527175
1942,0.20643851009070963
1943,0.20545520455545943
1944,0.2060773550293057
1945,0.2066151415367365
1946,0.2068999957322578
1947,0.2071498722945327
1948,0.2071480251705539
1949,0.20761258444070063
1950,0.20782985724573255
1951,0.20835652847553376
1952,0.20875596650535005
1953,0.20910332026366507
1954,0.20975967936063208
1955,0.21044887658943282
1956,0.21090753287653585
1957,0.21178556254254916
1958,0.21241457851367423
1959,0.21327708080143393
1960,0.21372060325986098
1961,0.2141289061084714
1962,0.2145520586189658
1963,0.21492402455934562
1964,0.21537658706507068
1965,0.2157187446851371
1966,0.21622113239845658
1967,0.21658904386243394
1968,0.21691386654272055
1969,0.21700496602719538
1970,0.21732297215696578
1971,0.21772078085394764
1972,0.2181450743894187
1973,0.218695244280843
1974,0.21913248109034475
1975,0.21954945617348476
1976,0.21998880067101262
1977,0.22035333682003153
1978,0.22082289844134645
1979,0.2213877885883833
1980,0.22206047734124282
1981,0.22268997484886466
1982,0.22335352741343195
1983,0.22398964206138758
1984,0.22457922112986492
1985,0.2251580173312282
1986,0.225772741261431
1987,0.2263024187317354
1988,0.2267561641625594
1989,0.22732099048881776
1990,0.22786004527813225
1991,0.22830216992578917
1992,0.2287451929457768
1993,0.2292862368140029
1994,0.22990436885381477
1995,0.23051658884654339
1996,0.23101991806195477
1997,0.23138983720603645
1998,0.23189956760556113
1999,0.23234843911758085
2000,0.23286618094098932
2001,0.23357481851194792
2002,0.23424115112467073
2003,0.2349555212663221
2004,0.23529900894087286
2005,0.23542965961480813
2006,0.2351811705709127
2007,0.2354598565277501
2008,0.23567156496232622
2009,0.23589877541286636
2010,0.23634153417429066
2011,0.2364825315081732
2012,0.23649176914472872
2013,0.23637105471241596
2014,0.23643633221939261
2015,0.23650810372030973
2016,0.2365598608842102
2017,0.23659891107442288
2018,0.23645583806158427
2019,0.23635793158568927
2020,0.23615274199988495
2021,0.23564622954451406
2022,0.23540073015833313
2023,0.23521928543941276
2024,0.23491601925364736
2025,0.23457829004618702
2026,0.23433649503467063
2027,0.234099692168241
2028,0.233878363883035
2029,0.2337849919852245
2030,0.2334828877909495
2031,0.23308902853604146
2032,0.23276565123939402
2033,0.2324281353239394
2034,0.2320540704457315
2035,0.2317215963723236
2036,0.23134213442262372
2037,0.2310188609863709
2038,0.23081382394387104
2039,0.2304586626290102
2040,0.23000515162722052
2041,0.2296257237088384
2042,0.22917100763184123
2043,0.22879515384811877
2044,0.22849648358167696
2045,0.22818168276664458
2046,0.22784141634268884
2047,0.22750488211036463
2048,0.22725119391624093
2049,0.2269683698977623
2050,0.22668441975495807
2051,0.2264821306754762
2052,0.22615936678951656
2053,0.22585936990539274
2054,0.2256376979223519
2055,0.22551492404360526
2056,0.22531417462433873
2057,0.22512789488375756
2058,0.2250811962288044
2059,0.22493386888998126
2060,0.2247511319820325
2061,0.22468495895843604
2062,0.22453619811615888
2063,0.22441404925939296
2064,0.22431762350045178
2065,0.2242037771778235
2066,0.22412371393101643
2067,0.22406267809588676
2068,0.223979886652103
2069,0.22396069761866996
2070,0.22403138604131548
2071,0.22406917118148884
2072,0.22402852721609012
2073,0.2240801544656369
2074,0.22407485591893073
2075,0.22416886046831064
2076,0.22442491716518445
2077,0.22462878959558757
2078,0.2247925809673129
2079,0.22493081065117326
2080,0.22502210599190814
2081,0.22503870863299205
2082,0.22514532644587087
2083,0.22524567704025167
2084,0.22541097191822512
2085,0.22566447922029806
2086,0.22586329642074754
2087,0.2260599173477398
2088,0.2262270814542171
2089,0.2263674078921582
2090,0.2265450636597675
2091,0.22670167501345756
2092,0.22688784420739933
2093,0.22709399965424168
2094,0.227337293595273
2095,0.22757462788140076
2096,0.22783059748442164
2097,0.22805948128669645
2098,0.22829388943041076
2099,0.22856393154095425
2100,0.22881329149750507
2101,0.229078641578414
2102,0.22936138040272028
2103,0.22963963397281945
2104,0.2299302867376494
2105,0.23024904428939885
2106,0.23062720684585347
2107,0.23097269732436201
2108,0.23127818057241423
2109,0.23161902342897958
2110,0.23192977446736357
2111,0.23232844973006997
2112,0.23273804366498804
2113,0.23317463866664404
2114,0.2335461550131031
2115,0.23390086465954474
2116,0.2343033419608726
2117,0.23465469319384513
2118,0.23507739124382132
2119,0.23561654616399014
2120,0.2360568702824347
2121,0.236495141967218
2122,0.23690780041930362
2123,0.23730641370186642
2124,0.23768691651885357
2125,0.23802068837634988
2126,0.23837759167320377
2127,0.23876928290785213
2128,0.2390920129199915
2129,0.23939273879501016
2130,0.23965322113606782
2131,0.24001356037857438
2132,0.24036505915383483
2133,0.2407222685365134
2134,0.24106801860696364
2135,0.24146663783808414
2136,0.2418879256104245
2137,0.24217277421557956
2138,0.24244348233887375
2139,0.24275708610225788
2140,0.24308571596200562
2141,0.24336136156156046
2142,0.2435893030343681
2143,0.24381094924131708
2144,0.24406331366236902
2145,0.24434883384796854
2146,0.244557904704571
2147,0.24481724336273492
2148,0.24511109861490615
2149,0.24548008603521895
2150,0.2457556677262867
2151,0.24604587725692412
2152,0.24628085036842198
2153,0.24639289637654915
2154,0.2466165730687786
2155,0.24691598921826363
2156,0.24710321981268646
2157,0.24720685778834983
2158,0.2473185741004456
2159,0.24733040400794873
2160,0.24746924242449672
2161,0.2477661113855938
2162,0.2479480656113493
2163,0.2481590336184329
2164,0.24828783056787462
2165,0.24827898793550468
2166,0.2484097307029128
2167,0.2484716824927251
2168,0.24873348808442425
2169,0.24898441285134826
2170,0.2492216579950578
2171,0.2495154504871256
2172,0.2498030282246591
2173,0.2500512482256903
2174,0.2503085983970075
2175,0.25058980909184936
2176,0.25079608690543154
2177,0.2510641502140752
2178,0.25148619694137186
2179,0.25169789941134524
2180,0.2517110370099678
2181,0.2518997019407092
2182,0.25213734225606105
2183,0.2523079202631424
2184,0.25255032218428913
2185,0.2527848337264946
2186,0.25295142226105183
2187,0.25312518374496595
2188,0.253267548332623
2189,0.2534530538007327
2190,0.253666972207172
2191,0.25382881176951794
2192,0.25400769689386077
2193,0.2542860731656421
2194,0.25444119790786546
2195,0.254662429229898
2196,0.25485663706815576
2197,0.25501404714851067
2198,0.255157520015565
2199,0.255196268301964
2200,0.2552875860906073
2201,0.25539760665516165
2202,0.2555043938195185
2203,0.2555014307272502
2204,0.25559368681285266
2205,0.2555761217933201
2206,0.25563490545745027
2207,0.2555888224774999
2208,0.25569857801976037
2209,0.25594698570091845
2210,0.2561631927712765
2211,0.2565294718605362
2212,0.25675572429806126
2213,0.2568653736050601
2214,0.2569286737629461
2215,0.2570595903935381
2216,0.2570471458044824
2217,0.2571567809186784
2218,0.25734835682020707
2219,0.2574900796668814
2220,0.25759916960986806
2221,0.2576103630575768
2222,0.257547015573854
2223,0.257448536228521
2224,0.25732428267297036
2225,0.257138739938304
2226,0.2569371236275855
2227,0.256634273062409
2228,0.2561743759477732
2229,0.25575931530286444
2230,0.25525096590981916
2231,0.25473666654305827
2232,0.25426257437859034
2233,0.2536801028580501
2234,0.253036812961814
2235,0.2523325215437253
2236,0.25166438880297315
2237,0.25097560907300887
2238,0.25016574012179266
2239,0.2493346745154788
2240,0.24839572219186057
2241,0.24752008028743216
2242,0.2466927878314888
2243,0.24583694667960712
2244,0.24490669308595123
2245,0.2440055812083286
2246,0.2430148522356238
2247,0.24187932194468437
2248,0.24085654934221118
2249,0.23993735428332413
2250,0.2390289010090704
2251,0.23813174389837405
2252,0.23733875088364925
2253,0.23669430813263542
2254,0.23597162023867305
2255,0.2353229558078921
2256,0.23449641676263078
2257,0.23335748641244713
2258,0.23233558585578976
2259,0.23140698211346988
2260,0.23061297164927047
2261,0.22993246773061524
2262,0.22914023329032568
2263,0.22826907876441094
2264,0.22744861470167688
2265,0.22683879028144294
2266,0.22619606039305504
2267,0.2255583515079419
2268,0.22491444295962237
2269,0.2242968972801091
2270,0.22373079537141216
2271,0.22310664624526572
2272,0.22262163350368602
2273,0.22208083752298635
2274,0.2215991104921574
2275,0.2211623991599334
2276,0.2207252521774956
2277,0.22045486934664352
2278,0.22022276560634788
2279,0.21990331344127428
2280,0.21959429316947804
2281,0.21924352799283442
2282,0.2188057221500031
2283,0.21852830925851252
2284,0.21844068329483957
2285,0.2182094852742515
2286,0.2180167415335513
2287,0.21774622946449576
2288,0.21740510597340326
2289,0.21714152608590126
2290,0.21695680026281827
2291,0.21663778297231756
2292,0.21629649194019804
2293,0.21592823470085037
2294,0.2153836908892
2295,0.21488701590774856
2296,0.21448275492945054
2297,0.21401999099699662
2298,0.21345112524775348
2299,0.2128349687115771
2300,0.21201216094797992
2301,0.21135948172259816
2302,0.21074932378710642
2303,0.21019865328612108
2304,0.20974784079734693
2305,0.20934951963862064
2306,0.20891263007258332
2307,0.20845969525600042
2308,0.20801620518109312
2309,0.20753653531609434
2310,0.20687569812289108
2311,0.20647546517853235
2312,0.20617465677336563
2313,0.2058551565840241
2314,0.2057730055122851
2315,0.2056755410390682
2316,0.20521023499699276
2317,0.20495215886511517
2318,0.20477198308072647
2319,0.20450404501003328
2320,0.20452469542198431
2321,0.2047100199792505
2322,0.20463341916917555
2323,0.2045257910718226
2324,0.20412028556094158
2325,0.2034693683609214
2326,0.20310520785816072
2327,0.2029616346052861
2328,0.20313280384738405
2329,0.20300956228058947
2330,0.2029157212615492
2331,0.20275610761443064
2332,0.20236180155916714
2333,0.20210885848762553
2334,0.2017079228173923
2335,0.2012613689393979
2336,0.2011150832831519
2337,0.20065913416761805
2338,0.20038365301373506
2339,0.20019663046788888
2340,0.1999690070577033
2341,0.1997048269649711
2342,0.1998405358367088
2343,0.1999448154041658
2344,0.19943361962948153
2345,0.1990641688015806
2346,0.19861575651386318
2347,0.1981261309793765
2348,0.19779254285509085
2349,0.19740325203436512
2350,0.19724882995633172
2351,0.1973824909211056
2352,0.19744848479687488
2353,0.19743320513104423
2354,0.19728833144723268
2355,0.19731831316564197
2356,0.19729885814793985
2357,0.19726183642011713
2358,0.19729990216300392
2359,0.19743546047194976
2360,0.19732268413349555
2361,0.19720860818794117
2362,0.19698969261098487
2363,0.19678078355226644
2364,0.1965686426555416
2365,0.19681892791585381
2366,0.1968997464194383
2367,0.19663369099632874
2368,0.1965126671203677
2369,0.1966262461103409
2370,0.19642963439050865
2371,0.19605199311314236
2372,0.19587189116518927
2373,0.19603991595255765
2374,0.19586719692298699
2375,0.19539521559071346
2376,0.19514686442459417
2377,0.19505786083246246
2378,0.19518341662536914
2379,0.19532907229869165
2380,0.19530650188509902
2381,0.19538911709647472
2382,0.19477161960350217
2383,0.19469360583829126
2384,0.19440189592057688
2385,0.1938426318397804
2386,0.19351107555003338
2387,0.1931707446576176
2388,0.19277830585252928
2389,0.192460614392513
2390,0.1922776458065104
2391,0.19244760805932692
2392,0.19223224318812415
2393,0.19229998011377705
2394,0.19233418012441883
2395,0.19259559592391384
2396,0.1924069573713107
2397,0.19232782449368258
2398,0.19209958528793603
2399,0.19120678633194
2400,0.19085003096613276
2401,0.19090649716924313
2402,0.19070719284079085
2403,0.1902377153430551
2404,0.18983448218278742
2405,0.18959058653361685
2406,0.18936541337386875
2407,0.189051736916719
2408,0.188828834679577
2409,0.1885408296866214
2410,0.18797779399887427
2411,0.18832710526435842
2412,0.18802037318834128
2413,0.18746294929159507
2414,0.1871179054136131
2415,0.18711937356624841
2416,0.1858481405265344
2417,0.18497701073960376
2418,0.1839252270216598
2419,0.18358015115945664
2420,0.1833424394205922
2421,0.18241285303399124
2422,0.1817999117585826
2423,0.18143483126702553
2424,0.18142177887223865
2425,0.1811623386513151
2426,0.17979457506166271
2427,0.1794257416978372
2428,0.17903939297067467
2429,0.1787394201507299
2430,0.17754643268590942
2431,0.1762352292187963
2432,0.1752147651802485
2433,0.17419426762011275
2434,0.1738564207735927
2435,0.17306885567010388
2436,0.17304158196618855
2437,0.17189132901841409
2438,0.17196738050140734
2439,0.17147795939257646
2440,0.1709603591282966
2441,0.17086476331325168
2442,0.16915019870547862
2443,0.16865142451337511
2444,0.1693319010533126
2445,0.16798660718598052
2446,0.16696255066501764
2447,0.1670888449791723
2448,0.16570272923949414
2449,0.1637192317948154
2450,0.16244511810641407
2451,0.16137977178604837
2452,0.1600686961589188
2453,0.15935723777219066
2454,0.15894382674530583
2455,0.1581125606570064
2456,0.15749648534946617
2457,0.15749619711091906
2458,0.15684099026054263
2459,0.15673254054831998
2460,0.1567649091013522
2461,0.1567409509488734
2462,0.15576311404915116
2463,0.15561396955732493
2464,0.15433232634587735
2465,0.15427597824786693
2466,0.15396993272896353
2467,0.1519165544596704
2468,0.1505992510115875
2469,0.15101014551453745
2470,0.14910851581485182
2471,0.14879858642313645
2472,0.14969946556055597
2473,0.15004096828803126
2474,0.15039327632251265
2475,0.15114670480503478
2476,0.15057813350615057
2477,0.15075074714058784
2478,0.15067724503860447
2479,0.15071768291230203
2480,0.15071833715466293
2481,0.15182173270248495
2482,0.1527599629757571
2483,0.1543033538571144
2484,0.15557590494408904
2485,0.15495652855914857
2486,0.15825599494502768
2487,0.16045249758266333
2488,0.15892887758134966
2489,0.16123451033025837
2490,0.1613620210581523
2491,0.1614676106523787
2492,0.16023594080030867
2493,0.1593678584376177
2494,0.15501201049202118
2495,0.15362994503752125
2496,0.14990752015121933
2497,0.15440150339683495
2498,0.15306582118357973
2499,0.15220710457526931
2500,0.15413623455866604
