Wavelength,16JUN18
350,0.07456405382638026
351,0.07503423426714619
352,0.07561652505889532
353,0.07617717446945615
354,0.07654817325105703
355,0.07709569561511093
356,0.07766213405895685
357,0.07819496210695653
358,0.07873248359624527
359,0.07940204418895176
360,0.08011436957429158
361,0.0807798101445858
362,0.0814104412089163
363,0.08225600112359793
364,0.08300641184524157
365,0.08370378717220439
366,0.08458980045414481
367,0.0854141185743457
368,0.0862668779707782
369,0.08728760638518113
370,0.08835510019207674
371,0.08948508511917377
372,0.09076951773984977
373,0.09203795430737355
374,0.09315915137887437
375,0.09443432739505919
376,0.09591217312637555
377,0.09732584365399385
378,0.09877433850662362
379,0.10039318461455823
380,0.10199272754484037
381,0.10364208456605348
382,0.10534566884638569
383,0.10716197342699843
384,0.10911656451449558
385,0.11102437431142471
386,0.11296993280525458
387,0.11494724993716768
388,0.11679872383908241
389,0.11875077822900316
390,0.1206408108502991
391,0.1224135279592816
392,0.12422480447665048
393,0.12599959697986995
394,0.1277963174655789
395,0.12972475079739001
396,0.1315237261515028
397,0.13316409982608554
398,0.13481435876342335
399,0.13640916499735867
400,0.13782870506318412
401,0.13919779915830993
402,0.14043608620436582
403,0.14167773595681377
404,0.14306413471216378
405,0.1444994648612001
406,0.1458798090498606
407,0.14739946396364334
408,0.14893860869327366
409,0.15052396534306894
410,0.1521284560136147
411,0.15368727860000214
412,0.1552481200763394
413,0.15682094074572686
414,0.1584218896697976
415,0.1600992818768855
416,0.16180899848246175
417,0.16359096747247803
418,0.165401017974664
419,0.16732009385617805
420,0.16933311814466384
421,0.1713942414981987
422,0.17353630344961732
423,0.175709159791287
424,0.17786593826180838
425,0.18007240534891078
426,0.18239486422735018
427,0.18487243320154126
428,0.18746268333613297
429,0.1900436388082355
430,0.19270986687737862
431,0.1953776302537309
432,0.19795978647007406
433,0.20049564720510232
434,0.20295654577114616
435,0.2053391290878915
436,0.2076869386303013
437,0.21002124401463057
438,0.21230912577600683
439,0.2145296149537699
440,0.21664470971059038
441,0.21865105426735576
442,0.22052785866971736
443,0.22239896663945813
444,0.22412440434502348
445,0.22564920549658735
446,0.227081185588702
447,0.22833165841902292
448,0.22946356963704984
449,0.23056898874162918
450,0.23157012950216455
451,0.23247361217737958
452,0.23332592622016568
453,0.23412941147853628
454,0.23482822504157033
455,0.23545469419097903
456,0.2360382985197522
457,0.23656518855856554
458,0.23704860158462482
459,0.23749359000958276
460,0.2379260617139452
461,0.23838888364116123
462,0.23885627712387347
463,0.23933634236937462
464,0.23984837043477936
465,0.24042572869369144
466,0.24103677496262377
467,0.24169223793466263
468,0.24241732459860765
469,0.24317519010257596
470,0.24398834457997
471,0.24486287286256125
472,0.2457734155948868
473,0.24677481880091434
474,0.2478480931160308
475,0.2490134441586525
476,0.25024195569160995
477,0.25150766509369166
478,0.252812663316233
479,0.2542468530585055
480,0.25576746990770516
481,0.2573689243181883
482,0.25905523182327506
483,0.26083960326265837
484,0.26276314492997044
485,0.26484549578834243
486,0.26706585366211505
487,0.269347458560248
488,0.2715433932304102
489,0.2737430250382231
490,0.27597537899779345
491,0.27817471223224227
492,0.2804801245946512
493,0.2828631214012002
494,0.2852355663323357
495,0.28762997896266984
496,0.2899801392316137
497,0.29225731808886246
498,0.2946258826833864
499,0.2970239028325355
500,0.2994927585511172
501,0.3018481318003412
502,0.3042058485542125
503,0.3066446060224226
504,0.30896717443412847
505,0.3112955060687859
506,0.31359421850849023
507,0.3159576957823675
508,0.3183261452441243
509,0.3206762495474115
510,0.32312987113641467
511,0.32545619360896616
512,0.32784544399279447
513,0.3301476778121788
514,0.332505687709903
515,0.335046137452115
516,0.337581041662942
517,0.3401151350273995
518,0.34244661165741186
519,0.34473440622811635
520,0.3470762350320302
521,0.3495546495897745
522,0.35205954832264075
523,0.35463112567217436
524,0.3570376271044913
525,0.3593873143091635
526,0.3617946446170515
527,0.36433870070408425
528,0.3668258476853491
529,0.3690969276762027
530,0.37133405291628746
531,0.3738654658316063
532,0.3764842270073424
533,0.3790656817075019
534,0.3815726160846947
535,0.38419548178172214
536,0.38656095863269735
537,0.38910843298744535
538,0.3917645481651807
539,0.3945013261378527
540,0.397153718501417
541,0.3996005425244567
542,0.40214055811336546
543,0.4047914860164208
544,0.40734424693819843
545,0.41005337517471924
546,0.4123800428976401
547,0.41459768006358
548,0.4168628215428881
549,0.4192775978055815
550,0.4217989424674412
551,0.4244787091723704
552,0.42712565713441725
553,0.4296930583373891
554,0.432006895095008
555,0.43423420943534746
556,0.436609220380453
557,0.4390813220884467
558,0.44167702416087945
559,0.4441429923677802
560,0.4462772580224632
561,0.44830180436442213
562,0.45036766233198067
563,0.4523720267544955
564,0.45427430652744893
565,0.45632837791853076
566,0.45826807625950106
567,0.4599746982912186
568,0.4618131237958589
569,0.46364507584985837
570,0.4654891913441196
571,0.4672469643102688
572,0.46886522181701934
573,0.470454561455745
574,0.472032101003928
575,0.4735885215320786
576,0.475138036559483
577,0.47666883578497554
578,0.4781406041551219
579,0.47952999566232274
580,0.4809486528984416
581,0.48235377098950377
582,0.48368667591336606
583,0.48498308896460535
584,0.48618239410440767
585,0.48733712955643366
586,0.4884711998782396
587,0.4896725588052853
588,0.4909132734994515
589,0.492117986271832
590,0.4932748933223058
591,0.49439144135051116
592,0.49544391453849623
593,0.4964570986222814
594,0.4974573789426139
595,0.4984585889020252
596,0.49943903016201574
597,0.5003856775529496
598,0.5012990692534576
599,0.5022077158484957
600,0.5030761998691813
601,0.5038963905013555
602,0.5047242834548564
603,0.5054830715244161
604,0.5062268112444568
605,0.5070422229587707
606,0.5078214501311213
607,0.5085807740446255
608,0.5093528797225513
609,0.5101158984864798
610,0.510874956408802
611,0.5115704872366827
612,0.512262401806526
613,0.5129417158844745
614,0.513611685922021
615,0.5142738388362322
616,0.5148940799854124
617,0.5154589669566411
618,0.5160200259191403
619,0.5165778439048153
620,0.5171184221920904
621,0.517722946591278
622,0.5183594722235085
623,0.5189973464697029
624,0.5196388942149817
625,0.520267138721241
626,0.5207953545786317
627,0.5212937254424834
628,0.521817741115107
629,0.5223667301151119
630,0.5229311926693602
631,0.5235098811533558
632,0.5240511079552949
633,0.5245751832155008
634,0.5251142124089905
635,0.5256643580966519
636,0.5262032544655773
637,0.526774571586139
638,0.5273510839714457
639,0.5279453274081376
640,0.5285455437104009
641,0.5291345627186865
642,0.529698240307536
643,0.5302747168888564
644,0.5308616828047719
645,0.531458003287673
646,0.5320795917985548
647,0.532698758911065
648,0.5332719970984882
649,0.5338460952578333
650,0.5344374067417004
651,0.535031515434188
652,0.5356220357762268
653,0.5362161547275721
654,0.5368139717856539
655,0.5374119502619354
656,0.5380449030183945
657,0.5386506491170997
658,0.5391972060044852
659,0.5397164489077102
660,0.5402648205887203
661,0.5408190541565703
662,0.5413743318411912
663,0.5419415321856085
664,0.5425357436994649
665,0.5431444748759156
666,0.543774847190857
667,0.5444082731078719
668,0.5450570619787114
669,0.5457064633933388
670,0.5463498639919752
671,0.5469943428158031
672,0.5476448592495207
673,0.5482870679097982
674,0.5489144739555624
675,0.5495632279900116
676,0.5501921394596551
677,0.5508285868992124
678,0.5514436067323694
679,0.5520503801630754
680,0.5526361949137741
681,0.5532099552043592
682,0.553854808707858
683,0.5544843767943836
684,0.5551062046403332
685,0.555748387602185
686,0.5562496623818636
687,0.5567965273188311
688,0.5574616549701139
689,0.5581370608728164
690,0.5587726232498912
691,0.5593930571187615
692,0.5599969514408814
693,0.5605673152627666
694,0.5611698907767302
695,0.5618321920158167
696,0.5625420779809247
697,0.5633030776336365
698,0.5640059463159858
699,0.5646674600570121
700,0.5654004846475568
701,0.5661373206823632
702,0.566850655336539
703,0.5675464667403336
704,0.5681851774079133
705,0.5688597616202647
706,0.569580424712711
707,0.5702757322654242
708,0.5709802658558207
709,0.5716594022767701
710,0.5723348828914661
711,0.5730580534075203
712,0.5738024723737932
713,0.5745280004841673
714,0.5751896581887828
715,0.5758747612524762
716,0.5764540792575943
717,0.5769462052848222
718,0.5775438643408133
719,0.5783870817228745
720,0.5791834465185184
721,0.5798325548461425
722,0.5806171487033066
723,0.5812209349106348
724,0.5818621190800914
725,0.5826721038666314
726,0.5833588761017037
727,0.5840340775448386
728,0.5847435463183049
729,0.5854008973470823
730,0.5860601740833571
731,0.5866687490494121
732,0.5873020372899376
733,0.588026430390268
734,0.588698111819375
735,0.5893215757486252
736,0.5899156179961264
737,0.5905504624399478
738,0.591183438113086
739,0.5918020317382061
740,0.5924205543960944
741,0.5930068461271871
742,0.5935614965318181
743,0.594098192955438
744,0.5946627810330791
745,0.5952336006308087
746,0.5957989955320782
747,0.5963642397529164
748,0.5969703387233384
749,0.5975235490366999
750,0.5980273705064378
751,0.5985243989372224
752,0.5990607357774659
753,0.5995768833052901
754,0.6000463298483911
755,0.6004928031266791
756,0.6010005439138888
757,0.6015228107505577
758,0.6019632794899372
759,0.6021784853485876
760,0.6024644810464028
761,0.6029918287959654
762,0.6033673352741675
763,0.603701568711851
764,0.6041183226700814
765,0.6045725819573737
766,0.6050153972911203
767,0.6054082151789337
768,0.6058457209644548
769,0.6062989115722129
770,0.6067164724216826
771,0.6070698329006905
772,0.6073928496512522
773,0.607783812326398
774,0.6081530771247021
775,0.608494193150646
776,0.6088328199320089
777,0.6091294093529678
778,0.6094277655385854
779,0.6097327240090271
780,0.6100365595967921
781,0.6103597573787459
782,0.6106702215910522
783,0.6109580243355895
784,0.6112317030738408
785,0.6114667605981275
786,0.6117186133631602
787,0.6120035622659943
788,0.612236588123628
789,0.6125006018113088
790,0.612821333235657
791,0.6131318418377963
792,0.6134458949153938
793,0.6137377895344782
794,0.6139854251761964
795,0.6141850100502905
796,0.6144503110689292
797,0.6147192735735671
798,0.6149441828683685
799,0.6151327152351831
800,0.615373252906871
801,0.6156538818452064
802,0.6159282050403105
803,0.6161681383223874
804,0.6164410853885125
805,0.6167191544012987
806,0.6169614182163563
807,0.6171925463859391
808,0.617389253794166
809,0.6175755700690637
810,0.6178225281247252
811,0.6180537643992938
812,0.6182197038340365
813,0.6183214054910096
814,0.6184565378705724
815,0.6186443470827436
816,0.6188258836390446
817,0.6189683135013069
818,0.6191324540723688
819,0.6193121411945297
820,0.6194841152517572
821,0.6196230776289102
822,0.6197388759743546
823,0.6198678981814887
824,0.6200177799330621
825,0.620159534825264
826,0.6202651612830775
827,0.6203573031321397
828,0.6204625722721986
829,0.6205866904653494
830,0.6207082320218686
831,0.6208182726183856
832,0.6209183006305559
833,0.6210191377359573
834,0.6211151913812711
835,0.6212116328313751
836,0.6213057725600653
837,0.6213851527552054
838,0.6214882608690288
839,0.6215925543704239
840,0.6216939807723156
841,0.6217319084117467
842,0.6217745282310243
843,0.6218689694411124
844,0.6218848160261534
845,0.6219368822773659
846,0.6220092913849793
847,0.6220404192995452
848,0.6220787933092391
849,0.6221350908303038
850,0.6221959843007977
851,0.6222364495666501
852,0.6223690699557223
853,0.6224669496155593
854,0.622496355756653
855,0.6225623570083123
856,0.6226858853874665
857,0.6228019130587246
858,0.6228612731780796
859,0.6229097879790755
860,0.623000061109886
861,0.6231061312014521
862,0.6231880785878983
863,0.6233386463487264
864,0.6234053780438416
865,0.623433856721286
866,0.623573336937873
867,0.6237165235477224
868,0.6238711749597521
869,0.6240327468187863
870,0.6241511586710768
871,0.6242120073031499
872,0.6242812631459189
873,0.6244085445761929
874,0.624612407931409
875,0.6247626183972994
876,0.6249134509923285
877,0.625129224458675
878,0.6251607138950506
879,0.6252665441052833
880,0.6254179480202544
881,0.6255023591701583
882,0.6255734741327568
883,0.6256469756115357
884,0.6257505623744608
885,0.6259133347185046
886,0.6260645601317919
887,0.6261767860707537
888,0.6262685900724556
889,0.626409572389025
890,0.626498264547229
891,0.6265989484396304
892,0.6267397534779703
893,0.6267679264418151
894,0.626754507195491
895,0.6267296635600801
896,0.6267143359253328
897,0.6267327721034675
898,0.6267667780050874
899,0.6268321885290826
900,0.6270229399976377
901,0.6273225340698756
902,0.6275261134566393
903,0.6276247202057814
904,0.6278243770089973
905,0.6278721368575821
906,0.6279986002492202
907,0.6281556305963663
908,0.6282304154658951
909,0.6283768292841965
910,0.6284758072004534
911,0.628471803761951
912,0.6285773551071151
913,0.6287426821608608
914,0.6289226557365789
915,0.6290961311367023
916,0.6293087474524826
917,0.6295981574300289
918,0.6298284720726912
919,0.6298998353215255
920,0.6300538396640849
921,0.6302187413075149
922,0.6304359290410728
923,0.6306842584931707
924,0.6306664145133305
925,0.6305511540142892
926,0.630579277315606
927,0.630793742318995
928,0.6306881418367785
929,0.6304008076323981
930,0.6301130945874336
931,0.6299411894746554
932,0.6297112723643941
933,0.6295907560523475
934,0.6297097209458142
935,0.6302633258590793
936,0.6303821965369536
937,0.6304777714178808
938,0.6307935189890785
939,0.6308612935225857
940,0.6310583344622267
941,0.6311098453696999
942,0.6309496119623237
943,0.631378310473471
944,0.6315223094802699
945,0.6316615179493869
946,0.6321070123094099
947,0.6320169734980519
948,0.6320687635999428
949,0.6321338543995618
950,0.6321003890678609
951,0.6321292035122676
952,0.632374542305363
953,0.6327223110841924
954,0.6328893096985293
955,0.632444112363233
956,0.6324947848020475
957,0.6328492308293392
958,0.6335388829564004
959,0.6333950673217053
960,0.6338250257481695
961,0.6343327620386179
962,0.6345005298977314
963,0.6348894865185388
964,0.635053980619946
965,0.6354215839265267
966,0.6358771692610639
967,0.6360669475154246
968,0.6362119937145172
969,0.6364905680402618
970,0.636781498227974
971,0.637194372780119
972,0.6375318607633154
973,0.6376485155600811
974,0.6378345273940316
975,0.6381229859458004
976,0.6384583507100912
977,0.6387707146877843
978,0.6392606682859816
979,0.6392016716245792
980,0.6393100163878485
981,0.6399067791747104
982,0.6401967150511843
983,0.6403654215295453
984,0.6404038941194863
985,0.6406269765989606
986,0.6414402046134537
987,0.6416275545150438
988,0.6416426044729489
989,0.6420093513957021
990,0.6420929625230174
991,0.6424158093927153
992,0.6428008990026308
993,0.643091073949595
994,0.6430183148760824
995,0.6433974377170958
996,0.6437900526763598
997,0.643887117179399
998,0.6440641682176675
999,0.6443234144063954
1000,0.6442549777095619
1001,0.6492990453306711
1002,0.6495387721860241
1003,0.6498072591028051
1004,0.6500286083977403
1005,0.6502869122472317
1006,0.6505462051870313
1007,0.6508172029419848
1008,0.651080714001189
1009,0.65126848637171
1010,0.6513836410459884
1011,0.6516749332740626
1012,0.6519524033841265
1013,0.652282533365107
1014,0.6525719933613136
1015,0.65291947547039
1016,0.6531408964370502
1017,0.6532176740692655
1018,0.653431229540578
1019,0.6537894645003286
1020,0.6541641769747506
1021,0.6544169900977769
1022,0.6546706184820781
1023,0.6548580193149152
1024,0.6550576289061416
1025,0.6553186225573415
1026,0.6556006752590151
1027,0.6558486203562389
1028,0.6560814287444763
1029,0.6563346303674381
1030,0.6566078475203174
1031,0.6569266830525652
1032,0.6572640520035304
1033,0.6574881164974408
1034,0.6578326609640825
1035,0.6581522146555645
1036,0.6585143230093677
1037,0.6588424723700634
1038,0.6591697813380714
1039,0.6594313655731333
1040,0.6597692816406024
1041,0.6600981133259096
1042,0.6604086296036449
1043,0.6607822112365167
1044,0.6610608939847669
1045,0.6612100423847702
1046,0.6614601451629674
1047,0.6617425049796359
1048,0.6619864935657055
1049,0.6622416412984993
1050,0.6625207880954761
1051,0.6627676461457207
1052,0.6629789669071516
1053,0.6632298774725431
1054,0.6635760659402712
1055,0.6638240019265771
1056,0.6641242746967937
1057,0.6644898898486051
1058,0.6648202412766739
1059,0.6651888975443061
1060,0.6656568844367343
1061,0.6660497117158903
1062,0.6664245168334767
1063,0.6667081796697919
1064,0.6669741119842033
1065,0.6672872530225081
1066,0.6675258270081239
1067,0.6679459671909993
1068,0.6682822583008012
1069,0.6685613318656727
1070,0.6688467185294502
1071,0.6691503503466232
1072,0.6695288081982351
1073,0.6698980044890407
1074,0.67023980734109
1075,0.6705437627044875
1076,0.6708979217364313
1077,0.6712509183553002
1078,0.6715995794585318
1079,0.6719003954601648
1080,0.672241716693226
1081,0.672509055508683
1082,0.672721082365525
1083,0.6729915948595142
1084,0.6733140185115658
1085,0.6736934682604094
1086,0.6741104655427279
1087,0.6745167586543797
1088,0.6748584364164383
1089,0.675128486837657
1090,0.6753916767587932
1091,0.6756793622778189
1092,0.6759570247005832
1093,0.6762552201814557
1094,0.6765817310994802
1095,0.6768658400998686
1096,0.677055358660013
1097,0.677327411388054
1098,0.6776288751962802
1099,0.6778929975326515
1100,0.6781805811024224
1101,0.6785287523062791
1102,0.6787659137473195
1103,0.6790157366141214
1104,0.679239913412443
1105,0.6794225243941856
1106,0.6796401896087727
1107,0.6800065034674017
1108,0.6803514792995486
1109,0.680705554512466
1110,0.6811497631407235
1111,0.681439101423523
1112,0.6815529768766284
1113,0.6817045766407996
1114,0.6818009416547764
1115,0.6820313233698272
1116,0.6818996657629326
1117,0.6819885358614483
1118,0.6823087325216296
1119,0.6824427969079365
1120,0.6826139105290301
1121,0.6829049668416595
1122,0.6832091571247514
1123,0.6837399756715581
1124,0.6841175682837021
1125,0.6843370099828446
1126,0.6847557309922193
1127,0.685292734771819
1128,0.6856675039922752
1129,0.6857502607657116
1130,0.6861559314118892
1131,0.6863916381014352
1132,0.6865909915121298
1133,0.6869154524562652
1134,0.6874794304103633
1135,0.6879069948551364
1136,0.6881547241496164
1137,0.6884139132642654
1138,0.688564574115325
1139,0.6886835904103563
1140,0.6887617745886101
1141,0.688765481024854
1142,0.6886705139195575
1143,0.6886485971222835
1144,0.6886650197473382
1145,0.6886246241853691
1146,0.6886542784116929
1147,0.6887533591588315
1148,0.689005333376272
1149,0.6893361331697414
1150,0.6897110717987124
1151,0.6902303992572218
1152,0.6903061679259872
1153,0.6903846445708561
1154,0.6903749597777549
1155,0.6906605802187997
1156,0.690777825176629
1157,0.6908083310453562
1158,0.6909564183965822
1159,0.6911020497191108
1160,0.691279540646228
1161,0.691571011428527
1162,0.691889263279607
1163,0.6921687982100586
1164,0.6924293028880693
1165,0.6926904694506424
1166,0.6928843933007569
1167,0.6930087992469829
1168,0.6931815049250969
1169,0.6933418135399767
1170,0.6934947728633536
1171,0.6936978661067004
1172,0.6938940774254122
1173,0.6940518189489226
1174,0.694100205778212
1175,0.6942666286215177
1176,0.694497948298488
1177,0.6945748262598028
1178,0.6946722314370664
1179,0.6947570135831458
1180,0.6947658652532169
1181,0.6948714653710468
1182,0.695021595920465
1183,0.6951646428207537
1184,0.6953747198643576
1185,0.695554701582701
1186,0.6957195662062707
1187,0.6958738118385672
1188,0.6960439444384172
1189,0.6961714617061947
1190,0.6962602394337473
1191,0.6963691021988732
1192,0.6964978551012544
1193,0.6966008751003963
1194,0.6967347030390738
1195,0.6968677875068208
1196,0.6969914098858303
1197,0.6971228823871372
1198,0.697299701416149
1199,0.6975185662215182
1200,0.6977839799788705
1201,0.6981299788106528
1202,0.6983964045130009
1203,0.6987162245486238
1204,0.6989454080950528
1205,0.6990634859765741
1206,0.6992118187736409
1207,0.699271273444832
1208,0.6994435340581279
1209,0.6996811279126152
1210,0.6998930794428218
1211,0.7001885166211375
1212,0.7004472672440485
1213,0.7006154882862925
1214,0.7007934441733504
1215,0.7009707239089901
1216,0.7011263060831058
1217,0.7013290661039867
1218,0.7015378816085626
1219,0.7017563095749105
1220,0.7020529645793228
1221,0.7022812327606232
1222,0.702480375826578
1223,0.7026741644949778
1224,0.7028367510606004
1225,0.7029863591892679
1226,0.7031330698529603
1227,0.7032654750105489
1228,0.7033208106043323
1229,0.7034622797227219
1230,0.7036470205444192
1231,0.7038472064569818
1232,0.7040614486824623
1233,0.7041930791875867
1234,0.7043664649092254
1235,0.7046027995757966
1236,0.7047904765722546
1237,0.7050126727704689
1238,0.705172014312464
1239,0.7052936098882545
1240,0.7054236599909562
1241,0.7055655736722996
1242,0.7056709162712345
1243,0.7057888600453167
1244,0.7059418548125798
1245,0.7060859760327494
1246,0.7062460584717842
1247,0.7064359446739117
1248,0.706596971291265
1249,0.7067677705021589
1250,0.7069098014317703
1251,0.7070427035961974
1252,0.7071632831256782
1253,0.7073152232066481
1254,0.7074739812571111
1255,0.7076015958169889
1256,0.7076895559163667
1257,0.7077984287760872
1258,0.7079047912484164
1259,0.7079961516574756
1260,0.7080413063082079
1261,0.7080359690695557
1262,0.7079776185630733
1263,0.7080482607260418
1264,0.7081896219691249
1265,0.7082761446704638
1266,0.7083173499975778
1267,0.7084013291787193
1268,0.7085130391191123
1269,0.7086832959676019
1270,0.7089048763586536
1271,0.7090836521150301
1272,0.7093845004188835
1273,0.709589423230339
1274,0.7097001779403818
1275,0.7098079666127528
1276,0.7098939179856347
1277,0.7099684677774671
1278,0.7100325797213239
1279,0.710171760185322
1280,0.7103313135883068
1281,0.7104759843696946
1282,0.7105900073753292
1283,0.7107151988020062
1284,0.7107427437572102
1285,0.7106630258037132
1286,0.7106627818843543
1287,0.7106220342726722
1288,0.710621391887428
1289,0.7107328476535657
1290,0.7107397165018765
1291,0.7106673112876519
1292,0.7106345756494432
1293,0.7105860393015231
1294,0.7105312710723475
1295,0.7104692790649143
1296,0.710371001482218
1297,0.7102478123975009
1298,0.7101459725262025
1299,0.7099628840353415
1300,0.7097842458100141
1301,0.709665424895161
1302,0.7095443869571763
1303,0.709388969635733
1304,0.7091971942356631
1305,0.709012067540262
1306,0.7088122681382981
1307,0.7086268720813231
1308,0.7084192702039949
1309,0.7081643490577694
1310,0.7079200920696933
1311,0.7078507255449822
1312,0.7077903715305887
1313,0.7076835531162213
1314,0.7075296364634497
1315,0.7074109767026668
1316,0.707232186844337
1317,0.7070870278071995
1318,0.7069924523884612
1319,0.7069335420218061
1320,0.7069526402572524
1321,0.7069124068732799
1322,0.7067615271439776
1323,0.7064093095903695
1324,0.7062148421230288
1325,0.7058957127800645
1326,0.7055361897290102
1327,0.70516825165699
1328,0.704814645840451
1329,0.7043125008615865
1330,0.70385849280332
1331,0.7032279716246086
1332,0.7028290131739103
1333,0.7025678131303177
1334,0.7023006414042794
1335,0.7021832711267955
1336,0.7019982055953067
1337,0.7018155573945726
1338,0.7016103124973723
1339,0.7013921101410545
1340,0.7012493407995488
1341,0.7009802455816709
1342,0.700676391521758
1343,0.700851054540508
1344,0.7009293033962829
1345,0.7008460674651745
1346,0.7003713876077289
1347,0.7001853012366934
1348,0.6998694716745786
1349,0.6992522288454566
1350,0.6984290037666716
1351,0.6974969335361481
1352,0.6966043980470984
1353,0.6955138297860756
1354,0.6950740276731884
1355,0.6939040379547123
1356,0.6937543618276456
1357,0.6919250376990485
1358,0.6923053147646451
1359,0.688938332762494
1360,0.686340382672546
1361,0.681945838747418
1362,0.6850101490936562
1363,0.6841248295433836
1364,0.6854847609765558
1365,0.6860766337085861
1366,0.6782605761185365
1367,0.6774662544882613
1368,0.6724519207198649
1369,0.6736818054522231
1370,0.6813837020333675
1371,0.6815264941207063
1372,0.6804157531345068
1373,0.6823086649121011
1374,0.6776985389493687
1375,0.6747907273531837
1376,0.675059640041658
1377,0.6758311402208388
1378,0.6675773957746737
1379,0.6598922281664785
1380,0.6578613929336541
1381,0.6683737088478295
1382,0.6676599448329543
1383,0.6708095976270418
1384,0.6696839439493468
1385,0.6629132487419749
1386,0.660428285685859
1387,0.6551446097542959
1388,0.6518104368181994
1389,0.6477986125102657
1390,0.6455872831358331
1391,0.6428912803239506
1392,0.6410090130885482
1393,0.6406440734588368
1394,0.6391779791409582
1395,0.637701437055209
1396,0.6365224923073447
1397,0.6328038231216423
1398,0.6306006224011887
1399,0.6346536584527755
1400,0.6311461696417886
1401,0.6273470073021894
1402,0.6245018998154557
1403,0.6227243815612323
1404,0.6205672552930119
1405,0.617716585691356
1406,0.6149519903457772
1407,0.6125964287168938
1408,0.6112828109090307
1409,0.6101302585762072
1410,0.6083482878267632
1411,0.6074535532472418
1412,0.6062294858886997
1413,0.6047213639360423
1414,0.6036798823443436
1415,0.604007899205635
1416,0.6046978472618373
1417,0.6044813895138894
1418,0.6039492208102045
1419,0.6037549676090267
1420,0.602774968570154
1421,0.6022526296166466
1422,0.602085470638496
1423,0.6018356163054137
1424,0.6020391772776745
1425,0.6013260032279796
1426,0.60079709130817
1427,0.6002642472083053
1428,0.6003049252176982
1429,0.5996040707727802
1430,0.5992358218277412
1431,0.599474884105206
1432,0.599807796587534
1433,0.5997074968122932
1434,0.5991486206876556
1435,0.5986190192343592
1436,0.5981552678982183
1437,0.5975926247723344
1438,0.5967833554725641
1439,0.5964493736173201
1440,0.595963267193963
1441,0.5957898449425618
1442,0.5963438729781003
1443,0.5958058148665712
1444,0.5955243578647511
1445,0.5953337073527222
1446,0.5953548488847877
1447,0.5953584430559672
1448,0.5952831652380212
1449,0.5955116811119089
1450,0.5957031547913078
1451,0.5959913095001343
1452,0.5960951711888041
1453,0.5959665729759438
1454,0.5959313354204596
1455,0.5959046930570238
1456,0.5958657613992615
1457,0.5958493120076447
1458,0.5959971166126516
1459,0.5962629557314436
1460,0.5963785897712508
1461,0.5964565361144732
1462,0.5965068366161186
1463,0.5965022035097995
1464,0.5964656099246431
1465,0.5964897226836081
1466,0.5966732372514341
1467,0.5966588959054968
1468,0.5968370629123493
1469,0.5971708338361512
1470,0.5976261471357189
1471,0.5981841076801564
1472,0.5987230114632108
1473,0.5991466270654169
1474,0.5998014997977853
1475,0.6006658809114442
1476,0.6013876089486552
1477,0.6020824444889706
1478,0.6028215893169425
1479,0.603384611350863
1480,0.6039932525627422
1481,0.6048418997536753
1482,0.6056125634078253
1483,0.6063936824991731
1484,0.6071513585791972
1485,0.6078318280744085
1486,0.6085297317468964
1487,0.6092443122403617
1488,0.6100419600648532
1489,0.6108380686192759
1490,0.6115986813978214
1491,0.6123399454694136
1492,0.6130981368420956
1493,0.6139880575221268
1494,0.6148848144265953
1495,0.6156960755947616
1496,0.616459150304308
1497,0.6172400329506417
1498,0.6180083284558747
1499,0.6187767818307348
1500,0.6195801891893452
1501,0.6203425831974889
1502,0.6210709187316799
1503,0.6218644905761588
1504,0.6226928523756141
1505,0.623430475127816
1506,0.6241434028910667
1507,0.6248532391096477
1508,0.6256439148525068
1509,0.6263186126883656
1510,0.626936942617301
1511,0.6275952027438425
1512,0.6282257419056556
1513,0.6288534679777069
1514,0.6294615127351283
1515,0.6300308938680932
1516,0.6305819567630593
1517,0.6311329139480603
1518,0.6316810330679696
1519,0.6323166465903634
1520,0.6330114840740964
1521,0.6336519123994766
1522,0.6342978465003892
1523,0.6348970955486355
1524,0.6354220891844805
1525,0.6359239231731217
1526,0.636401843282765
1527,0.6368979731445126
1528,0.6373841691689908
1529,0.6379149489428946
1530,0.6385153806768628
1531,0.6390493345845665
1532,0.6395835934769744
1533,0.640108331317619
1534,0.6405807983540679
1535,0.6410590429793857
1536,0.641559740675677
1537,0.6420619554779172
1538,0.6424956411377563
1539,0.6430010293594519
1540,0.6435644297540328
1541,0.644089787521652
1542,0.6446218689071241
1543,0.6450907444489375
1544,0.6454906713534614
1545,0.6459271463364114
1546,0.6464327280743011
1547,0.6468704504174475
1548,0.6473267130678151
1549,0.6477592502688909
1550,0.6481520870194801
1551,0.6485586637767042
1552,0.6489666310587341
1553,0.6494271324401806
1554,0.6498525872338339
1555,0.6502452331303252
1556,0.6506608899214201
1557,0.6509987601997287
1558,0.6514054828633835
1559,0.6518823538219751
1560,0.6522636852421134
1561,0.6525803167325629
1562,0.6529212526842123
1563,0.6532442938697585
1564,0.6535794050321713
1565,0.6539192591026974
1566,0.6542625908361502
1567,0.6546093161901103
1568,0.65497604631582
1569,0.6553655400284857
1570,0.6556532542507224
1571,0.6559028656751307
1572,0.6561765968811109
1573,0.6564735396111151
1574,0.6568425344566661
1575,0.6571901864296804
1576,0.6575874536427269
1577,0.6580198795098565
1578,0.6583970408715809
1579,0.6587817365891606
1580,0.6591264819041109
1581,0.6594128289120107
1582,0.6597127783145378
1583,0.6600052874364333
1584,0.6602989719877435
1585,0.6605891380428823
1586,0.6608578395645035
1587,0.6611374767947626
1588,0.6613732756573175
1589,0.6615502075701936
1590,0.6617809761490521
1591,0.6620311356624473
1592,0.6622536703183395
1593,0.6625027633190276
1594,0.6627098518316628
1595,0.6630138055291557
1596,0.6633160631696087
1597,0.6635004414848586
1598,0.6635565169606092
1599,0.663558861396764
1600,0.6636686780077592
1601,0.6638806893421219
1602,0.6639890708789196
1603,0.6641315840295724
1604,0.6643149979673848
1605,0.6645167307717634
1606,0.6647685589010921
1607,0.6650268177132324
1608,0.6652659518584325
1609,0.6653668643657666
1610,0.6654976305285362
1611,0.6655665529683374
1612,0.6657193262895498
1613,0.6659759971852788
1614,0.6660643974328078
1615,0.6661986488883678
1616,0.6662934578052508
1617,0.6663756132810436
1618,0.6664885231941313
1619,0.6666303523512052
1620,0.6667055703392362
1621,0.6667914037552503
1622,0.6669315996545551
1623,0.6670195460903133
1624,0.6671507837417643
1625,0.6673343366728051
1626,0.6673995435095834
1627,0.6674603831476265
1628,0.6674732158748244
1629,0.6674677725237645
1630,0.6674446397061244
1631,0.6673701846761996
1632,0.6673354610265615
1633,0.667310160503402
1634,0.6672839654756735
1635,0.667282470957522
1636,0.6672552029422448
1637,0.6672011332237662
1638,0.667176624402392
1639,0.6671658110652787
1640,0.6671326173695005
1641,0.6671319770619157
1642,0.6670608107827107
1643,0.6669492401289161
1644,0.6669638346040068
1645,0.6668733138574744
1646,0.6668751818521017
1647,0.6668959405858537
1648,0.6669250315851514
1649,0.6670218235306571
1650,0.6670364546315699
1651,0.6669978911514929
1652,0.6669956730566511
1653,0.6669942983048156
1654,0.666974381523634
1655,0.6669469090690182
1656,0.6669280668108369
1657,0.6669882067787298
1658,0.6669935798441111
1659,0.6669960961684717
1660,0.6669620133120355
1661,0.6668834453991155
1662,0.6668136686617046
1663,0.6667024720104546
1664,0.6666169137754335
1665,0.6665734657326856
1666,0.6665136565075915
1667,0.6664383766819297
1668,0.6663561347635703
1669,0.6662657054708385
1670,0.6661851172319408
1671,0.6660793940169356
1672,0.6660210079893883
1673,0.6659992843950788
1674,0.66592067854866
1675,0.6658328924534245
1676,0.6657155823229935
1677,0.6656765900296916
1678,0.6655984286897321
1679,0.6655135526765177
1680,0.665431559434909
1681,0.6653298580330789
1682,0.6652017210308696
1683,0.6649921024856196
1684,0.6648716267681376
1685,0.6647836586203122
1686,0.6647563849292493
1687,0.6646195480321999
1688,0.6645074643340307
1689,0.6644139159996989
1690,0.6642559046464165
1691,0.6641032011592995
1692,0.663903678356464
1693,0.663760201225313
1694,0.6637012660725932
1695,0.6636610167952923
1696,0.6635098833744821
1697,0.6633214013639523
1698,0.6631782136755793
1699,0.6629777486962939
1700,0.6628519179969503
1701,0.6627919383074818
1702,0.6627005981092092
1703,0.6626660735766591
1704,0.6625263509634326
1705,0.6623013993419731
1706,0.662091467511134
1707,0.6618888838293514
1708,0.6616540330582197
1709,0.6614293360542217
1710,0.6612298592542969
1711,0.6609479178891295
1712,0.6608212755976977
1713,0.6607256863539017
1714,0.6605461513271541
1715,0.6603530326916662
1716,0.6601072365628057
1717,0.6598564367850792
1718,0.6596155059707367
1719,0.6593365047362412
1720,0.6590714528511543
1721,0.6588397629579822
1722,0.6584978760596644
1723,0.6581890434832736
1724,0.6578648705908681
1725,0.6576062585171796
1726,0.6573500161497252
1727,0.6571178472481967
1728,0.6569346647229538
1729,0.6566672600719876
1730,0.6564172282845834
1731,0.6561266164795191
1732,0.6557128659234167
1733,0.655405004984704
1734,0.6549363842811575
1735,0.6545274538056789
1736,0.6540802650381513
1737,0.653770582540437
1738,0.6536983952807602
1739,0.6534056143901131
1740,0.6531104517483033
1741,0.6528682003205024
1742,0.6526192773842818
1743,0.6522682723418316
1744,0.6519879382138458
1745,0.6516448038570203
1746,0.6512094686581194
1747,0.650787258892684
1748,0.6504009503726553
1749,0.6500352098436939
1750,0.6497833057109161
1751,0.6495218988975209
1752,0.6491064184561517
1753,0.6487516436074993
1754,0.6484593962671306
1755,0.6481181350349771
1756,0.6480282381776935
1757,0.6479088945876857
1758,0.6475148394122001
1759,0.6471948424666629
1760,0.6470306585898931
1761,0.6466421654660719
1762,0.6463752001552442
1763,0.6461845510803392
1764,0.6458173563091028
1765,0.6456832714484897
1766,0.6457185666447038
1767,0.6453848988669608
1768,0.6451922228779208
1769,0.6450739685221076
1770,0.644662118741511
1771,0.6444895915935
1772,0.6443160066217839
1773,0.6438006508340526
1774,0.6435578148698264
1775,0.6433184704664998
1776,0.643110012302806
1777,0.6432839052672923
1778,0.6433093583069271
1779,0.6430418120524124
1780,0.6427202086486095
1781,0.6424156466174831
1782,0.6421496112964962
1783,0.6419265941176228
1784,0.6416664627245643
1785,0.6414506062406153
1786,0.6412112351374932
1787,0.6409316263075343
1788,0.640638357650708
1789,0.6401572666432462
1790,0.6399341953629287
1791,0.6396384704629827
1792,0.6392013805922087
1793,0.6389558012993243
1794,0.6388087537167704
1795,0.6386102408552421
1796,0.6381807321369124
1797,0.6378783992767574
1798,0.6376555544895199
1799,0.6375170979450696
1800,0.6372968775367535
1801,0.6342702196611165
1802,0.6339469356823983
1803,0.6334761820769008
1804,0.6329846297015818
1805,0.6334661082639395
1806,0.6334718397101253
1807,0.6321468333001893
1808,0.6316193128173268
1809,0.6323156334004828
1810,0.6319565284591384
1811,0.6315818162555452
1812,0.6314105179534456
1813,0.6310472778959004
1814,0.6307828239242768
1815,0.6303009317423864
1816,0.6300397035244738
1817,0.6298418623328912
1818,0.6286016479316978
1819,0.6281258700053951
1820,0.6286136431207006
1821,0.6287277986341435
1822,0.6276946146954235
1823,0.6273162424553504
1824,0.6281850035587919
1825,0.6326597900112167
1826,0.632632535412276
1827,0.631471032827513
1828,0.6350485927487479
1829,0.6361389780195534
1830,0.636415367703705
1831,0.6416952679233988
1832,0.6459942943560846
1833,0.6509136345749864
1834,0.6538456855169517
1835,0.6721164718100889
1836,0.683535305017458
1837,0.6722497557491092
1838,0.680273337998319
1839,0.6857461234125063
1840,0.6974841316993224
1841,0.6865543189808372
1842,0.6690491429580558
1843,0.6846182458831404
1844,0.7058938980914966
1845,0.7209064555638762
1846,0.7185392197914606
1847,0.7273542877771368
1848,0.7471500150240699
1849,0.7289384762121569
1850,0.7427649566175216
1851,0.7515271482356854
1852,0.7515670263578933
1853,0.7233464079750769
1854,0.7092965451175963
1855,0.7251243320336379
1856,0.7120422674954701
1857,0.7063138578987225
1858,0.7069604395440645
1859,0.6982539640346217
1860,0.7089624697846328
1861,0.7161866750993979
1862,0.6813695681354259
1863,0.6928428216965852
1864,0.6851062744194548
1865,0.6888874498747453
1866,0.6680663719133232
1867,0.6700405470644111
1868,0.6648513030018146
1869,0.6730612124943123
1870,0.6789968017398806
1871,0.6739913576307042
1872,0.6630957037473053
1873,0.6758519474064854
1874,0.663374782202196
1875,0.6300862452778603
1876,0.640836510683618
1877,0.6317976871980221
1878,0.6050374936161664
1879,0.58983363983941
1880,0.5837568318688078
1881,0.5759409683207395
1882,0.566910624659825
1883,0.5575684181393672
1884,0.5532051627558578
1885,0.5459270778660911
1886,0.546147353282892
1887,0.5384050709281438
1888,0.5346692658359902
1889,0.5283155655636224
1890,0.5270753580246299
1891,0.533521534695431
1892,0.5293957682883341
1893,0.524596579241872
1894,0.5270836545501735
1895,0.5292539616731374
1896,0.521828063479638
1897,0.5263711417354153
1898,0.5323486464066667
1899,0.5370807598013527
1900,0.5476000012838171
1901,0.5535974434391147
1902,0.5443557407759277
1903,0.552417814812313
1904,0.560059408631725
1905,0.5683192450478233
1906,0.571158334230893
1907,0.5585384715608727
1908,0.5456251761898907
1909,0.5226873087926311
1910,0.495323820615883
1911,0.4810969272259025
1912,0.4640883822668104
1913,0.4510996813593242
1914,0.44666759116478216
1915,0.43442916542609283
1916,0.43325631936455716
1917,0.4300969536480502
1918,0.42996347161532766
1919,0.4266031690387867
1920,0.4244649280112227
1921,0.41955565933062494
1922,0.41780004223449313
1923,0.41727215312173216
1924,0.4188650940260814
1925,0.41695292155190294
1926,0.4146593180676181
1927,0.41422774899061776
1928,0.4156094210890774
1929,0.41292695508987265
1930,0.4126507680528023
1931,0.4124540051361782
1932,0.4135861722726994
1933,0.4122106143843338
1934,0.4120472195663649
1935,0.41176832834648625
1936,0.4107818412423572
1937,0.4107995292307621
1938,0.41133571162011645
1939,0.40909760497831094
1940,0.40861627965634106
1941,0.4096428100110079
1942,0.4098177862946633
1943,0.41090763328175167
1944,0.4107038294052699
1945,0.41127107568476456
1946,0.4111455781072483
1947,0.4116001258754165
1948,0.412909797954502
1949,0.4135130606839229
1950,0.41373506627276546
1951,0.4141499332797307
1952,0.41480211602962125
1953,0.41541569318464494
1954,0.4160123016918821
1955,0.4161345553462914
1956,0.4166591254598858
1957,0.41687274441633915
1958,0.4183541278431277
1959,0.41958323293006805
1960,0.42125668219113627
1961,0.4223081960330537
1962,0.42310610574999374
1963,0.42381647445874304
1964,0.42467143074577174
1965,0.4255277267134881
1966,0.4269603213249023
1967,0.4278494049639894
1968,0.42839276090443795
1969,0.42929786892294497
1970,0.4303092516121164
1971,0.43067115811422296
1972,0.4315342170781425
1973,0.43236365798544685
1974,0.43314632410240184
1975,0.4341872054158298
1976,0.4349277130790795
1977,0.4355014178974086
1978,0.43635354529390824
1979,0.43716407829958637
1980,0.4378822961411878
1981,0.43875754166068315
1982,0.4396343581392581
1983,0.4403038427618803
1984,0.44087920219626825
1985,0.44136792654264523
1986,0.4419023176817736
1987,0.44246857275700796
1988,0.4430932720854581
1989,0.4436389864546353
1990,0.44423223771374476
1991,0.44484013085929364
1992,0.4451915911721296
1993,0.4454289656081932
1994,0.4456289591841752
1995,0.4458145891311788
1996,0.4461518829182908
1997,0.446713813468404
1998,0.4470876659616323
1999,0.4474893732564813
2000,0.4482112973407515
2001,0.44900695804281665
2002,0.4499682473695914
2003,0.45032096884636574
2004,0.45129497110868166
2005,0.4530845506419242
2006,0.45497390254735826
2007,0.4569795171940694
2008,0.45851706607632464
2009,0.45952505094634544
2010,0.4610236796991552
2011,0.4615741151434917
2012,0.46338738471166807
2013,0.4648457747927416
2014,0.46603914618310777
2015,0.4673937770175399
2016,0.4687000267644522
2017,0.470158728252969
2018,0.47099930203258933
2019,0.471985394045106
2020,0.47304265322594025
2021,0.47394726491310024
2022,0.47529841377287774
2023,0.4760012012247854
2024,0.47654794497172337
2025,0.47731183896129215
2026,0.47787358929488477
2027,0.47843188300674144
2028,0.4790482462727619
2029,0.47949675473294706
2030,0.4800826682854673
2031,0.4807761086211564
2032,0.48145405201945346
2033,0.48208939426879094
2034,0.48292791546311153
2035,0.4837521693485092
2036,0.484532599144782
2037,0.48525092389548663
2038,0.4856988208597819
2039,0.48611331937512287
2040,0.486541611450101
2041,0.48690914931234686
2042,0.48750679397833613
2043,0.48817758721676374
2044,0.48869605133405664
2045,0.4892185694377696
2046,0.4898035662344517
2047,0.4902111719365496
2048,0.4907054075878412
2049,0.4910719015246389
2050,0.4913962150879039
2051,0.4921352577327147
2052,0.4927540071994311
2053,0.4933902627227753
2054,0.4943230793845233
2055,0.49525441316807733
2056,0.4962992731273931
2057,0.49734456322293996
2058,0.4981163868846118
2059,0.4986984493628738
2060,0.49925694950425825
2061,0.4996489060590883
2062,0.5000807421663847
2063,0.5004603179277339
2064,0.5013490708691282
2065,0.502026019864178
2066,0.5026513039496507
2067,0.5032768952797974
2068,0.5038369010954286
2069,0.5045355415091782
2070,0.5051537067840282
2071,0.5059191826234688
2072,0.5066387089961395
2073,0.5070924223462909
2074,0.5076546814622589
2075,0.5083052623818196
2076,0.509057729083163
2077,0.5096946081637788
2078,0.5103279820940485
2079,0.5109489629874477
2080,0.5116178519158716
2081,0.5120442345007741
2082,0.5123579737547251
2083,0.5128535713882401
2084,0.5131393850431644
2085,0.513542972761319
2086,0.51415870163468
2087,0.5146069003049702
2088,0.5152183763513837
2089,0.5159125338463072
2090,0.5164136572871023
2091,0.5169019596721222
2092,0.5173581476436466
2093,0.5175498567210881
2094,0.5179825397491925
2095,0.5185290897923831
2096,0.5189645828423359
2097,0.5194680636361764
2098,0.5199847634642956
2099,0.5205239123466556
2100,0.5212028173497019
2101,0.5217811409001456
2102,0.5223694337563676
2103,0.522914068492754
2104,0.5235394107119624
2105,0.5240957441274614
2106,0.5245027100909319
2107,0.5249599005104042
2108,0.5253506241469905
2109,0.5257657151135209
2110,0.5262001308554083
2111,0.5265295823312999
2112,0.5267356742325418
2113,0.5270566830382326
2114,0.5274170684504746
2115,0.5278441873627773
2116,0.5282805408275744
2117,0.5287808535809537
2118,0.5293444786490271
2119,0.5298619351479376
2120,0.5302771351397257
2121,0.5306375428352759
2122,0.530990657663087
2123,0.5311190337739169
2124,0.5312581252454425
2125,0.5315906292752843
2126,0.5318362784686406
2127,0.5320675327986649
2128,0.5322988193634299
2129,0.5325735197080792
2130,0.5326803548926831
2131,0.532633541559975
2132,0.5327061518324038
2133,0.5327630982210001
2134,0.5328176713203467
2135,0.5329966628814113
2136,0.5330725902622693
2137,0.5329383671429633
2138,0.5326786101027049
2139,0.532393982114216
2140,0.5321474998677819
2141,0.5319360524745393
2142,0.5317338594766372
2143,0.5315021895785383
2144,0.5312492605096427
2145,0.5308553210939353
2146,0.5302250151398551
2147,0.5297577503051987
2148,0.5294759451782045
2149,0.5292098063571692
2150,0.5288543020276086
2151,0.5286059855149282
2152,0.5282711229899717
2153,0.5283630952983052
2154,0.5280097138219493
2155,0.5278220550899386
2156,0.5278258388486375
2157,0.5276758475339438
2158,0.5274730704648977
2159,0.5273857297079139
2160,0.5272480217947201
2161,0.5270875796939205
2162,0.5271691520915531
2163,0.5272158795021468
2164,0.5272193118999714
2165,0.5272180561665645
2166,0.5272445981667842
2167,0.5267302756694567
2168,0.5265020204237509
2169,0.5259920097145083
2170,0.5258535561897464
2171,0.5261293771513222
2172,0.5260292356379079
2173,0.5260074274799981
2174,0.5258948718084924
2175,0.5256957284401809
2176,0.5256137877225654
2177,0.5255633729119878
2178,0.5256479085854924
2179,0.5259795856889535
2180,0.5258417265124731
2181,0.5257812499117288
2182,0.5256989068123321
2183,0.5257187586437271
2184,0.5257888936677559
2185,0.5257303957421058
2186,0.5255147190345917
2187,0.5253580024924049
2188,0.5253082107521032
2189,0.5251841663892657
2190,0.5249225954585546
2191,0.5246316138348838
2192,0.5243123985768513
2193,0.5239915180297118
2194,0.5237167871344294
2195,0.5232440011647235
2196,0.5226534332843258
2197,0.5219725069114468
2198,0.5209687203020964
2199,0.5203571978411846
2200,0.5199425533149823
2201,0.5191970577267174
2202,0.5182846232851825
2203,0.5175595984091772
2204,0.5171624081824289
2205,0.5168723945548415
2206,0.5164358887136584
2207,0.5161233087485979
2208,0.5160294863007351
2209,0.516443282308328
2210,0.5169564643598192
2211,0.5176004430606306
2212,0.518667805752409
2213,0.5195743609563687
2214,0.5204748503993955
2215,0.5215416971880174
2216,0.5227553209884849
2217,0.5240487257856854
2218,0.5249003686442519
2219,0.525414807331261
2220,0.5262819747694413
2221,0.5270944897988183
2222,0.5276207629875425
2223,0.5277913404636804
2224,0.5278668357715832
2225,0.527367092630081
2226,0.5268332781031085
2227,0.5263247730297254
2228,0.5259511412370653
2229,0.5255705191611219
2230,0.5250223497675117
2231,0.5247687598272708
2232,0.5243944559022423
2233,0.5240256840254309
2234,0.523563104589879
2235,0.5229963246478773
2236,0.5221661513786489
2237,0.5217486315807133
2238,0.5209389730655521
2239,0.520263035148498
2240,0.5197462425820232
2241,0.5190787930620401
2242,0.5189065831464649
2243,0.5184062312986037
2244,0.5178163546539857
2245,0.5170572161457373
2246,0.5160181355669018
2247,0.5152822401419472
2248,0.5145744459569516
2249,0.5137385487241145
2250,0.5130722609707198
2251,0.5121852430724758
2252,0.5111861038728154
2253,0.5103960805126322
2254,0.5094389561266534
2255,0.5085660894957569
2256,0.5074708054683451
2257,0.5064703758122113
2258,0.505307700278667
2259,0.504133535718322
2260,0.5032642401717884
2261,0.5026299690051432
2262,0.5016873203582572
2263,0.5004188383230237
2264,0.4991980614693159
2265,0.4981954505772305
2266,0.4970901655130916
2267,0.49630739846476424
2268,0.49531234624370263
2269,0.49400691484687176
2270,0.492519271145889
2271,0.4912170934039317
2272,0.490078923092349
2273,0.4889320003546103
2274,0.4879838687923792
2275,0.48686064876782653
2276,0.48528627819889236
2277,0.4838137615865318
2278,0.48230305015524155
2279,0.48042720721372856
2280,0.4790557127730426
2281,0.4779634143979372
2282,0.4765302447583278
2283,0.47503113299904665
2284,0.47381698502285674
2285,0.4725716676799303
2286,0.47145021128536596
2287,0.4704820395723972
2288,0.4694375805158586
2289,0.4683199328859442
2290,0.46706791336211567
2291,0.4656688992805691
2292,0.4646008313036176
2293,0.4636421294110623
2294,0.46262215302542364
2295,0.4613942507149031
2296,0.46038009867868457
2297,0.45931982524015336
2298,0.45812960068449105
2299,0.4571725307413291
2300,0.45585733975338194
2301,0.45452799789443254
2302,0.4531114486669077
2303,0.45224392765789834
2304,0.45121973523950587
2305,0.4504594495051053
2306,0.4492664266881542
2307,0.44853351201708597
2308,0.44785835548087
2309,0.44703390938409393
2310,0.44606478445469366
2311,0.4454675997801653
2312,0.44436285842808976
2313,0.44352833251774204
2314,0.44226230858282367
2315,0.44136690077996377
2316,0.44027673269925316
2317,0.43893032919059904
2318,0.4377568581417561
2319,0.43631970729500064
2320,0.43511546000062873
2321,0.43399588174344583
2322,0.43314782209020414
2323,0.4321259135029788
2324,0.43106153097683725
2325,0.43049571170109646
2326,0.42975204482326423
2327,0.4287199466905972
2328,0.42834196291384674
2329,0.4273391916309137
2330,0.42670452023395455
2331,0.4263577100954812
2332,0.4256832806947327
2333,0.42506911020244426
2334,0.4248113197509136
2335,0.42441661360311556
2336,0.4238163326137687
2337,0.4236306996240904
2338,0.42364485940547497
2339,0.4241348080234002
2340,0.4246874182905711
2341,0.42461633282997285
2342,0.424463187267119
2343,0.42408376855571295
2344,0.42440889163254886
2345,0.42501012415532546
2346,0.4258889589013575
2347,0.42610950516003265
2348,0.4273382479434623
2349,0.42776900242085547
2350,0.4288386090266144
2351,0.4301335434577439
2352,0.43018677088503476
2353,0.4308494919633312
2354,0.4317467074030006
2355,0.4328543115190129
2356,0.43509564660227046
2357,0.43588042219457046
2358,0.4364288915787582
2359,0.43757379802430985
2360,0.438945595112159
2361,0.43960669155929566
2362,0.44046377178242435
2363,0.441266776813684
2364,0.4417493816584841
2365,0.4421873126317065
2366,0.44311082571442667
2367,0.4440375306327496
2368,0.44367918670362577
2369,0.44400680044021024
2370,0.4441469281690935
2371,0.44475709543644004
2372,0.4452462917222789
2373,0.44574707212610876
2374,0.4455747685444791
2375,0.44617089745446525
2376,0.446647105720947
2377,0.44624100848797343
2378,0.4462893519304354
2379,0.44604881785479356
2380,0.4450667964492796
2381,0.44557171478080937
2382,0.44532620458694017
2383,0.44529745596001113
2384,0.4443321434329732
2385,0.4437266354750775
2386,0.44324412603954577
2387,0.4425914993978004
2388,0.4418593284998851
2389,0.4409774697983132
2390,0.4410509553119219
2391,0.44183032715254783
2392,0.44150693594441726
2393,0.4411658233842369
2394,0.43978356254247297
2395,0.4381897060065352
2396,0.4374182420165639
2397,0.4372047663634349
2398,0.4375051381150157
2399,0.4361079575602299
2400,0.43483081843846116
2401,0.434071872448505
2402,0.43378991785653925
2403,0.43375150409571883
2404,0.4339079501399786
2405,0.4334827757396095
2406,0.4318763426170085
2407,0.4304712689224355
2408,0.429977821285356
2409,0.42842112815654654
2410,0.42726752207451674
2411,0.42681560680796715
2412,0.42563235004440914
2413,0.42381244820927083
2414,0.42279247186183433
2415,0.42231109637491837
2416,0.4203543873862985
2417,0.41853716302423566
2418,0.4170141884153786
2419,0.41569103037939226
2420,0.4147213695026177
2421,0.4127648026745987
2422,0.41170721882176
2423,0.4105936535420368
2424,0.40957479114655604
2425,0.40917132559640385
2426,0.4081043037148343
2427,0.4072998844983771
2428,0.4065843279214997
2429,0.4051494140732246
2430,0.4042046987677418
2431,0.402060525758881
2432,0.3999100813837462
2433,0.39850742494419167
2434,0.39752219536230926
2435,0.3957681511785813
2436,0.39524018422337825
2437,0.3927007577679937
2438,0.39125139472641257
2439,0.3903738141690023
2440,0.38991047214764096
2441,0.3891782128147992
2442,0.38720428634100046
2443,0.38630559226217925
2444,0.3846173037798125
2445,0.38288242123122457
2446,0.38093334959949654
2447,0.38095646309314957
2448,0.3783278487267038
2449,0.37665668856935247
2450,0.3740640886248141
2451,0.3722408883401114
2452,0.3694658717042857
2453,0.3653740603047856
2454,0.3647006773223995
2455,0.3661387952227435
2456,0.36462787595392643
2457,0.3623486727401405
2458,0.36028843751018913
2459,0.3585282087500691
2460,0.3577270843603283
2461,0.35691002173749503
2462,0.35489870112400634
2463,0.35451886398050964
2464,0.3539749874139855
2465,0.3533177398960662
2466,0.35173364945790464
2467,0.35034938160723866
2468,0.3486375355795621
2469,0.3467756572233306
2470,0.34549814498092907
2471,0.343423004745107
2472,0.3427650785434339
2473,0.33915895603423507
2474,0.3375095932964354
2475,0.338210178664844
2476,0.33674512409621415
2477,0.33629032442150986
2478,0.335440959451469
2479,0.33578588413371613
2480,0.33556095141689224
2481,0.3333898342586162
2482,0.33462539418225873
2483,0.33438029655099394
2484,0.33642254950836625
2485,0.33724853714675507
2486,0.3441560400948537
2487,0.3515172668067566
2488,0.3558958735578054
2489,0.35216394495872844
2490,0.3468674449578796
2491,0.3482633765807739
2492,0.34196748431601076
2493,0.3385403673538888
2494,0.3370820103358069
2495,0.335088191054307
2496,0.3300288372613203
2497,0.3252655659229262
2498,0.3259139484234542
2499,0.3255271007803474
2500,0.32790962639561977
