Wavelength,22MAY18CSIRO
350,0.05494193753096758
351,0.055217284523490145
352,0.05565404698980688
353,0.05603905921300581
354,0.05626843088689765
355,0.056646788675516965
356,0.056950248205041396
357,0.05727821318011255
358,0.05764046121730962
359,0.05796052330723604
360,0.05843802471277109
361,0.05895068962273778
362,0.059414844373728
363,0.059898272949983886
364,0.06040570538466662
365,0.060905020945546576
366,0.06154620144253106
367,0.06208905631498946
368,0.06269971389112998
369,0.06337002727237867
370,0.06415157526988582
371,0.06506518663665764
372,0.06602476104760252
373,0.06699054896299006
374,0.06783854625249762
375,0.06877181470102453
376,0.06982407078839994
377,0.07086735667978081
378,0.07203609878108375
379,0.07322478048955224
380,0.07444746131771227
381,0.07573541738001419
382,0.07706267807977228
383,0.07844360353149456
384,0.07991274330053805
385,0.08140401683035564
386,0.08297198179378029
387,0.08455737604153798
388,0.08598463306753018
389,0.08744874051028345
390,0.08896063307966792
391,0.09050916249998198
392,0.09202097052881514
393,0.09349697771324125
394,0.09500314503846896
395,0.09653293021885093
396,0.09796039358694525
397,0.0993358485684474
398,0.10064147460146383
399,0.10193505818571791
400,0.10308612367888931
401,0.10416725648585562
402,0.10527315136259013
403,0.1063852700594153
404,0.10759053715855696
405,0.10883889302721028
406,0.11007211076815282
407,0.11139812973465371
408,0.11281497242744495
409,0.1142223932437047
410,0.11562423467607907
411,0.11706826916821408
412,0.11847185632406354
413,0.11986955389430913
414,0.1213320874428424
415,0.12281837877411314
416,0.12436399391600422
417,0.12602785930709254
418,0.1276808308947708
419,0.12935532281423437
420,0.1310293647320749
421,0.13282650234038434
422,0.13473756245786142
423,0.13670344989869823
424,0.13862457731336206
425,0.14072700858333512
426,0.14295252982319778
427,0.14524847486844508
428,0.1476401000294806
429,0.15008146031019368
430,0.1524855941552917
431,0.15495824904174715
432,0.15752343787426287
433,0.1600657318180901
434,0.16244082733219778
435,0.16470715131602662
436,0.16695237922857395
437,0.16914258353676181
438,0.17128794215178417
439,0.17343038456523174
440,0.17550411927841544
441,0.17746373438372576
442,0.1793661586695507
443,0.18124116277114977
444,0.18299568468051838
445,0.1845935900452363
446,0.18602753032356478
447,0.18736243968269292
448,0.18857450140215457
449,0.189651176305265
450,0.19059152097457038
451,0.19137930463277195
452,0.19208133185098802
453,0.19271186366913717
454,0.19325419685176776
455,0.19371461734852627
456,0.19410364964650817
457,0.19443220889765306
458,0.19475601097490916
459,0.19502595978664805
460,0.1952562045896276
461,0.19552626298140716
462,0.19581446806137046
463,0.19610391441057426
464,0.19640228124121417
465,0.19678155022442223
466,0.197225363732057
467,0.19771637457872485
468,0.19824234389679618
469,0.1988491226579185
470,0.1995225348150722
471,0.20025073347657266
472,0.2010327503138722
473,0.20189683712214002
474,0.20285155525864496
475,0.20385592608081654
476,0.20495577301743317
477,0.20618270529473848
478,0.20748298860950273
479,0.20885203014849305
480,0.2103181476488159
481,0.21185094176992975
482,0.213483486847622
483,0.21522966774545732
484,0.21710248456929515
485,0.21915706974839827
486,0.2214081289737147
487,0.22374383805907172
488,0.22604783563925407
489,0.22847911252800454
490,0.23087138809392
491,0.23325807761197456
492,0.23572128389449656
493,0.23825973355167898
494,0.2408274247020301
495,0.2433092750756976
496,0.24591780906478689
497,0.24849530683199925
498,0.251101280185289
499,0.25375294389374414
500,0.256415225687015
501,0.25914459695011327
502,0.26189019656357126
503,0.264693005232294
504,0.26738587249480744
505,0.27012120339988
506,0.2727114980449185
507,0.27527593038881865
508,0.27798478688673184
509,0.2804673652202074
510,0.2832157038215527
511,0.2857570062868182
512,0.28829605830014515
513,0.29078326669727056
514,0.29346101483249376
515,0.2961824617282328
516,0.2988698466781285
517,0.3018171735971307
518,0.30479534828582433
519,0.3074494604799819
520,0.3101035533665573
521,0.3127367307053115
522,0.31535542950673806
523,0.3179395514357277
524,0.3203979025434269
525,0.32310918200241034
526,0.3259996656229572
527,0.3292355583991222
528,0.3325048825082745
529,0.3354316414630253
530,0.3381457067922764
531,0.340653145771766
532,0.3436015277591582
533,0.3467441786638485
534,0.3498858653625301
535,0.3530151409188452
536,0.3561214162073008
537,0.3592265686680473
538,0.3622499674863868
539,0.3653525961117372
540,0.3685400805553323
541,0.37176498924806733
542,0.3748726201014937
543,0.37796755289939477
544,0.38132506218028334
545,0.38430152653969085
546,0.387696426237877
547,0.3909782376994363
548,0.394118146863416
549,0.3975228579416903
550,0.40089107466145435
551,0.4042218913789414
552,0.4075061603790714
553,0.4107638253572099
554,0.4139464005818272
555,0.41697845695081703
556,0.41996348212281764
557,0.42303536729188446
558,0.4260655693747501
559,0.4292415035854642
560,0.4319568839108417
561,0.4348100890703577
562,0.4374654590053058
563,0.4402037483944655
564,0.443071543052298
565,0.44591877224552334
566,0.4485367531655092
567,0.451055248774221
568,0.45345287550415414
569,0.4558211743907649
570,0.4580798887656814
571,0.46022729471609924
572,0.4622881193504862
573,0.4642657415509303
574,0.46621167503443117
575,0.4681172686659179
576,0.4699709795392692
577,0.4717748056360962
578,0.4735390494567582
579,0.4752465814800722
580,0.47692785888184575
581,0.4786393752993258
582,0.480308597112068
583,0.481929768721398
584,0.4835248793603091
585,0.4851664317109961
586,0.4868001085275411
587,0.4883401843163263
588,0.4897336519235175
589,0.4910921397019875
590,0.49239384445899015
591,0.4936124353416542
592,0.494764144348152
593,0.49588951639566115
594,0.4970190795224011
595,0.4980923396310926
596,0.4991582633965319
597,0.5002049495016465
598,0.5012143969883922
599,0.5022213837614338
600,0.5032005415797741
601,0.5041452397643389
602,0.5050690710530464
603,0.5059394150030235
604,0.5067797028698107
605,0.5076121269943707
606,0.5084000092677488
607,0.5091675104799575
608,0.5099191104712957
609,0.5106364966295185
610,0.5113318450857796
611,0.5120010886401409
612,0.5126513292167183
613,0.5133122363641607
614,0.5139938589722641
615,0.5146865541666944
616,0.5153819892201839
617,0.5160275465791588
618,0.5166517479409045
619,0.5172724722210655
620,0.5179007903924859
621,0.5185313409718852
622,0.5191816246762182
623,0.5198500025030621
624,0.5204853680784438
625,0.521102765139859
626,0.5216964344663149
627,0.5222673762701767
628,0.522864148678202
629,0.5234805204026953
630,0.5240887809201671
631,0.5246421900043186
632,0.525167290716511
633,0.5256961773041479
634,0.5262393402334964
635,0.5267678319263283
636,0.527240935975456
637,0.5277077423101364
638,0.5282190981984035
639,0.5287031308840153
640,0.5291904272680337
641,0.5296904411513842
642,0.5301604229451171
643,0.5306602617722955
644,0.5311748712866331
645,0.5317164981929028
646,0.5321955028494237
647,0.532666473588969
648,0.5331468649939035
649,0.5336108865309894
650,0.5340869643650159
651,0.5345641338897817
652,0.5350484694536788
653,0.5355764339547873
654,0.5361314423925667
655,0.5366805633182674
656,0.5371719889469442
657,0.5376542277323286
658,0.5381181014941336
659,0.5385933515510168
660,0.5391258501223494
661,0.5397008411202795
662,0.5402749273460921
663,0.5408165876871809
664,0.5413426934629189
665,0.541924448020316
666,0.5425162023807375
667,0.5430745530716357
668,0.5436852735493249
669,0.544295464549053
670,0.5448878635223646
671,0.5455488355825269
672,0.5461803893432311
673,0.5467798448080974
674,0.5473842833736945
675,0.5479941671088887
676,0.5486270620687671
677,0.549238903112993
678,0.5498157940092632
679,0.5504253409898516
680,0.5510306938829401
681,0.5516371963939322
682,0.552262898196181
683,0.5529153136588404
684,0.553584222770753
685,0.5542882987121591
686,0.5548910591053877
687,0.5554693889054403
688,0.555981176129787
689,0.5566795285546704
690,0.5573661045705876
691,0.5580327528132865
692,0.5586675963119256
693,0.5591980625666333
694,0.5597689626291786
695,0.5604650641071094
696,0.5612977203058795
697,0.5620844748453555
698,0.5627923214506074
699,0.5634478621782704
700,0.5641157189037332
701,0.5648480903194635
702,0.5656379894618182
703,0.566446817711438
704,0.5672466843643162
705,0.5680315537063919
706,0.5688366234321367
707,0.5696986627774664
708,0.5705234006633353
709,0.5713322599855593
710,0.5721527457262865
711,0.5730012682956408
712,0.5738544129149752
713,0.5746964623872352
714,0.575511680602959
715,0.5763253661413505
716,0.5769371938513287
717,0.5773662752214479
718,0.5778985460595716
719,0.5785996232661827
720,0.5796263015405848
721,0.5808499645913686
722,0.5819099095705516
723,0.5826355548416857
724,0.5832664106014354
725,0.5840830379676357
726,0.5850194538570433
727,0.5859417442012791
728,0.5868476697179761
729,0.5877756101440244
730,0.5886148574736629
731,0.5894742724363442
732,0.5904420766530877
733,0.5914490683987177
734,0.592298153096396
735,0.5930555771590151
736,0.5937907105938123
737,0.5945458121181946
738,0.5952839597133113
739,0.595994305964343
740,0.5966709917276899
741,0.5973443497119997
742,0.5980076691707985
743,0.5986643115109771
744,0.5993162412071531
745,0.5999754425241296
746,0.600615677792893
747,0.6012051963372957
748,0.6018067461104433
749,0.6023815514065736
750,0.6029388034609188
751,0.6035553728587624
752,0.6040993826584402
753,0.6045979749603393
754,0.6051007107809339
755,0.6056192381087092
756,0.6061621663114494
757,0.6067562374872116
758,0.6072976664155283
759,0.6076720076043659
760,0.6078584833990563
761,0.6080781328982277
762,0.6085261528034125
763,0.6088762162366181
764,0.6093312799384594
765,0.6098709392017404
766,0.6103437418282478
767,0.6107514857572782
768,0.6112166062738902
769,0.611588895997379
770,0.6119546892574499
771,0.6123117482522804
772,0.6126398074670463
773,0.6129439410147925
774,0.613220576046881
775,0.6134743868874467
776,0.613713167078939
777,0.6140180801695931
778,0.6143055604504013
779,0.6145701394903262
780,0.6148241071875244
781,0.6150929554799125
782,0.6153598543793997
783,0.6156043937322377
784,0.6158065944211166
785,0.615989559242093
786,0.6161330277067028
787,0.616248538806878
788,0.6163427105429609
789,0.6164760447933637
790,0.6166410768081417
791,0.616808690418278
792,0.616973744893707
793,0.6171424569002923
794,0.6172803346181209
795,0.6173390596857982
796,0.617402673218514
797,0.6174746820156106
798,0.6175544155145338
799,0.617651134837647
800,0.6177375260039253
801,0.6178039476718753
802,0.6178547071427174
803,0.6179136101380942
804,0.6180214289540376
805,0.618148557930374
806,0.6182369068351905
807,0.6183130622026232
808,0.6183342672322334
809,0.618289932140165
810,0.6182987779803313
811,0.6183223758855523
812,0.6183209260162467
813,0.6181265839335145
814,0.6179619388728912
815,0.6179109619148271
816,0.6179311495012665
817,0.6179994009378627
818,0.6180776010858805
819,0.6181465480832546
820,0.6182132181420978
821,0.6182926979394537
822,0.6182905027483584
823,0.6182774597379859
824,0.6183099232360576
825,0.6183867302436634
826,0.6183964426472022
827,0.6183721031580353
828,0.6183546237293029
829,0.6183017908133585
830,0.618330151088324
831,0.618392804964187
832,0.61838868659599
833,0.6183445822654361
834,0.6183233668639442
835,0.618339438550245
836,0.6183602699777553
837,0.6183282125012675
838,0.618339965404924
839,0.6184073859151487
840,0.6183797673228539
841,0.6183443131118
842,0.6183316203972091
843,0.6183428302634817
844,0.6183376406248347
845,0.6183363560259519
846,0.6183385469243283
847,0.6183698590320983
848,0.618386461501581
849,0.6184290976805455
850,0.6184825598143251
851,0.618485627076117
852,0.6185063742444403
853,0.6185321966640742
854,0.6185468941210492
855,0.6185491388875449
856,0.6185995468629364
857,0.6186192582868977
858,0.6185686431855928
859,0.6186046927680722
860,0.6186319102804225
861,0.6186464181370194
862,0.6186848156457276
863,0.6187641164868374
864,0.6188418734318291
865,0.618923734294226
866,0.6190265074778041
867,0.6190419311946207
868,0.6190810249729453
869,0.6191709525722131
870,0.6192035396315667
871,0.6192623015677289
872,0.6193029706024388
873,0.619343671914381
874,0.6193770337000855
875,0.6194390505428902
876,0.6194312158429897
877,0.6194719265714295
878,0.6194645194172708
879,0.6194575702521778
880,0.6194755393781726
881,0.6195185605803624
882,0.6195314889808737
883,0.6195623098783849
884,0.6196031628854932
885,0.6195976336798413
886,0.6196005129360347
887,0.6196794037515437
888,0.6197863961286707
889,0.6197536120776297
890,0.6197738798882937
891,0.6197810109561948
892,0.6198006644933187
893,0.6198081044758311
894,0.6199218389169056
895,0.6200520073871658
896,0.6201513185926982
897,0.6202073980714109
898,0.6202927502955089
899,0.6203699842808177
900,0.6204808451827092
901,0.6206977861141403
902,0.6208895909306535
903,0.6209912930022647
904,0.6209974651580351
905,0.621071563415451
906,0.6212235845545135
907,0.62134832487613
908,0.6213158933336316
909,0.6214515502181376
910,0.6215707155418746
911,0.6214978238533045
912,0.6214861683352618
913,0.6215683696363159
914,0.6217185079374696
915,0.6218947024458757
916,0.6219857761482398
917,0.6222345594897382
918,0.6225084660188756
919,0.6227287002086013
920,0.622956852229446
921,0.6231276314383538
922,0.6232604717779571
923,0.6234089391476016
924,0.6234421119744771
925,0.6233886450866584
926,0.6232520302616467
927,0.6230317224217451
928,0.622939792795179
929,0.6230660388858664
930,0.6231649424246849
931,0.6233355983780919
932,0.6230778156456542
933,0.6227606560166503
934,0.6226361565740368
935,0.6222619154574189
936,0.6226807743257652
937,0.6231279845415527
938,0.6233560361365142
939,0.6235309364816903
940,0.6237503550262107
941,0.6239205598864945
942,0.624120400299361
943,0.624710152713432
944,0.624626570449166
945,0.6243428437014614
946,0.6248069052813242
947,0.6249755844590008
948,0.6250884195150488
949,0.6254225638233787
950,0.6256260642233952
951,0.6255993140569627
952,0.6258140481270054
953,0.6261849532188686
954,0.6264556394431342
955,0.6267862115156195
956,0.6270413556352741
957,0.6270887737278305
958,0.6275191235164508
959,0.6278842534633552
960,0.6280468556403079
961,0.6283630952422565
962,0.6283456271910919
963,0.6284855410144624
964,0.6286713890832833
965,0.6290465004714738
966,0.6292012778780665
967,0.6296201441507184
968,0.6299271719297956
969,0.630091578632038
970,0.630489686007171
971,0.6308301968155328
972,0.6310261935337682
973,0.6312396438717591
974,0.6314671447597229
975,0.6316508833139831
976,0.632006976033322
977,0.6325284251216012
978,0.6327043907345025
979,0.6328890141906178
980,0.6331845101920899
981,0.6335880095696264
982,0.6338589986897458
983,0.6341533656865252
984,0.6345194838543942
985,0.634946652169706
986,0.6354865528047238
987,0.6357892614988547
988,0.6357761257162616
989,0.6358831373030572
990,0.6364378902302549
991,0.6367777281916812
992,0.6369273250552845
993,0.6373085724592449
994,0.637337338559381
995,0.6378226541717753
996,0.6383103221184248
997,0.6382118325785546
998,0.6383827828334635
999,0.6386491625570545
1000,0.63904272909061
1001,0.642796882491704
1002,0.6431227216613452
1003,0.6435162446904736
1004,0.643824587637011
1005,0.6441523738776038
1006,0.6445031416001947
1007,0.6447354523889987
1008,0.6450913087501896
1009,0.6454607886906365
1010,0.6457208923283885
1011,0.6460039587759064
1012,0.6463362382435538
1013,0.6466902386143064
1014,0.6470096148112171
1015,0.6473727245825529
1016,0.6477098510653116
1017,0.6479666414247085
1018,0.648350858363115
1019,0.6487509348533429
1020,0.6491202119055297
1021,0.649473039350169
1022,0.6497506538911819
1023,0.6500206970386596
1024,0.6502996280621572
1025,0.650580051488981
1026,0.6509985768398991
1027,0.6513674120721229
1028,0.6517125478181773
1029,0.6520768440590511
1030,0.6524036489748166
1031,0.65273480953145
1032,0.6531271914862515
1033,0.653534170559261
1034,0.6537588540730841
1035,0.6540644563949958
1036,0.6544010638156368
1037,0.6546082011555592
1038,0.6549518467379496
1039,0.6552898024890939
1040,0.6556237281356728
1041,0.6560608616447501
1042,0.6563563030482148
1043,0.6566918949014324
1044,0.6570735466774045
1045,0.6574255494395793
1046,0.657752461246147
1047,0.6580908786425126
1048,0.6585821261449716
1049,0.658935097482986
1050,0.659306145998017
1051,0.6597310608228237
1052,0.6600387932484957
1053,0.6602634927317037
1054,0.660528807136681
1055,0.6609485851148729
1056,0.6612967740178708
1057,0.6616180965364744
1058,0.6620938013285766
1059,0.6625460765369824
1060,0.6629099267333167
1061,0.6632910884277222
1062,0.6637473194027294
1063,0.6640240034583614
1064,0.6642538095105749
1065,0.664591791278768
1066,0.6650264830240358
1067,0.6655037274015132
1068,0.6658955911905238
1069,0.6662176767158591
1070,0.6665685413712887
1071,0.6669028437724435
1072,0.6673356810502035
1073,0.6678354636517485
1074,0.6681617484430826
1075,0.6685264178945005
1076,0.6689411983946938
1077,0.669313399433204
1078,0.6695865427982455
1079,0.6699893334243312
1080,0.6703872179837372
1081,0.6707337098819461
1082,0.6711026623087988
1083,0.6713856536549625
1084,0.6716449593213669
1085,0.6720000571049439
1086,0.6724175133429908
1087,0.6729026220399159
1088,0.6733481385060771
1089,0.673701106555783
1090,0.6741193417587164
1091,0.674576995889814
1092,0.674962136571009
1093,0.67533835606049
1094,0.6756940469305991
1095,0.6759878378971571
1096,0.6762544002457394
1097,0.676619622667527
1098,0.6770492250280777
1099,0.6774231608982348
1100,0.6778152414900281
1101,0.6781840956209437
1102,0.6785086511614487
1103,0.6788033444413686
1104,0.6790625752401941
1105,0.6793629264465737
1106,0.6796508555368304
1107,0.6798718659378795
1108,0.680207324445187
1109,0.6805262435285049
1110,0.6808721708041052
1111,0.6812220268976192
1112,0.6815285120578114
1113,0.6819299661003871
1114,0.6824558700021901
1115,0.6828310487758704
1116,0.6834156509228109
1117,0.6840614266780468
1118,0.6846215364646595
1119,0.6849953270189721
1120,0.6853657279850958
1121,0.6856655707359445
1122,0.6860134473310955
1123,0.6864401249571912
1124,0.6869731263266212
1125,0.6875792201432935
1126,0.6880195298703555
1127,0.6881910981089205
1128,0.6885391939209622
1129,0.6888076727772963
1130,0.6891373355221799
1131,0.6895633382717663
1132,0.6899992289739755
1133,0.6902662507045527
1134,0.6904313642498097
1135,0.6906116650340027
1136,0.6907413905899318
1137,0.6909123255121172
1138,0.6911388657494546
1139,0.691372027618853
1140,0.6916463750812529
1141,0.6919745990271948
1142,0.6921646590581656
1143,0.6924011074744059
1144,0.6927653145703385
1145,0.6931615109848146
1146,0.6936167552981464
1147,0.6939636181239235
1148,0.694223638725843
1149,0.6944388132800283
1150,0.6945577771871543
1151,0.6949021491697569
1152,0.6951617323251329
1153,0.6957471647260972
1154,0.6963168589606539
1155,0.6968287464191134
1156,0.6973266297256316
1157,0.6978557128480563
1158,0.6985933718320358
1159,0.6991544479123579
1160,0.6996691381793044
1161,0.7001109894588509
1162,0.7005263076132447
1163,0.7008784299582116
1164,0.7012233719755937
1165,0.701565050688616
1166,0.7018985083467826
1167,0.7022606596678063
1168,0.7025939100626706
1169,0.7028906797802297
1170,0.703173515776764
1171,0.7034864753962489
1172,0.7037610924219646
1173,0.7040500699573145
1174,0.7045157146679826
1175,0.7048411045542446
1176,0.7051811009453666
1177,0.7055068199020778
1178,0.7057935205707566
1179,0.7060842768142379
1180,0.7064019164501452
1181,0.7066602719612654
1182,0.7068499836304243
1183,0.7071121931078014
1184,0.7073639830774141
1185,0.707636193288901
1186,0.7079893441199708
1187,0.7082638924093887
1188,0.7084688826805726
1189,0.7087135648532463
1190,0.708982780251108
1191,0.709305129096031
1192,0.7096625291739653
1193,0.7099655905801361
1194,0.7102315702887574
1195,0.7104568683373278
1196,0.7106905143433734
1197,0.7108915315294475
1198,0.711162115192826
1199,0.7114813843026935
1200,0.7117429105695208
1201,0.712049411629623
1202,0.7122715039014507
1203,0.7123459488927164
1204,0.7125649182232499
1205,0.7128256034072062
1206,0.713073488714913
1207,0.7134373986353906
1208,0.713689920912097
1209,0.71390441403992
1210,0.7141426902648983
1211,0.7143482605049916
1212,0.7145783227662736
1213,0.7148830612007318
1214,0.7151993357641626
1215,0.7154309494812523
1216,0.715743530032176
1217,0.7159409144283853
1218,0.7159658805302215
1219,0.7161477615401501
1220,0.716385564894608
1221,0.7166154974119132
1222,0.716902108800364
1223,0.7171133379852
1224,0.7172328226030936
1225,0.7174472635873316
1226,0.7176908952723373
1227,0.7179231949417451
1228,0.7182106716738409
1229,0.7184672509185258
1230,0.7186856889077053
1231,0.7189085828458619
1232,0.7191180510864296
1233,0.7193115334721448
1234,0.7194968039884164
1235,0.7196929770994537
1236,0.7198950349235658
1237,0.7201007662365089
1238,0.7202992149449934
1239,0.7205075115788362
1240,0.7207121882319101
1241,0.7208807781218336
1242,0.7210773664635513
1243,0.7213226880602082
1244,0.7214900021444
1245,0.7216000140231108
1246,0.7217575286797945
1247,0.7219290542465551
1248,0.7220917065018908
1249,0.7222693595593692
1250,0.7224569042323301
1251,0.7226861126198464
1252,0.7228138530751105
1253,0.7229940940669544
1254,0.7231977885756683
1255,0.7232752259571293
1256,0.7232794454768652
1257,0.7233480964685239
1258,0.7234354507591256
1259,0.7234993963039251
1260,0.7235718593414167
1261,0.7236474110201234
1262,0.723709950687472
1263,0.7237653296147665
1264,0.7238430140991874
1265,0.7239319516290612
1266,0.7240735567721243
1267,0.724162253031599
1268,0.7241642728157237
1269,0.7242509637324
1270,0.7243380161206401
1271,0.7244427081222058
1272,0.7247177825339535
1273,0.7248847137390189
1274,0.7249806051002337
1275,0.7250831313792753
1276,0.7251700322297292
1277,0.725185978020271
1278,0.7253002755382589
1279,0.7254643997653355
1280,0.7255575514241208
1281,0.7256755994885344
1282,0.7257265934421664
1283,0.725822102315675
1284,0.7258832768818433
1285,0.7258664486797554
1286,0.7258669353677336
1287,0.7258080818965391
1288,0.7258157806105943
1289,0.7258593340335255
1290,0.7258768662547023
1291,0.7259656887791279
1292,0.7259605960914913
1293,0.7258454290822154
1294,0.7257927219829264
1295,0.7257375572160627
1296,0.7256673903502882
1297,0.7256362039018917
1298,0.725612084048511
1299,0.7256394275467963
1300,0.7256250520770042
1301,0.7255877997169706
1302,0.7255923359688923
1303,0.7255267498591174
1304,0.7253953237493658
1305,0.7253542010200869
1306,0.7252866551597914
1307,0.7253151042623953
1308,0.7254397987927512
1309,0.7254731318425269
1310,0.7254303115608982
1311,0.7253681464170916
1312,0.7252516840152032
1313,0.7251726274325105
1314,0.7251560798467692
1315,0.7250851521034405
1316,0.7249742743259502
1317,0.7248831425616311
1318,0.7247792936638209
1319,0.7246778160802292
1320,0.7246037274064254
1321,0.7245039165630491
1322,0.7244119356087784
1323,0.7242339747146043
1324,0.7241211390161599
1325,0.7242017353516357
1326,0.72416238272298
1327,0.7241272197837918
1328,0.7239994286796181
1329,0.723794220271039
1330,0.7237467910089901
1331,0.7236099388295303
1332,0.7235420918633007
1333,0.7234818529666645
1334,0.7234211534004353
1335,0.7233967254127366
1336,0.7233040282291547
1337,0.7231113073928234
1338,0.7229405991015806
1339,0.722707104180259
1340,0.7225640208893098
1341,0.7225665757316547
1342,0.7225098706462756
1343,0.722350686057445
1344,0.7220627938207016
1345,0.7218839373804757
1346,0.7217444467859786
1347,0.721640186361491
1348,0.7213651053544055
1349,0.7209047760759569
1350,0.7200184038394493
1351,0.7193689040077229
1352,0.7183834350389957
1353,0.7184593597817787
1354,0.7188144882242236
1355,0.7180412154468299
1356,0.7166791980373299
1357,0.7152124932237118
1358,0.7180368450152197
1359,0.718555126925187
1360,0.715486278040808
1361,0.7142793160533897
1362,0.715784022972864
1363,0.7139761746004393
1364,0.7146155840253899
1365,0.7144122299170872
1366,0.7150183615038209
1367,0.7170958055363851
1368,0.7162184778661583
1369,0.7187650522585218
1370,0.7041800624402434
1371,0.7019922018062752
1372,0.695172146395562
1373,0.6925105403141065
1374,0.6986449469770297
1375,0.6985436961058282
1376,0.6949123609802001
1377,0.696766894380324
1378,0.6925028717535309
1379,0.6864245348454565
1380,0.6868485541768534
1381,0.6913051659763875
1382,0.6899738812557742
1383,0.6907562274087758
1384,0.6890387170408871
1385,0.6846359407786745
1386,0.6815105200427369
1387,0.6731728778039296
1388,0.6715714679641072
1389,0.6710691671109147
1390,0.6745173937298405
1391,0.6727407824599816
1392,0.6713781459979753
1393,0.6709433278584485
1394,0.6697162236840459
1395,0.6696903596454395
1396,0.6688480198802009
1397,0.6641955523534897
1398,0.6632450758338757
1399,0.6619443348095047
1400,0.6597528292101451
1401,0.6591668078422692
1402,0.6567337189320732
1403,0.6539781422570241
1404,0.6510917156414686
1405,0.648397643740906
1406,0.6458974911565203
1407,0.6440940352836331
1408,0.6408863889294962
1409,0.6407242399504811
1410,0.6399648681459118
1411,0.6395655298024143
1412,0.6386916201452146
1413,0.6381620817148199
1414,0.6383656290055093
1415,0.6394832682446658
1416,0.6413704187477212
1417,0.642068139928407
1418,0.6434604052767428
1419,0.6456865129485816
1420,0.6472818060349691
1421,0.6488801900720997
1422,0.6496652768373081
1423,0.6496559512875091
1424,0.6505561690009289
1425,0.6513708735436043
1426,0.6522824611867655
1427,0.6526695209123312
1428,0.6531983239041449
1429,0.6536542638076308
1430,0.6541231663403377
1431,0.6543758122470726
1432,0.6542384841419908
1433,0.6542417950471673
1434,0.6540461496528852
1435,0.6539961565124912
1436,0.6539730893863349
1437,0.6540055857871976
1438,0.6543551639970777
1439,0.6547410256787732
1440,0.6553098031092175
1441,0.6556990163314589
1442,0.6556344148421283
1443,0.6556671375779035
1444,0.655505398280662
1445,0.6558163043253509
1446,0.6557620122905584
1447,0.6559259607172934
1448,0.6561218288964448
1449,0.6562830287806823
1450,0.6564547989056333
1451,0.6568815283409986
1452,0.6569984944630611
1453,0.6571575234837492
1454,0.6572698112605104
1455,0.6573918360980164
1456,0.6575022669771007
1457,0.6573361513949514
1458,0.657110252533229
1459,0.6572792284832583
1460,0.6574279731894234
1461,0.6575605386474217
1462,0.6576287966852803
1463,0.6577301282788306
1464,0.6579035466563461
1465,0.6579349802146515
1466,0.6580623832664751
1467,0.6581453208150825
1468,0.6583427932253727
1469,0.6586010442900605
1470,0.6589892273187377
1471,0.6596558405410364
1472,0.6602371818017438
1473,0.6607231319344847
1474,0.6611289625942447
1475,0.661419159089982
1476,0.6618431072261814
1477,0.662095073666441
1478,0.6623801035342536
1479,0.6627566093886845
1480,0.6632472832798826
1481,0.6638667061431335
1482,0.6643413084818106
1483,0.6647960297935571
1484,0.6654651651164083
1485,0.6661324761738333
1486,0.6667722642469256
1487,0.6675342188773263
1488,0.6681254927660769
1489,0.6687500483631834
1490,0.6693584727525841
1491,0.6700183706355511
1492,0.670526523614334
1493,0.6710825964720055
1494,0.6716613743887867
1495,0.6722389046017115
1496,0.6728969383518146
1497,0.6734017505766077
1498,0.6738073962228222
1499,0.6742377553736586
1500,0.674723174252184
1501,0.6751520374296847
1502,0.6755979412000284
1503,0.6760506755270446
1504,0.6765366950366657
1505,0.6770299531603822
1506,0.6775461008831359
1507,0.6780475271065932
1508,0.6785091256146965
1509,0.6789930345235458
1510,0.6794958790395671
1511,0.6799915241583905
1512,0.6805316913245938
1513,0.6809513439970689
1514,0.6814034582746629
1515,0.6818513777647985
1516,0.6822102981234284
1517,0.6826142304329225
1518,0.6830466373841928
1519,0.6834953585430851
1520,0.6839457016108905
1521,0.684318657600417
1522,0.6846024984865777
1523,0.6849635779854205
1524,0.6853531763228737
1525,0.6857109311536822
1526,0.6861127733804645
1527,0.6864737107817855
1528,0.6867627556225732
1529,0.6870977887803622
1530,0.6874677413319481
1531,0.6877780098786561
1532,0.6880883945529577
1533,0.6883844969180073
1534,0.6886435241972105
1535,0.6889046312334537
1536,0.6891418387564681
1537,0.6894179368859158
1538,0.6897385796478592
1539,0.6900053134211563
1540,0.6902715941310247
1541,0.6905311296641284
1542,0.6907095790442546
1543,0.6909465938596631
1544,0.6912809535798732
1545,0.6915681022894734
1546,0.6918303242353427
1547,0.6920572340013544
1548,0.6922066826886617
1549,0.6924211400277203
1550,0.6926343354156788
1551,0.692854390774311
1552,0.6931416745894725
1553,0.6934095286438393
1554,0.6936282605577958
1555,0.6937929879119908
1556,0.6940212731636662
1557,0.694199830024215
1558,0.6943830329856879
1559,0.6945747199373226
1560,0.6948063137496643
1561,0.6950720509290723
1562,0.6952847483498878
1563,0.6955688657009256
1564,0.6957319169418741
1565,0.6958242807893209
1566,0.6959841025212938
1567,0.6961554599545741
1568,0.6963174969020954
1569,0.6966184420492113
1570,0.6968262648830474
1571,0.69697547199334
1572,0.6971813117551772
1573,0.6973907204070247
1574,0.6976239579665007
1575,0.6978594230356485
1576,0.6980838160410845
1577,0.698355966305998
1578,0.6985589571191898
1579,0.6987391956401091
1580,0.6989195815939908
1581,0.699074773234926
1582,0.6992381201817817
1583,0.6994145257194602
1584,0.6995902684372306
1585,0.6996795067379643
1586,0.6998420970886956
1587,0.7000615781665807
1588,0.7001871775543004
1589,0.7003165369073072
1590,0.7004667393606568
1591,0.7005745321116919
1592,0.700699284182923
1593,0.700868888062516
1594,0.7010068566355592
1595,0.7011456458646341
1596,0.7012622595688813
1597,0.7013714268343975
1598,0.7014604279332899
1599,0.701510693719936
1600,0.7015923457382991
1601,0.7016472021715727
1602,0.7017586815090116
1603,0.7019355806353142
1604,0.7020392535077624
1605,0.7021123761593968
1606,0.7022414486134891
1607,0.7023509928564602
1608,0.702479543993196
1609,0.7026824069615827
1610,0.7027652003930878
1611,0.7028218562419491
1612,0.7029331496783747
1613,0.7030078082931276
1614,0.7030850185129872
1615,0.7032503221108481
1616,0.7033920072173896
1617,0.7036251617995504
1618,0.7036478848277739
1619,0.7035522337243365
1620,0.7035755216018745
1621,0.7035853788202139
1622,0.7036202516311254
1623,0.7037595358889026
1624,0.7038395514734788
1625,0.7038786194790968
1626,0.7039054388420565
1627,0.7039143668637833
1628,0.7039420575665543
1629,0.7039563536166978
1630,0.7040135290475829
1631,0.7041155313723477
1632,0.7041946520120606
1633,0.7042807169645496
1634,0.7043079083857442
1635,0.7042726795739986
1636,0.704318522320043
1637,0.7043937118626207
1638,0.7044914469482231
1639,0.7045394094502133
1640,0.7046501629509592
1641,0.7048043753445732
1642,0.7049100364121318
1643,0.704984497454614
1644,0.7050696740484186
1645,0.7051310995463289
1646,0.7052202557815479
1647,0.7053290684645483
1648,0.7054250826371327
1649,0.7055892500797509
1650,0.7056781143722695
1651,0.7056769830889551
1652,0.7057424509200824
1653,0.7057930103855692
1654,0.7058727299977741
1655,0.7060222635229491
1656,0.7060965109879392
1657,0.7061715383485467
1658,0.7061713662542981
1659,0.7060782866585242
1660,0.7060511851923335
1661,0.7059963156511591
1662,0.705965565142011
1663,0.7060160939981589
1664,0.7059944102985951
1665,0.7059426616990415
1666,0.7058833168227564
1667,0.705775870725686
1668,0.7057111879717513
1669,0.7056865859337645
1670,0.7055902996647674
1671,0.705440804556757
1672,0.7054030049652057
1673,0.7053809246278621
1674,0.705320623714975
1675,0.705277906191141
1676,0.7051547082166456
1677,0.7048522318858187
1678,0.7046183496448752
1679,0.7043499351685716
1680,0.7041668693776637
1681,0.7040191531486327
1682,0.7038831043590523
1683,0.7038820059712275
1684,0.7037728196422993
1685,0.7036516277143829
1686,0.7035027845648945
1687,0.7033761516534078
1688,0.7032670798289751
1689,0.7031434351720571
1690,0.7030045624909576
1691,0.7028491426485204
1692,0.7027478937500746
1693,0.7026637820881525
1694,0.702501830587944
1695,0.7024316922268985
1696,0.7024573292444035
1697,0.7023135542654229
1698,0.7022325348485634
1699,0.7022316456485137
1700,0.7019452298326809
1701,0.7017548952945011
1702,0.7017589348285209
1703,0.7016558642158502
1704,0.7016667246708714
1705,0.7016696360657505
1706,0.7014652332160143
1707,0.7012451133395142
1708,0.7010953719690054
1709,0.7009806657560393
1710,0.7008701765105874
1711,0.7007511368418866
1712,0.7005953367491073
1713,0.7004446420770658
1714,0.7003193595372414
1715,0.7000964833286678
1716,0.6999348846226452
1717,0.6997561937479089
1718,0.6995630793329841
1719,0.6993649280661134
1720,0.6991797025063217
1721,0.6989411910033809
1722,0.6986290805382358
1723,0.698352665463701
1724,0.6981694583795779
1725,0.6979750887691006
1726,0.6977654307118901
1727,0.6975406424592445
1728,0.6972868071813605
1729,0.6970650541762147
1730,0.6968136039821846
1731,0.6965742273428348
1732,0.6962063416966737
1733,0.6959630058400139
1734,0.6958033643114145
1735,0.6956529574144595
1736,0.6955802698965834
1737,0.6953313167160953
1738,0.6950533897671347
1739,0.6948116681206074
1740,0.6946225819840977
1741,0.6944273347122393
1742,0.6942191456347514
1743,0.6939995332510609
1744,0.6939219783072395
1745,0.6937402334023139
1746,0.6934246684110419
1747,0.6932807476938141
1748,0.6931429725525686
1749,0.692907512063011
1750,0.6926192423560203
1751,0.6922197424088075
1752,0.6919274684976191
1753,0.6916450985877025
1754,0.6914996050658866
1755,0.6914456904849446
1756,0.6912942802339805
1757,0.6911185634554673
1758,0.6910077062299103
1759,0.6906388344287264
1760,0.690287492141131
1761,0.6902064874231937
1762,0.690058026021352
1763,0.6899497887791927
1764,0.6899347829225169
1765,0.6897284715248324
1766,0.6893439871963216
1767,0.6891991134722326
1768,0.6891481729566208
1769,0.6889003472446392
1770,0.6886629073760318
1771,0.6882594699995657
1772,0.6879283097332739
1773,0.687839711034347
1774,0.6877335759965568
1775,0.6877419091626307
1776,0.6875658979546502
1777,0.6871481645568802
1778,0.6869300166152188
1779,0.6868980207224611
1780,0.6867374812001781
1781,0.6866894490545604
1782,0.6864630921034637
1783,0.6859215641299059
1784,0.6858031123610249
1785,0.6853591032366573
1786,0.6849816691982369
1787,0.6850048842805754
1788,0.6849219541489983
1789,0.6847995362886423
1790,0.6846399929165521
1791,0.6844746340398726
1792,0.6845588477974571
1793,0.6842878386381853
1794,0.683974964087423
1795,0.6838715337327681
1796,0.6832895096385716
1797,0.6833049946813607
1798,0.6830949771546443
1799,0.6826440342407183
1800,0.6816868240622458
1801,0.6834512688222254
1802,0.6829039721211168
1803,0.682177248437553
1804,0.6814235000496907
1805,0.6816185929571128
1806,0.6808663054605711
1807,0.6806193352489764
1808,0.6807802613709186
1809,0.6807749638650532
1810,0.6804332997994988
1811,0.6802574843458253
1812,0.6802638842195246
1813,0.6793138461074131
1814,0.6784914908988215
1815,0.6787712918491869
1816,0.6780645296783074
1817,0.6777840131061249
1818,0.6799976371275023
1819,0.6803059173360226
1820,0.67915356998942
1821,0.6788157029581755
1822,0.6791327617204103
1823,0.6798233708174508
1824,0.6792752135291064
1825,0.678469696515068
1826,0.6794457352304665
1827,0.6783896472132618
1828,0.6774134738599161
1829,0.6840579806723961
1830,0.6860739097169428
1831,0.687914565462157
1832,0.69297606976471
1833,0.701818768662766
1834,0.7178513254782526
1835,0.7443168193596517
1836,0.7632285790343346
1837,0.7796918165961108
1838,0.7911806899909966
1839,0.798626175216149
1840,0.7866365110037692
1841,0.7817487176557225
1842,0.8004040946990167
1843,0.7997636984043262
1844,0.8299315619951539
1845,0.8261080493801365
1846,0.804705443061406
1847,0.7574059296657341
1848,0.7518291730100943
1849,0.7830826342440068
1850,0.7703634037615812
1851,0.7889645271445872
1852,0.7992798153726561
1853,0.7909769682910479
1854,0.7694520175814387
1855,0.7355306431067321
1856,0.7356374002248718
1857,0.7258215112708253
1858,0.7107547560281621
1859,0.7157089941206786
1860,0.7665057555650754
1861,0.7722199239594245
1862,0.7563993377548643
1863,0.7638846338775334
1864,0.7108967975465654
1865,0.7312295166318594
1866,0.7381133940668203
1867,0.726695606516641
1868,0.7512305706611455
1869,0.7858709158100486
1870,0.7648523919721462
1871,0.7712472080058592
1872,0.7648852233226714
1873,0.7527406932781535
1874,0.7215959750191338
1875,0.7147109023064128
1876,0.6721155430567326
1877,0.6589951170592986
1878,0.6378490943092903
1879,0.6324962311897426
1880,0.6284590375097212
1881,0.6288374640457601
1882,0.6331456961919171
1883,0.6322485643941195
1884,0.6340713933653819
1885,0.6314942930988491
1886,0.6276346182236902
1887,0.625532921688843
1888,0.6199330266895057
1889,0.6174070784415768
1890,0.6155556681365641
1891,0.6073991633640058
1892,0.6065054826370929
1893,0.610163732175816
1894,0.60787228910826
1895,0.6108066648729267
1896,0.6093577408303558
1897,0.6090185266241027
1898,0.6114646945451068
1899,0.6268590803147793
1900,0.6365644652972644
1901,0.6327593182258529
1902,0.6305194711194484
1903,0.6320909380600371
1904,0.657500814129097
1905,0.6639188129968939
1906,0.6690391187636444
1907,0.6857166347679474
1908,0.6548028088990477
1909,0.6174736462557724
1910,0.589753603166346
1911,0.5799325788911075
1912,0.5582282183209657
1913,0.5523262555737672
1914,0.5425755841700701
1915,0.5338234946634889
1916,0.5322625784197172
1917,0.5293304725583714
1918,0.5296365706199362
1919,0.5304842026552427
1920,0.529708058347119
1921,0.5245330333122162
1922,0.5253987607964699
1923,0.5204124206385281
1924,0.5177188776362076
1925,0.5196238132686339
1926,0.5174909099313107
1927,0.5160305739147801
1928,0.5172113464274445
1929,0.5177350201555284
1930,0.517950422164932
1931,0.5175613248616296
1932,0.5158799733298048
1933,0.5148235508605913
1934,0.5148803053141777
1935,0.5155206175303586
1936,0.5149271262223344
1937,0.5150511656839514
1938,0.5154136085598842
1939,0.514030828890036
1940,0.5137179843259393
1941,0.5152358257495024
1942,0.5158467217088596
1943,0.5164011712973131
1944,0.5163871278939978
1945,0.5162683660764796
1946,0.5156156658527367
1947,0.5171522167134484
1948,0.5168001835414554
1949,0.5177236486523629
1950,0.5189337422975482
1951,0.5195992141961296
1952,0.520201145334952
1953,0.5202421708339453
1954,0.5212158485070488
1955,0.5219855284042227
1956,0.5221584389139287
1957,0.5234780688748714
1958,0.5241578474579014
1959,0.5254721233797222
1960,0.526190915937473
1961,0.5264772150164867
1962,0.5275143287290476
1963,0.5277326438554895
1964,0.5286280100528068
1965,0.5293228409373748
1966,0.5301146688218767
1967,0.5312758260298154
1968,0.5318287414455262
1969,0.5322974797823569
1970,0.5327897120678107
1971,0.5331656440611021
1972,0.5337007626447323
1973,0.5343470611397639
1974,0.535007158188197
1975,0.5357186966098006
1976,0.5364447005816122
1977,0.53728396381915
1978,0.5381135830360302
1979,0.5386767464271939
1980,0.5391536959672036
1981,0.5396201242189193
1982,0.540111318482448
1983,0.5405145334033528
1984,0.5411403315629046
1985,0.5418142951987082
1986,0.5424514608761091
1987,0.5429164006593628
1988,0.543455751877483
1989,0.5439859378262761
1990,0.5445453876806008
1991,0.5451573629270552
1992,0.5456514287837626
1993,0.5460580209255398
1994,0.5465987404235415
1995,0.5468873271491852
1996,0.5471176555046019
1997,0.5473268427903426
1998,0.5480558525775017
1999,0.5488279750971423
2000,0.5492920171830138
2001,0.5498109446160222
2002,0.5504796487004281
2003,0.5517095848984681
2004,0.55272777353145
2005,0.5546460071502373
2006,0.5557214809089215
2007,0.5570835446712548
2008,0.5583081360684207
2009,0.5593704922698316
2010,0.56019895127423
2011,0.5605759768080135
2012,0.5612181504736977
2013,0.5622163764335202
2014,0.5634291278664996
2015,0.5637066439191696
2016,0.5649178885343569
2017,0.5657016870748425
2018,0.5664132177764385
2019,0.567008297606485
2020,0.5674469131748063
2021,0.5679301147741815
2022,0.569090105506131
2023,0.5699824156848581
2024,0.5705095170981441
2025,0.5709528050531877
2026,0.5712780952825451
2027,0.5715038479664244
2028,0.5719740052546234
2029,0.5725770411079604
2030,0.573090694225763
2031,0.5732610893000625
2032,0.5735360667941842
2033,0.573926918183649
2034,0.5743053490872356
2035,0.5747135995378875
2036,0.5750085167030348
2037,0.5752157801984554
2038,0.5753818771385795
2039,0.5756405830284855
2040,0.575806939406795
2041,0.5759217789169715
2042,0.5762551709294237
2043,0.5765022314922867
2044,0.5768580276685016
2045,0.5773757738927308
2046,0.5777604055038741
2047,0.5781180526368808
2048,0.5784959481194134
2049,0.5788270924891937
2050,0.5789574731307029
2051,0.5793156715790402
2052,0.5797199073150137
2053,0.5800684812084766
2054,0.58054721593398
2055,0.5810871426892059
2056,0.581597581166952
2057,0.5819577320177073
2058,0.5824132488688085
2059,0.5827949345282333
2060,0.5830680168411027
2061,0.5833807776785205
2062,0.583590653069064
2063,0.5836309838895177
2064,0.5838373660087517
2065,0.5841323398444669
2066,0.5843076546032868
2067,0.584772792792023
2068,0.5851924315256385
2069,0.5854138829517258
2070,0.5859173687983341
2071,0.5862370176050214
2072,0.5862819821226172
2073,0.5865125785433623
2074,0.5868458015297515
2075,0.5871930073127675
2076,0.5876151108934327
2077,0.5880754066837399
2078,0.5886002567085437
2079,0.5889109250881631
2080,0.5890142156225677
2081,0.5891295333863529
2082,0.5892576460727954
2083,0.5894701016475757
2084,0.5896948801638453
2085,0.5901028738241111
2086,0.5903431671180412
2087,0.5906688253837598
2088,0.5909631572042872
2089,0.5911584873641867
2090,0.5913551195580039
2091,0.5915877964837676
2092,0.5919090544415728
2093,0.5921846492241803
2094,0.5924644310835386
2095,0.5927710359545919
2096,0.5930251360242502
2097,0.5932186644055716
2098,0.5933454698889032
2099,0.5937140945169781
2100,0.5940263836182573
2101,0.5942777177534235
2102,0.5947107871180524
2103,0.594996528404846
2104,0.5951361232735053
2105,0.5953651473521822
2106,0.5956281170034731
2107,0.5958272106484996
2108,0.5959004734856808
2109,0.5961218420612734
2110,0.59657606568372
2111,0.5969087980095441
2112,0.5971305330426198
2113,0.597312768211427
2114,0.5972743470951273
2115,0.5975703304426931
2116,0.5977906594414641
2117,0.597865921374857
2118,0.5981124560578126
2119,0.5983893896023738
2120,0.5985447801566766
2121,0.598927405473521
2122,0.599308038246128
2123,0.5995563253363114
2124,0.5995991964605627
2125,0.5997120786605309
2126,0.5997655766582906
2127,0.5996836168056856
2128,0.5996460391734965
2129,0.5996858394425464
2130,0.5996208936136449
2131,0.5994838553293043
2132,0.5993393536436906
2133,0.5991963797046085
2134,0.5989750781909668
2135,0.5985397442301723
2136,0.5980745631622387
2137,0.5977323175923263
2138,0.5972127387293144
2139,0.5967636590843721
2140,0.5961618594846323
2141,0.5952451203421654
2142,0.594509714878142
2143,0.5936957725132725
2144,0.5930813059470856
2145,0.5925495042211413
2146,0.592028814112917
2147,0.5913208071867961
2148,0.5901335042693572
2149,0.5891465259542723
2150,0.5882138443808798
2151,0.5873985126183173
2152,0.586472400907869
2153,0.5856062237829299
2154,0.5850071049488927
2155,0.5841450161634024
2156,0.5833690118940484
2157,0.5825021975105231
2158,0.5815772764765704
2159,0.5808217093234953
2160,0.5801697902752618
2161,0.579386581039558
2162,0.5784464307934128
2163,0.5774746647386619
2164,0.5767948644294376
2165,0.5761758732291975
2166,0.5756132665957079
2167,0.5750185477253666
2168,0.5743383089917273
2169,0.5737208794368029
2170,0.5732202160888054
2171,0.5729410974545379
2172,0.5724202224204795
2173,0.5720068388406357
2174,0.5717377484479803
2175,0.5713211870364762
2176,0.5707915455729278
2177,0.5706973063961818
2178,0.5703647315955618
2179,0.5699544170026368
2180,0.5694703417428626
2181,0.5690349260145477
2182,0.5687125053351489
2183,0.568436905136293
2184,0.5679903395615249
2185,0.5678233084031642
2186,0.5675170054574274
2187,0.5670060710710821
2188,0.5666700083738645
2189,0.5661645490321761
2190,0.5657857379086355
2191,0.5651944042975571
2192,0.5645101221943337
2193,0.5638562055739227
2194,0.5629249498495679
2195,0.5621656086842817
2196,0.561560000454137
2197,0.560629082303572
2198,0.5598190062177197
2199,0.5585437242319172
2200,0.5574627817244415
2201,0.5561085160773622
2202,0.5550625211323226
2203,0.5540961409920933
2204,0.5528399133334437
2205,0.5521524037393446
2206,0.5516702363745865
2207,0.5516216400560541
2208,0.5521356050724577
2209,0.5529459812300288
2210,0.5538543917380948
2211,0.5553251633171181
2212,0.5571316668108608
2213,0.55897037067199
2214,0.5607229026745886
2215,0.5631333353073025
2216,0.565201819117749
2217,0.5677144795498565
2218,0.569621216390588
2219,0.571568622052529
2220,0.5732724009906509
2221,0.5745939750378874
2222,0.5755905685360877
2223,0.576281616432742
2224,0.576711244030693
2225,0.5770441522641305
2226,0.5772585531301733
2227,0.5774192360238497
2228,0.577358441874622
2229,0.5772818386164842
2230,0.5770198848123584
2231,0.5769767151212442
2232,0.5768696523321166
2233,0.5764780732738448
2234,0.5761779377079325
2235,0.5757534859661714
2236,0.5754637905284377
2237,0.5751964033365826
2238,0.5747795002437077
2239,0.5742598265170296
2240,0.573987627001553
2241,0.5735136847051792
2242,0.5731858193289889
2243,0.572874877232568
2244,0.5722949966353272
2245,0.5720091591219327
2246,0.5719077347529102
2247,0.5716727542944255
2248,0.57108786563616
2249,0.5702197181213533
2250,0.5691378250983914
2251,0.5685149453815298
2252,0.5679631960800908
2253,0.5670361019271393
2254,0.5661615704949143
2255,0.5652647349841733
2256,0.564692088900218
2257,0.5642181591123641
2258,0.5636609261458075
2259,0.5629446717133393
2260,0.5623245789416438
2261,0.5614258248612234
2262,0.5601971314037018
2263,0.5592471463311234
2264,0.5584100700921661
2265,0.5573407786773956
2266,0.5564714768632071
2267,0.5554107615513997
2268,0.5543225178419632
2269,0.5532749263937428
2270,0.5524735094768365
2271,0.5514686716240849
2272,0.5505158513392887
2273,0.549493753327621
2274,0.5485417660287588
2275,0.5474457299999361
2276,0.546462984402885
2277,0.5452191886921436
2278,0.5441156425520272
2279,0.5429965319220449
2280,0.5419390607245617
2281,0.5406405864469102
2282,0.5396277942873537
2283,0.5388020052446691
2284,0.5378398847711257
2285,0.5365075766390878
2286,0.5352753155839417
2287,0.5344377642767084
2288,0.5335575726829347
2289,0.5323093236764318
2290,0.5316076085940583
2291,0.5308456448181522
2292,0.5300155534574298
2293,0.5292494252002042
2294,0.5284915236659538
2295,0.526893109169881
2296,0.525946664482054
2297,0.5247307356560263
2298,0.5235053870963746
2299,0.522305320784281
2300,0.5214297310241867
2301,0.5206971561034347
2302,0.5194943675822955
2303,0.518275471201662
2304,0.5175950872817721
2305,0.516405046800239
2306,0.5153461929965164
2307,0.5143318106629705
2308,0.5141773497618027
2309,0.5133755489012969
2310,0.5128523950711601
2311,0.5119411420972875
2312,0.5107749777881406
2313,0.5100768074328261
2314,0.5089097691197957
2315,0.5077915088978433
2316,0.5073071172961339
2317,0.5061947774498415
2318,0.5052831759630927
2319,0.5047344993110827
2320,0.5035926178489607
2321,0.503103223192105
2322,0.5021646853814272
2323,0.5011304730778641
2324,0.5004111511738143
2325,0.4998573567162867
2326,0.4990855676035469
2327,0.4985415098983698
2328,0.49810046383151096
2329,0.49726493999011545
2330,0.49698480204645845
2331,0.49630377979500684
2332,0.49553321289421987
2333,0.495204826388321
2334,0.4951013676547397
2335,0.49452864973224364
2336,0.49415552132476953
2337,0.49383546842335546
2338,0.49401716959839315
2339,0.49424449479641563
2340,0.493956070450709
2341,0.49378648058572755
2342,0.49332188542601557
2343,0.4933093919950171
2344,0.4937048839130519
2345,0.4939613614993221
2346,0.4937728347905864
2347,0.49419498415739294
2348,0.49516225978958345
2349,0.4954998694833438
2350,0.4958838835049395
2351,0.49638247659460677
2352,0.4965976270213453
2353,0.4977538220319395
2354,0.49888185699499343
2355,0.4992058019597435
2356,0.5001087426386084
2357,0.5010294037691865
2358,0.5014547686811499
2359,0.501663278139535
2360,0.5022314990612048
2361,0.5031989582668922
2362,0.5033213337745093
2363,0.5040127372910937
2364,0.504686974674416
2365,0.505363822106891
2366,0.5058505237557673
2367,0.5064248322774436
2368,0.506769643766618
2369,0.5070761748313406
2370,0.5075326244426828
2371,0.5076890128382793
2372,0.5082740769142488
2373,0.5074937196214929
2374,0.5069456956723012
2375,0.5080489468543885
2376,0.5076721880904734
2377,0.5068959459894237
2378,0.5070205613955578
2379,0.5064087276372529
2380,0.5053194305410708
2381,0.5053815248364337
2382,0.505291982737687
2383,0.5040451794413212
2384,0.5037212582893352
2385,0.5037235224378158
2386,0.5022050097161517
2387,0.5022417986889108
2388,0.5024670954719828
2389,0.5025760135700532
2390,0.5029837546308391
2391,0.5041338388545247
2392,0.5034300327834764
2393,0.5025602848781845
2394,0.5024145500785231
2395,0.5010542515606353
2396,0.4999346294136076
2397,0.5002268328528843
2398,0.5002214238437672
2399,0.5005966980064485
2400,0.5007257635605995
2401,0.49904629172778414
2402,0.4981867861952512
2403,0.49783441132411554
2404,0.4984835517955968
2405,0.49742917392222497
2406,0.49782064328600417
2407,0.4969850799314204
2408,0.4952806793868103
2409,0.494370659337785
2410,0.4934302757618292
2411,0.4928238316926311
2412,0.49204175685670837
2413,0.4906208495579666
2414,0.4903493086531577
2415,0.48986890766599
2416,0.4883533817992658
2417,0.48765314355427414
2418,0.48530038795572
2419,0.4842356158296892
2420,0.48341006407920417
2421,0.48267679700429256
2422,0.48156671099973014
2423,0.479758944968136
2424,0.47855246718606376
2425,0.4773285282813804
2426,0.4765804875542559
2427,0.4758422549395244
2428,0.4754381036093164
2429,0.47468207462263834
2430,0.4732125495488293
2431,0.47193195476628325
2432,0.47133956436269564
2433,0.468228375535904
2434,0.465888873587437
2435,0.4665190252412106
2436,0.4664865766524404
2437,0.4651263431629006
2438,0.46463549554181555
2439,0.46293541207711614
2440,0.46155463130165914
2441,0.46051267488891795
2442,0.46025204409741305
2443,0.4601586199581198
2444,0.45866641393098206
2445,0.4570414739277071
2446,0.45598056024054606
2447,0.45431241270361855
2448,0.45406264020973797
2449,0.4535954069974981
2450,0.45164384735742114
2451,0.4503906792483733
2452,0.4487465957020547
2453,0.44740311732358906
2454,0.44561694090397824
2455,0.44407840193459486
2456,0.44308363552688407
2457,0.44077188912081167
2458,0.4407282568793506
2459,0.44061612262720773
2460,0.4404082628471686
2461,0.4379025128296194
2462,0.4372721900668811
2463,0.43653131003266
2464,0.4356311533150791
2465,0.43533392162142104
2466,0.43392460998313953
2467,0.4311682232438302
2468,0.4303211451793923
2469,0.4315383496068432
2470,0.43058383276054946
2471,0.4290856071778316
2472,0.4287510414477818
2473,0.4259825387631065
2474,0.4251884108138886
2475,0.42564469933449445
2476,0.4264348241778392
2477,0.4251445661604831
2478,0.4251205850768227
2479,0.4249550521097788
2480,0.426464336091557
2481,0.4265595018445919
2482,0.43010762681703313
2483,0.4320817253373266
2484,0.43474163978456826
2485,0.43506169223317215
2486,0.4359354905542543
2487,0.4357510137167433
2488,0.4392599715118496
2489,0.43372660891400516
2490,0.4406766006067611
2491,0.4465000905141702
2492,0.4379692290337518
2493,0.4359388270127409
2494,0.4349104104113525
2495,0.43652904987454444
2496,0.4310631283120203
2497,0.42556024746651816
2498,0.4249800442340559
2499,0.4232661295579091
2500,0.4230326687925834
