Wavelength,28NOV18
350,0.06696377279968722
351,0.0673061794111954
352,0.06786729640525348
353,0.06832368761067052
354,0.06879660967200514
355,0.06927130313194516
356,0.06973965708837929
357,0.0702367808581896
358,0.07082022519470446
359,0.07133422292480295
360,0.07193887774566105
361,0.07264111758771505
362,0.07329268734199218
363,0.07401891587711022
364,0.07472750153281016
365,0.07539288425052201
366,0.07617158906923766
367,0.07695727652842417
368,0.07779681454058368
369,0.0787234330667316
370,0.07965999114510824
371,0.08072566425007217
372,0.08176449669614946
373,0.08286308587567916
374,0.08403305353772846
375,0.08525294511258799
376,0.08641072662079184
377,0.08775903650023069
378,0.08911131800254526
379,0.09046120493357865
380,0.09185106312009392
381,0.09336134183434627
382,0.09485597704981814
383,0.0964058864928744
384,0.09813919641858977
385,0.09981013212557985
386,0.10147025357227887
387,0.10316720789235029
388,0.10474987194543063
389,0.10642734824631285
390,0.10803510509010268
391,0.10962306776497863
392,0.11131543567442674
393,0.11301854213062451
394,0.1146938337574356
395,0.11632473947997778
396,0.11791176319639685
397,0.11939905960459218
398,0.12077811734750682
399,0.12209318185513485
400,0.12335778542206696
401,0.12455081779473053
402,0.12569369157260635
403,0.12691323061260246
404,0.12813636073718215
405,0.12940447776073685
406,0.1307767270806223
407,0.13216387728618442
408,0.13361909310949047
409,0.1351067263501497
410,0.13650408077379741
411,0.13796003421191783
412,0.13946007170781163
413,0.14097029054738996
414,0.14248850642052094
415,0.14403872899649092
416,0.14562113628369125
417,0.14723668363347994
418,0.1489536190218554
419,0.15061584402974548
420,0.1523330506339134
421,0.1541018464077063
422,0.1558806130848877
423,0.1576664477463931
424,0.15950495135002785
425,0.16155149901528879
426,0.16360801256920524
427,0.16575345832761332
428,0.1680453941198465
429,0.1704561160454526
430,0.17290570579083792
431,0.1753401717269208
432,0.17774753708475483
433,0.18011522467837626
434,0.1824233655754168
435,0.1845643688568902
436,0.1866631210094315
437,0.1887405585890949
438,0.19079518481369814
439,0.19285486055676945
440,0.1948319517929411
441,0.19674529795027593
442,0.19849384159838784
443,0.20001630540577237
444,0.20157288522190578
445,0.2030411176669499
446,0.20437505300776804
447,0.2056132276800571
448,0.20673917805330183
449,0.207758696569721
450,0.20869463297704638
451,0.20953324901310147
452,0.21029211427939423
453,0.2109828759733627
454,0.21159334326964954
455,0.2121529850726044
456,0.21271246112915254
457,0.21320766539313565
458,0.21366930226374603
459,0.21408428551495443
460,0.21448024425329085
461,0.21492212094052854
462,0.2153226186489598
463,0.21570734609059647
464,0.21613268375775846
465,0.21657524003948334
466,0.21705978470360657
467,0.21758479210770987
468,0.21813798920889688
469,0.2187595789958662
470,0.2194800840455225
471,0.22026614568645614
472,0.22106965735669762
473,0.2219503631475136
474,0.22289645027195018
475,0.22389227328658162
476,0.22498477520166285
477,0.22615855467483867
478,0.2273990320239575
479,0.2286933386002419
480,0.23000881555701425
481,0.23138438291652025
482,0.23284808029923082
483,0.23437060384733566
484,0.23601459515371548
485,0.23778791431210144
486,0.23967163237280142
487,0.2416529954248658
488,0.24366721959467835
489,0.24567513979698274
490,0.24768567050340035
491,0.24986673672788107
492,0.25211921179787217
493,0.254354741166856
494,0.256482414722676
495,0.2586225621231306
496,0.26078307056960254
497,0.2630850947195557
498,0.26561515344804804
499,0.26818399883381183
500,0.27079376093550583
501,0.27329036715398236
502,0.27557091941014644
503,0.27800579455894503
504,0.28056557953114547
505,0.2830971975396295
506,0.2856224536411205
507,0.28809728596463685
508,0.29043353525384613
509,0.29274563684356797
510,0.2950523366013523
511,0.2973266685213582
512,0.29965170697122234
513,0.30210384278987096
514,0.30458501927857373
515,0.307010123802709
516,0.30952555768431583
517,0.3120250174393038
518,0.3145867350154858
519,0.3170348942909907
520,0.31943273914624687
521,0.3217896283357132
522,0.32418232090167887
523,0.3266778691122981
524,0.3291443979201912
525,0.331500364558936
526,0.33397452652916537
527,0.3365895478573262
528,0.33953500503470396
529,0.3422582610741929
530,0.34475227466590475
531,0.3472627571718283
532,0.34983185414728235
533,0.3524687298240329
534,0.35512100421396403
535,0.3578277991489452
536,0.36042307848240235
537,0.3632410587514833
538,0.3661372185736507
539,0.3689204177476988
540,0.37198003174690425
541,0.3747600792183709
542,0.377550611770504
543,0.3802753130742829
544,0.3829947063932263
545,0.3856476796232033
546,0.3883109741611192
547,0.39117952511503296
548,0.3942266468187111
549,0.3972566921368127
550,0.40011424563812376
551,0.4026941761500756
552,0.4052489569332015
553,0.4078982528032401
554,0.4108290388724841
555,0.41372655723961477
556,0.41653306569249243
557,0.4193117942022493
558,0.42208426118853304
559,0.4244062639157587
560,0.4268766453328098
561,0.4292440028187616
562,0.43176864712524887
563,0.4340765726788615
564,0.4363114859654039
565,0.4385282490782675
566,0.44080105160360394
567,0.4430558113435648
568,0.4452654947073407
569,0.44745895181556417
570,0.44950821552629283
571,0.45164678861983854
572,0.4535964200037921
573,0.4554072389488507
574,0.4572320480780647
575,0.4589901095950113
576,0.46071505211676267
577,0.4624771463568
578,0.46433168270315944
579,0.46597344807925545
580,0.46750142104352893
581,0.4689577420514381
582,0.4703542826763361
583,0.4716581601411271
584,0.4731081758538316
585,0.47452747822676067
586,0.4757691434426019
587,0.47732011620004644
588,0.4786596943456299
589,0.4801286006913224
590,0.48122898146813164
591,0.4824930697441179
592,0.4836116038340527
593,0.4848330736066427
594,0.48604440539406163
595,0.4871714939597561
596,0.48818544868056013
597,0.48924977457576047
598,0.4903289514199822
599,0.4914150938301647
600,0.49242767211028193
601,0.4934089290157544
602,0.49435133816482635
603,0.4952949368013655
604,0.4961423437034138
605,0.49701597574497425
606,0.4978640396751461
607,0.49873271268098207
608,0.4996007411590778
609,0.5003368622658579
610,0.5010564430647637
611,0.5018128135613936
612,0.5025394856258866
613,0.5032512317987456
614,0.5039426081795709
615,0.5046428252650925
616,0.5053582416148217
617,0.5061004514760817
618,0.5068047996116675
619,0.5074847842195376
620,0.5081818917815012
621,0.5089028364462198
622,0.5096000112048454
623,0.5102187431235976
624,0.5108656651474394
625,0.5115681451833118
626,0.5122484138847493
627,0.5128954102326596
628,0.5134689128986196
629,0.5140636060827588
630,0.5146766452223532
631,0.5153637360856388
632,0.5160505823939647
633,0.5167263406065945
634,0.5174131537866344
635,0.5180438193417766
636,0.5187080492314563
637,0.5193667370237737
638,0.5200304469860788
639,0.5207025399830552
640,0.5213872448595486
641,0.5220792068798481
642,0.5227682069993462
643,0.5234095294169328
644,0.5240513321659663
645,0.5246461325876147
646,0.5252248904419514
647,0.5258029741253042
648,0.5264291159664504
649,0.5270443542360266
650,0.5277513312841682
651,0.5284113834221381
652,0.5289946422071452
653,0.5295913077447381
654,0.5302397060048578
655,0.5309779437333005
656,0.5317911317301054
657,0.5324749793793445
658,0.5330916036982652
659,0.5336948300649923
660,0.5343253464470095
661,0.5349846127928185
662,0.5356147961127975
663,0.5362230097565458
664,0.5369075707361243
665,0.5375769443491362
666,0.5382559179971749
667,0.53888822737541
668,0.5395972301182543
669,0.5402848121027525
670,0.5409328588507576
671,0.5416099883620333
672,0.5423012627561573
673,0.5430042744032685
674,0.5436861237450793
675,0.5443804312745458
676,0.545101441062962
677,0.5458243806460961
678,0.5464969416540104
679,0.5471879406657904
680,0.5478867187765362
681,0.5486016717208475
682,0.5493306821799256
683,0.5500404911424462
684,0.5507405091981856
685,0.5514528434453907
686,0.5521182183375266
687,0.5528897380786414
688,0.5536595387757112
689,0.5544080290898102
690,0.5551120915338621
691,0.555780465893592
692,0.556526784886291
693,0.5571172616563975
694,0.557773250844659
695,0.5585613128265879
696,0.5594249710173603
697,0.5601816905489637
698,0.560893766696745
699,0.5616438565196127
700,0.5623915942805182
701,0.5631634095621663
702,0.5639471671804462
703,0.5647197794059139
704,0.5654929964924211
705,0.5662196752911454
706,0.5669885816879879
707,0.5677843598588203
708,0.5685931967961099
709,0.5693850074523619
710,0.5701330149147241
711,0.570923266479336
712,0.5717059598611656
713,0.5724833444171198
714,0.573265753076457
715,0.5740369562147161
716,0.5746207383568487
717,0.5750722036484182
718,0.5756205065543982
719,0.5763534816029416
720,0.5773521580145936
721,0.5784108915943611
722,0.5792391928875752
723,0.5798761975050165
724,0.5804873777108046
725,0.5812142028246561
726,0.5819760033445881
727,0.5828115341927926
728,0.5836255820837947
729,0.5844886973138544
730,0.5853296604904891
731,0.586247589230133
732,0.5870656978384711
733,0.5877794982008289
734,0.5884956850962356
735,0.5892679122375475
736,0.5899607198158365
737,0.5907608481641473
738,0.5914932964611574
739,0.5921696030132557
740,0.5928731809901358
741,0.5935714038947905
742,0.5942309687845683
743,0.5948452260189929
744,0.5955010498740332
745,0.5961443024207638
746,0.5967861658739534
747,0.5974299353125131
748,0.5980953529947692
749,0.5987019760230629
750,0.5992648964507123
751,0.5999137217494972
752,0.6005221321639546
753,0.6010926984984021
754,0.6016525228522454
755,0.6022063442275555
756,0.6028004325099421
757,0.6034564661835284
758,0.6041624805683324
759,0.6047021043763018
760,0.6051913345062969
761,0.6056528131402037
762,0.6062207831695927
763,0.6066406744027225
764,0.6070849365945234
765,0.6074660484378982
766,0.6079348205485594
767,0.6083577871073859
768,0.6088057489399815
769,0.6092738136874862
770,0.6096914817905826
771,0.6100771571920005
772,0.6104591948788314
773,0.6108727948525199
774,0.6112839419410419
775,0.6116706694969289
776,0.6120272856810568
777,0.6123859046023878
778,0.6127083728793525
779,0.6130342184880565
780,0.613407008368818
781,0.6137944697011786
782,0.6141716601811817
783,0.6145243711331085
784,0.614836517413425
785,0.6151266773558153
786,0.6154087333808511
787,0.6157175652072093
788,0.6158940947098811
789,0.6161123824983548
790,0.616400739282554
791,0.6167266304383993
792,0.6170016543568225
793,0.6172466509703292
794,0.6175488710667009
795,0.6177684072365416
796,0.6179229548785664
797,0.6181279732580416
798,0.6183633474432358
799,0.6185815643522387
800,0.618768462684474
801,0.6189915634779811
802,0.6191805711862985
803,0.6193823423668391
804,0.6196691867278397
805,0.6199571609362123
806,0.6200418320193091
807,0.6201662211906397
808,0.6203235392951376
809,0.6204817845881561
810,0.6206248124456667
811,0.6206710835320124
812,0.6208388992127791
813,0.6210086930439426
814,0.6210789629264568
815,0.6210451574851051
816,0.6212544358653836
817,0.6214085771764085
818,0.6214063637838707
819,0.6214503069194555
820,0.6216545833357133
821,0.6217730400926431
822,0.6218134914196449
823,0.6219305670791495
824,0.6220543469988392
825,0.6222276930817653
826,0.622417582614261
827,0.6224432176891421
828,0.6225363158741735
829,0.6225810463716074
830,0.6226612094359176
831,0.6228025271841607
832,0.6229897861881767
833,0.6230991957508497
834,0.6231800690320597
835,0.6233218791839573
836,0.6235605681551438
837,0.6236522838238856
838,0.6237683443194676
839,0.6239220280900369
840,0.6240082958725162
841,0.6240404673085068
842,0.6240650773104962
843,0.6240987462139939
844,0.624186190067467
845,0.624251614625466
846,0.6243191087771095
847,0.6244735914609129
848,0.6246161110443205
849,0.6247192036487773
850,0.6247837976377089
851,0.6248403987568548
852,0.6249320403896138
853,0.6250894313418113
854,0.6251694492499446
855,0.6252017629346981
856,0.625195280642637
857,0.6252389805550643
858,0.6252737171977863
859,0.625245722622592
860,0.6252782904126429
861,0.6253013930759489
862,0.6253604050996671
863,0.6254751824339821
864,0.6256419669943091
865,0.6256375376997567
866,0.6256228691617394
867,0.6256380657685068
868,0.6257013989611472
869,0.6257729102712202
870,0.6258111220598821
871,0.6258768910026477
872,0.6259066826198137
873,0.6259681940158928
874,0.625977735747212
875,0.6260269929396947
876,0.6261255858150032
877,0.6261576553524365
878,0.6262420155279357
879,0.6263040555529773
880,0.6263849545832371
881,0.6264924521559916
882,0.6266312686904217
883,0.6266771394939525
884,0.6267092651921256
885,0.6267702407885098
886,0.6269327506719163
887,0.6270753746495074
888,0.6271518707235668
889,0.6272453033719207
890,0.627345552711091
891,0.6274080211035458
892,0.627433285683108
893,0.6274724803215408
894,0.6274935317033062
895,0.6273697105365886
896,0.6273487578160458
897,0.627249266749786
898,0.6271930453504133
899,0.627244839110919
900,0.6273688487781156
901,0.6275667676285531
902,0.6277485489474702
903,0.627901297305836
904,0.6281128845775378
905,0.6282154848422016
906,0.628312277495688
907,0.628402943017973
908,0.6283918025499806
909,0.6283738336963206
910,0.6283360415151612
911,0.6283168559815523
912,0.6284146282150377
913,0.6285492072605717
914,0.6287007377013593
915,0.6288669032030048
916,0.6290511158089462
917,0.629408521627614
918,0.6297784137949377
919,0.6300638956498661
920,0.6302783679215571
921,0.6305494610517206
922,0.6306931196767128
923,0.6308031288115212
924,0.6309016540186135
925,0.6309160516856515
926,0.6306882995288308
927,0.6304194929890097
928,0.6298668801649008
929,0.62961866985053
930,0.6296104222286288
931,0.6292606151241135
932,0.6285923768588678
933,0.6279021373997677
934,0.6274151525522857
935,0.6272237343120542
936,0.6274413068541875
937,0.6276902870319351
938,0.6280882192816288
939,0.6285160096697555
940,0.6288741275289172
941,0.6288914378947987
942,0.6290429354659912
943,0.6291050401883701
944,0.6293327406232835
945,0.6296092268925034
946,0.6297429386367487
947,0.6301869497988064
948,0.63038113354945
949,0.6305432120141989
950,0.6307695018743997
951,0.6311005104188288
952,0.6314203665437507
953,0.6317342567459465
954,0.632119955579503
955,0.6321373471737212
956,0.6323394278791801
957,0.6328627005031789
958,0.6334126210341748
959,0.6337502025135899
960,0.6341011843316257
961,0.634402439711818
962,0.6345170657492292
963,0.6348377619165313
964,0.6353908100573739
965,0.6358283223844848
966,0.6364398854818971
967,0.6369027099625784
968,0.6373235085148214
969,0.637702131491395
970,0.6381910954077062
971,0.6384119760422277
972,0.6386370579800524
973,0.6389239114606192
974,0.6394338828695288
975,0.6397827838987659
976,0.6399889300515866
977,0.6402592706915788
978,0.6405001608733673
979,0.6408051267451849
980,0.6410469801786165
981,0.6412157873780275
982,0.6416305767430038
983,0.6419982216756429
984,0.6424026757097637
985,0.6427507878854307
986,0.6429731658195068
987,0.643440420812605
988,0.6441052137900433
989,0.6445053185336712
990,0.6448084484240761
991,0.6448820280300118
992,0.6451447590748486
993,0.6453414165604051
994,0.6454302955782651
995,0.6455422344796318
996,0.64587929930908
997,0.6462659151263203
998,0.6464991691712983
999,0.6464842032343021
1000,0.646790084645893
1001,0.6522711979878777
1002,0.6526099968432751
1003,0.6530392226090582
1004,0.6533818527500834
1005,0.6536927277442993
1006,0.6540174562903293
1007,0.654281336818586
1008,0.654640767844572
1009,0.6550024290659586
1010,0.6553022615535139
1011,0.6554739420386103
1012,0.6557039498009399
1013,0.6558770591564415
1014,0.6561315975536809
1015,0.6565769872964106
1016,0.6569283699835378
1017,0.6572214744394937
1018,0.6575487431138426
1019,0.6579331211382267
1020,0.6582921805651512
1021,0.6586676060191924
1022,0.6590022595125109
1023,0.65926024670402
1024,0.659500478845294
1025,0.6598774683414752
1026,0.6603006069491938
1027,0.6606022540322234
1028,0.6608872826714204
1029,0.6611769412280661
1030,0.6614014435034156
1031,0.6617856793930431
1032,0.6622017519088359
1033,0.6626396804797499
1034,0.663031521770847
1035,0.6634347136643198
1036,0.6637034180112942
1037,0.6641320725663412
1038,0.66439741903281
1039,0.6646423267973371
1040,0.6649842088410073
1041,0.6653256588844385
1042,0.66568764534176
1043,0.6660413895825007
1044,0.6663536848351232
1045,0.6667910114840744
1046,0.6671533861775737
1047,0.6675080702005497
1048,0.6678298596557041
1049,0.6681323159024674
1050,0.6684267982327734
1051,0.6687391973108304
1052,0.6690894042337266
1053,0.669589974851749
1054,0.669977778835911
1055,0.6703750914070683
1056,0.6707321357448351
1057,0.6710516703030005
1058,0.6714111080421459
1059,0.6717451968995177
1060,0.6721208460673825
1061,0.6724779937080188
1062,0.6728984832672924
1063,0.6732363002019368
1064,0.6736102401318187
1065,0.6739944999972551
1066,0.674427808189717
1067,0.6748084576173545
1068,0.6751098744360591
1069,0.6755519463469262
1070,0.6759611720727857
1071,0.676270947813242
1072,0.6766454365639766
1073,0.6770316962852302
1074,0.6773402465053054
1075,0.6778029864553525
1076,0.6782162582136828
1077,0.6785789669282124
1078,0.6789465609670929
1079,0.6793727191139094
1080,0.6798009640476669
1081,0.6801494267140662
1082,0.6805225523583355
1083,0.6808853380016584
1084,0.6812078934793527
1085,0.6815055793815887
1086,0.6818274330288169
1087,0.682201315384978
1088,0.6825761212640739
1089,0.6828318342072572
1090,0.6832738986679148
1091,0.6836242263112609
1092,0.6839716745930701
1093,0.6842750447189292
1094,0.6846134517222163
1095,0.6849850980060215
1096,0.6853237389660647
1097,0.6856661305098073
1098,0.6859380830391012
1099,0.6863084065391454
1100,0.6867553801838426
1101,0.6870321817183102
1102,0.6873663921939214
1103,0.6876067403447691
1104,0.6878862075389515
1105,0.6882147941235349
1106,0.6885334880957057
1107,0.6889037068495818
1108,0.6892615406104307
1109,0.6896289759857308
1110,0.6897862683681543
1111,0.6897907163170762
1112,0.6898786737181949
1113,0.6897850709592954
1114,0.6902090681895992
1115,0.6901712190151107
1116,0.6903320240808755
1117,0.689948557414899
1118,0.6899593952862684
1119,0.6900453990455103
1120,0.6900871453573937
1121,0.6899843935402515
1122,0.6900855342382348
1123,0.6901797129550628
1124,0.6905703322926017
1125,0.6908484396919617
1126,0.6912650496235546
1127,0.691643239875093
1128,0.692295837539787
1129,0.693321630397149
1130,0.6940418688695448
1131,0.6944458722752194
1132,0.6947874970187896
1133,0.6953222832027629
1134,0.6958344648295206
1135,0.6963411221198655
1136,0.696799531748998
1137,0.6969858799446772
1138,0.6974670633937375
1139,0.6977660759124434
1140,0.6978797630634125
1141,0.6981379111961443
1142,0.6983640582803045
1143,0.6985485498413162
1144,0.6989286137247549
1145,0.6992294375277152
1146,0.6995569042975056
1147,0.699862404914568
1148,0.7001519500861428
1149,0.7006471547458637
1150,0.7010502094032226
1151,0.7016903158188945
1152,0.7023509112127043
1153,0.7026815125023684
1154,0.7034450316629663
1155,0.7039126640606458
1156,0.7041087448589002
1157,0.7047696925365892
1158,0.7053048103175068
1159,0.7061231232031899
1160,0.706445455010242
1161,0.7068050108161146
1162,0.7072683489048461
1163,0.7076850195218168
1164,0.7080249297946805
1165,0.7084099889070806
1166,0.708727597875221
1167,0.708999473355712
1168,0.7092754507783192
1169,0.7096174499516027
1170,0.7099988525775414
1171,0.7103002201042594
1172,0.710579424129702
1173,0.7108977361343164
1174,0.7111699653452671
1175,0.7114304968748417
1176,0.7117967167596922
1177,0.7120603876984172
1178,0.7123457383835634
1179,0.7126200388867866
1180,0.7129364999755077
1181,0.7132007908802273
1182,0.7134038222810756
1183,0.7137321613140871
1184,0.7141534849891747
1185,0.7143718784772877
1186,0.7146119141345152
1187,0.7148205546329234
1188,0.715080323765933
1189,0.7154678838099285
1190,0.7157504160185408
1191,0.7159292836033465
1192,0.7162489165984649
1193,0.7165602040950697
1194,0.716786993554526
1195,0.7170214094627535
1196,0.7173063267603915
1197,0.717584407378551
1198,0.7178478302263713
1199,0.7180656808733022
1200,0.7183411924956524
1201,0.7186340110241688
1202,0.7189196503483277
1203,0.7192377797855395
1204,0.7195449306938795
1205,0.7197833608113631
1206,0.7199927237728555
1207,0.7202518214733371
1208,0.7204878157604786
1209,0.720731205343491
1210,0.7210525843299348
1211,0.7213105261981215
1212,0.7215593821465316
1213,0.7218278217067153
1214,0.7221270550093335
1215,0.7225062232567091
1216,0.7229134426203716
1217,0.723092604680954
1218,0.7233433642010667
1219,0.7234702774117617
1220,0.7235630244624958
1221,0.7238193696446051
1222,0.7240455343620212
1223,0.7242758981851418
1224,0.7244684817950093
1225,0.7246908232009188
1226,0.7249538068320786
1227,0.7251839523269794
1228,0.7253672870367753
1229,0.7256071212709506
1230,0.7258750094017702
1231,0.7261092214783814
1232,0.7264360705501169
1233,0.7267296129441457
1234,0.7269664737611954
1235,0.7271678314496751
1236,0.7273614421420881
1237,0.7274944868532248
1238,0.7276794704517868
1239,0.7278654638186383
1240,0.7280771815763198
1241,0.72832192260143
1242,0.7285492033671094
1243,0.7288358794697222
1244,0.7290226640376406
1245,0.7291238666438641
1246,0.7292722034412296
1247,0.7295214241626996
1248,0.7296950243373235
1249,0.7299373375204391
1250,0.7300916430619052
1251,0.7302742558789406
1252,0.7304664209477937
1253,0.7305637191829777
1254,0.730679898112188
1255,0.7308157094011855
1256,0.730855353101154
1257,0.7309804236334072
1258,0.7312216430032875
1259,0.7313742648881087
1260,0.7314804256274273
1261,0.731605883679774
1262,0.7317180124605572
1263,0.7318400722252444
1264,0.7319664361146082
1265,0.7320861932792564
1266,0.7323654986758894
1267,0.732568033207165
1268,0.7327410116647919
1269,0.7329026258618949
1270,0.7330132513993787
1271,0.7331540380018914
1272,0.7333368337268956
1273,0.7335331501886998
1274,0.7336731339132831
1275,0.7337938341171614
1276,0.7339378799498887
1277,0.7340957372067268
1278,0.7342373321351208
1279,0.7343020852744995
1280,0.7343574977814206
1281,0.7344443205363457
1282,0.7344736478000032
1283,0.7344552876772306
1284,0.7345102311740364
1285,0.7346231480063727
1286,0.7346775521229066
1287,0.7346403332968294
1288,0.7346549685594582
1289,0.7346557715213309
1290,0.7347118607339768
1291,0.7348239631468321
1292,0.7348588035225231
1293,0.7347757385513316
1294,0.734722785497792
1295,0.7346948904202055
1296,0.7346264430579009
1297,0.7345557232982091
1298,0.7344912979357197
1299,0.7344140140242043
1300,0.7342788885712219
1301,0.734151932242787
1302,0.7340129651943286
1303,0.7338888233731139
1304,0.733827377707009
1305,0.7337148354792079
1306,0.7336295552437001
1307,0.7335458182039992
1308,0.733500803246092
1309,0.7334648941920237
1310,0.7333807529539579
1311,0.7333049075844368
1312,0.7331869111480256
1313,0.733054919898271
1314,0.7329799502779267
1315,0.7328733837306696
1316,0.7328276631689529
1317,0.7326972502773093
1318,0.7325614502393762
1319,0.73235623723761
1320,0.7322468642004921
1321,0.7321537379967574
1322,0.7321534083805992
1323,0.7320098783133805
1324,0.7318388616783905
1325,0.7315560372049259
1326,0.7314112349389593
1327,0.7312035663698877
1328,0.7308031407162401
1329,0.7305249977416193
1330,0.7301375791666
1331,0.7297347896511771
1332,0.7293204242770172
1333,0.7289912232537802
1334,0.7288393774579561
1335,0.7286678242493141
1336,0.7284714219830766
1337,0.7281828987457594
1338,0.7280327210449025
1339,0.7277119065896638
1340,0.7274636692772256
1341,0.7273272937816044
1342,0.7272634995262403
1343,0.7270442585559221
1344,0.7266415691629046
1345,0.7264329009000664
1346,0.7254082298985411
1347,0.7242914391400254
1348,0.7236878114933075
1349,0.7230754003749972
1350,0.7225898146975868
1351,0.7214803866925825
1352,0.7205821901269381
1353,0.719018513477024
1354,0.718498223003328
1355,0.7161868973551064
1356,0.714437665676247
1357,0.7118199694090842
1358,0.7114323554837304
1359,0.7078392284285858
1360,0.7039259001932446
1361,0.699766429987527
1362,0.6976320479168819
1363,0.6940786590488384
1364,0.6971967987629569
1365,0.6971866498591226
1366,0.6999039238290252
1367,0.6992099192883257
1368,0.6937459796463621
1369,0.6912987765478357
1370,0.6892016095352087
1371,0.6896474966089845
1372,0.6896544464542653
1373,0.6882166010970867
1374,0.6858671007595619
1375,0.6851140262126884
1376,0.6816182802192466
1377,0.6800371869931419
1378,0.6813574433690338
1379,0.6815487513035304
1380,0.6797344042636683
1381,0.6763365332249448
1382,0.6755682329354408
1383,0.6760308085567052
1384,0.6728658992299752
1385,0.6693532296809018
1386,0.6674690820117213
1387,0.6657007586215221
1388,0.6645882655448427
1389,0.6618972384065276
1390,0.6598148799231851
1391,0.6584641526275788
1392,0.6576436965905805
1393,0.65671970655425
1394,0.656306970743886
1395,0.6544560096380633
1396,0.6527002653817403
1397,0.6510880602669644
1398,0.6495632106296301
1399,0.6484894794143173
1400,0.6465678059040856
1401,0.6444504421581407
1402,0.642002957149751
1403,0.6393281844768002
1404,0.6370445195510693
1405,0.6355315277379489
1406,0.633253789342595
1407,0.6311436863922674
1408,0.6292505739875899
1409,0.6274745187288457
1410,0.626563044500667
1411,0.625911110597684
1412,0.6249070796669434
1413,0.6252157086865182
1414,0.6254915358566389
1415,0.6259240229121966
1416,0.6268578434254022
1417,0.6276067435698877
1418,0.6285736838087548
1419,0.6292369628112796
1420,0.630113319836951
1421,0.6303590026101198
1422,0.6312387647320031
1423,0.6321478059689172
1424,0.6325708926154012
1425,0.6330092162588568
1426,0.6333387926244581
1427,0.6336466217350504
1428,0.6337780769663527
1429,0.6339056522125891
1430,0.6339395648743225
1431,0.6339172535823128
1432,0.6340022914814376
1433,0.6338376283104254
1434,0.6335658473348529
1435,0.6335163081132729
1436,0.6335292207568295
1437,0.6336419243776813
1438,0.6335503972484133
1439,0.6336241246019492
1440,0.6335306803474143
1441,0.6336878614342131
1442,0.6340609356656072
1443,0.6340413085069507
1444,0.6344411230452173
1445,0.6348451183046131
1446,0.6349879730438545
1447,0.6352223419048264
1448,0.6356581466299761
1449,0.6355757938701216
1450,0.6359376268152286
1451,0.6364213058262946
1452,0.6364396773684197
1453,0.6366916684608649
1454,0.6366559008661296
1455,0.6370222575701489
1456,0.6372778098585659
1457,0.6374563716517333
1458,0.6376531080431073
1459,0.6377015239305819
1460,0.6377852702759375
1461,0.6377965046756267
1462,0.6379167115104936
1463,0.6379415135857179
1464,0.6381491170386135
1465,0.6383479481866885
1466,0.6384986946328552
1467,0.6386146920631879
1468,0.6388467884130737
1469,0.6394648149320135
1470,0.6398505637647909
1471,0.6405160654698772
1472,0.6413099751738247
1473,0.6420187404331097
1474,0.6425267841451807
1475,0.642864893055273
1476,0.6435252225823926
1477,0.6440600704182314
1478,0.6447708651127884
1479,0.6456488310333559
1480,0.6463319073769714
1481,0.6470016492752023
1482,0.6476365665252903
1483,0.6481302420601827
1484,0.6490339429087169
1485,0.6496008574600214
1486,0.6502741704055185
1487,0.651024185204206
1488,0.6516807223184676
1489,0.6523215108436883
1490,0.6531748128066545
1491,0.6540200188805658
1492,0.6547633584706064
1493,0.6554423380138509
1494,0.656353184008871
1495,0.6569183601068568
1496,0.6575643448267526
1497,0.6583248144481773
1498,0.6590872003344512
1499,0.6598509467672367
1500,0.660533643654254
1501,0.6611966649924431
1502,0.6617122607771039
1503,0.6621500883279365
1504,0.6627329852549783
1505,0.6633202685213885
1506,0.6639816422033811
1507,0.6645371498800466
1508,0.6651924453314251
1509,0.6658733217871001
1510,0.6664970897936602
1511,0.6671591315069968
1512,0.6678244181465919
1513,0.6684721728569647
1514,0.6690181078367606
1515,0.6695316935522604
1516,0.6700580408743596
1517,0.6705580115873782
1518,0.6710135335466709
1519,0.6714842669854729
1520,0.6719846237480354
1521,0.672496912654755
1522,0.6730404122495622
1523,0.6734868621978466
1524,0.6740254240354143
1525,0.6744694703450975
1526,0.6748784570434951
1527,0.6752860197041863
1528,0.675739285821837
1529,0.6762433218829549
1530,0.6766939310023459
1531,0.6771677530692423
1532,0.6776078909060507
1533,0.6780834071208839
1534,0.678610918707064
1535,0.679101449543002
1536,0.6795835988998349
1537,0.6799311462367137
1538,0.6802691462119906
1539,0.6806270145087031
1540,0.6809972594929319
1541,0.6813607917879518
1542,0.6818117964862958
1543,0.6822306555391467
1544,0.6826871213003831
1545,0.6830856812616802
1546,0.6834731684209818
1547,0.6838411469397496
1548,0.6841965928797321
1549,0.684559106002652
1550,0.6849286317706953
1551,0.6852790071270811
1552,0.6856716443180461
1553,0.6859835032784033
1554,0.686329053704291
1555,0.6867327751165831
1556,0.6870132902898405
1557,0.6872788343564868
1558,0.687558942859848
1559,0.6878992290724755
1560,0.6882155679211759
1561,0.6885132788117801
1562,0.6887966756523652
1563,0.6890433252995445
1564,0.6892918934251251
1565,0.6895111267723286
1566,0.6898229477328449
1567,0.6900664820361423
1568,0.6903812778096498
1569,0.6907019451705205
1570,0.6910253055208979
1571,0.6913020612738643
1572,0.6916155062848132
1573,0.6918434172753377
1574,0.6919666594247615
1575,0.6922746119899438
1576,0.692553127030892
1577,0.6928904568074502
1578,0.6931355763590253
1579,0.6933877461121292
1580,0.6935917363852365
1581,0.6937934069010682
1582,0.6940055278204399
1583,0.6941764662850914
1584,0.6943510487925116
1585,0.6945242292186503
1586,0.6946256002628183
1587,0.6947370792476361
1588,0.6948729531134563
1589,0.6950446858875854
1590,0.6952014911980041
1591,0.6953301759732923
1592,0.6955157064171028
1593,0.6957176270190307
1594,0.6958296938411356
1595,0.6959943237509892
1596,0.6960816801072932
1597,0.6962034514700793
1598,0.696307640326727
1599,0.6964447134586907
1600,0.6965418655866564
1601,0.6966521708702003
1602,0.6967321142822164
1603,0.6968183857660369
1604,0.6968853483144711
1605,0.6970619039334961
1606,0.6971622287647651
1607,0.6972299464305973
1608,0.6973078881833464
1609,0.6973180228941515
1610,0.6973553680219844
1611,0.6973699821674386
1612,0.6974610269268438
1613,0.6975624649889175
1614,0.6976214419475294
1615,0.6976569066423686
1616,0.6976747442528011
1617,0.6977073531412514
1618,0.6977372345810885
1619,0.6977821456714237
1620,0.6977878206762944
1621,0.6977789444775611
1622,0.6977907558853318
1623,0.6978128779515991
1624,0.6978197607867032
1625,0.6978490298984259
1626,0.6978520999744249
1627,0.697852523293402
1628,0.6977566917652954
1629,0.6976689474642032
1630,0.6976770484405486
1631,0.6976266804763365
1632,0.6976232770807282
1633,0.6976241136389899
1634,0.6975897675397895
1635,0.6975563890191466
1636,0.6975281434196968
1637,0.6974644337008488
1638,0.6974038663529776
1639,0.697374018563787
1640,0.6973086147098763
1641,0.6972062177842563
1642,0.697096659684766
1643,0.6970527498504911
1644,0.6969966145724682
1645,0.6969695289779343
1646,0.6969071560683702
1647,0.6968221892505635
1648,0.6967593485982293
1649,0.6966984577473269
1650,0.6966341350171973
1651,0.6965711049149578
1652,0.6964983332618349
1653,0.6964097144708551
1654,0.6963485474577601
1655,0.6963032073512339
1656,0.6962545772335951
1657,0.6961748286420271
1658,0.6961035025228168
1659,0.6960172249175831
1660,0.6959269023234391
1661,0.6957783688926837
1662,0.6956536860947183
1663,0.6955726869120211
1664,0.69545771228688
1665,0.6952676022807924
1666,0.6951802120284679
1667,0.6951559061948439
1668,0.695026764912758
1669,0.6949833768964888
1670,0.6948557079064182
1671,0.6947326493721787
1672,0.6946277537288313
1673,0.6944884083313649
1674,0.6943349731752636
1675,0.6941599609013703
1676,0.694020814426763
1677,0.693940030539003
1678,0.6937478158350787
1679,0.69349459924404
1680,0.6933243137231745
1681,0.6931782836659429
1682,0.692999896318586
1683,0.692892624389155
1684,0.6926892009516896
1685,0.6924199377373911
1686,0.6922290274387685
1687,0.6919848372695413
1688,0.6917678042833255
1689,0.6914861997048731
1690,0.6911938665824571
1691,0.6909630413627401
1692,0.690786216977652
1693,0.6906000140336718
1694,0.690432593786016
1695,0.6903265121246199
1696,0.6900644946448754
1697,0.6899407764185226
1698,0.6897097026695583
1699,0.6894223698072077
1700,0.6892805221536358
1701,0.6891307722761512
1702,0.6888999992092647
1703,0.6886826169226309
1704,0.6883596079107438
1705,0.6879852709513002
1706,0.6877848384889712
1707,0.6875798439386238
1708,0.6873598759352064
1709,0.6871942788536836
1710,0.6869482460047461
1711,0.6867729167180198
1712,0.6865603078614915
1713,0.686230113888005
1714,0.6858709993979202
1715,0.6855609360718963
1716,0.6852968532815634
1717,0.6851189677183452
1718,0.6848394544827513
1719,0.6845187978183782
1720,0.684234223818692
1721,0.6839742382469803
1722,0.6836491772403812
1723,0.6833333619497008
1724,0.6832303542502141
1725,0.6829987127164088
1726,0.6827812556142077
1727,0.6824378281292863
1728,0.6820610959073341
1729,0.6818064790282434
1730,0.681532114791344
1731,0.6813393903071265
1732,0.6811291713823787
1733,0.6807895053479269
1734,0.6804350832342198
1735,0.6801189031911605
1736,0.6798590816527071
1737,0.6795892685028468
1738,0.6794215103978181
1739,0.6790744295769866
1740,0.6786961760532103
1741,0.6784464738964596
1742,0.6783274970424179
1743,0.6780971463430657
1744,0.6777261076627762
1745,0.6774280813122833
1746,0.6771133908098464
1747,0.6768159824197496
1748,0.6765402979359413
1749,0.6762380817569823
1750,0.676031336180395
1751,0.6758317188266948
1752,0.6756368319241831
1753,0.6754556219009953
1754,0.6752541570073788
1755,0.6749214700616237
1756,0.674677046794817
1757,0.6743943964619971
1758,0.6740000730965485
1759,0.6737666234822808
1760,0.6735628239917363
1761,0.6733149907379992
1762,0.6730757619098937
1763,0.6727248304621716
1764,0.6724201838618613
1765,0.6722370340626816
1766,0.6722222402245548
1767,0.671836856741182
1768,0.6713868111934449
1769,0.6712453313687385
1770,0.6710804769462735
1771,0.6707956503446569
1772,0.6704327942733285
1773,0.6704393500682279
1774,0.6702342383329172
1775,0.6702635170787176
1776,0.6699118224645509
1777,0.6697552341746432
1778,0.6696761413333966
1779,0.6694478339089547
1780,0.6692623037837204
1781,0.6691037194615034
1782,0.6689492377349687
1783,0.668602537697945
1784,0.6678804799811174
1785,0.6677971448336867
1786,0.6675789349632446
1787,0.6672540312308326
1788,0.6670037575488584
1789,0.6665839928302766
1790,0.6662585217976188
1791,0.6657477600775659
1792,0.66531652719803
1793,0.6649120680668237
1794,0.6645976631902644
1795,0.66403532328774
1796,0.6633538687020567
1797,0.6630396699400588
1798,0.6627824082379759
1799,0.6620263291352457
1800,0.661369949687497
1801,0.6651951861862122
1802,0.6647548813014377
1803,0.6641837255174925
1804,0.6635298533545866
1805,0.6635026867728486
1806,0.6633660055769593
1807,0.6625140349365835
1808,0.6624612826744505
1809,0.6623255234302639
1810,0.6615629481220143
1811,0.6613317726766192
1812,0.6606306428161555
1813,0.6599301947131975
1814,0.6592490164187331
1815,0.659080060422055
1816,0.6584569171712813
1817,0.6582450595735053
1818,0.6579148682650469
1819,0.6580285719320159
1820,0.6571128148804635
1821,0.6563332238693896
1822,0.6566496133908126
1823,0.6567015918995888
1824,0.6574915161157534
1825,0.656661676773306
1826,0.6568080303457798
1827,0.6574859313038494
1828,0.6584303900052646
1829,0.6631555515014849
1830,0.6654001180826563
1831,0.6701908216107609
1832,0.6760065620597089
1833,0.6841749301927648
1834,0.694254891333978
1835,0.7108180821193901
1836,0.7326467867955407
1837,0.7565367010706987
1838,0.7462656817313986
1839,0.7584914297459494
1840,0.7689013923842692
1841,0.7696609878190191
1842,0.761029782457164
1843,0.7606883585566035
1844,0.7583841881253424
1845,0.7649116262792779
1846,0.7595134279148537
1847,0.7494766987777505
1848,0.7533501717387127
1849,0.7588462235600587
1850,0.7709431710535669
1851,0.768707027338764
1852,0.7637091768731182
1853,0.7711305788003922
1854,0.7625456974451293
1855,0.7460346422567703
1856,0.7331654801124793
1857,0.7153248029378494
1858,0.7200332543342651
1859,0.7135044164159794
1860,0.7081088806708435
1861,0.7087585304400922
1862,0.7159535866749199
1863,0.7158920399909767
1864,0.7175549514222794
1865,0.7032932838350925
1866,0.709709904254952
1867,0.7126286543968061
1868,0.7126037971931449
1869,0.7192245548580319
1870,0.7111481041085096
1871,0.7047906908223862
1872,0.6988569068841457
1873,0.6849298223074827
1874,0.667208822764087
1875,0.6644358373955468
1876,0.6464666946614416
1877,0.6365729069972121
1878,0.6222651263515052
1879,0.6117632761521842
1880,0.6052160426757183
1881,0.5973138918013541
1882,0.5860987272281368
1883,0.580786185877867
1884,0.576785331312239
1885,0.5749099244206868
1886,0.5730068030719929
1887,0.5668311974604938
1888,0.5626891165607527
1889,0.5603831071554547
1890,0.5584100067864316
1891,0.558392793690832
1892,0.5576303902531842
1893,0.5559930330341302
1894,0.5541620025231928
1895,0.5556015781092599
1896,0.5541032741801942
1897,0.5567037418951328
1898,0.5579935856616928
1899,0.5614723484061732
1900,0.5636962047719398
1901,0.5758531870080492
1902,0.5798228185453606
1903,0.5806586238912549
1904,0.5850243339268215
1905,0.5855039637704199
1906,0.5783598338819519
1907,0.5736835068672022
1908,0.5602683755664369
1909,0.5457614353220065
1910,0.5266230474584581
1911,0.5071609614992735
1912,0.4974658243504892
1913,0.4877857953893199
1914,0.4783470235088845
1915,0.47333494532026293
1916,0.46924702772116617
1917,0.4649057347050226
1918,0.46226649625570226
1919,0.45892042986711973
1920,0.4558448275943427
1921,0.45561145322577223
1922,0.45305486797509764
1923,0.45100532032171
1924,0.45082731616902233
1925,0.4499398260040384
1926,0.44959834971953766
1927,0.44689243332933215
1928,0.4456541480554427
1929,0.4442627010527909
1930,0.444106674082672
1931,0.4433897314480032
1932,0.4425705281455595
1933,0.4428773526993657
1934,0.4419138284257029
1935,0.44104960844331564
1936,0.44155761006640465
1937,0.4415951183707619
1938,0.44147048164789354
1939,0.4423504963354165
1940,0.44255422864937427
1941,0.44229932536845606
1942,0.44258165024392915
1943,0.4423933372691598
1944,0.4426925133278515
1945,0.4434102374528718
1946,0.44339893864372876
1947,0.4436521964090644
1948,0.4442933418660057
1949,0.44464346244664765
1950,0.44540350653731053
1951,0.4463165074656356
1952,0.44746711269191325
1953,0.4482505026343154
1954,0.4488541105234027
1955,0.4498468065616687
1956,0.45103516935016136
1957,0.45189368018529763
1958,0.45258917727938125
1959,0.45387123533709156
1960,0.45503317404698873
1961,0.45580766890514457
1962,0.45683727966826326
1963,0.45743628683058857
1964,0.4582119944509346
1965,0.45887741032577284
1966,0.45984888524239786
1967,0.46039346022890765
1968,0.4611779601625681
1969,0.46173047262536576
1970,0.46237848695437056
1971,0.4631898363507821
1972,0.46395606788967847
1973,0.4645280026066968
1974,0.4650836209608918
1975,0.4656777522437767
1976,0.46652291557229925
1977,0.4673620032926506
1978,0.46814138422736407
1979,0.4689956514958578
1980,0.469649207765587
1981,0.4703928252326715
1982,0.4709497316599633
1983,0.47176878730856137
1984,0.47252074200021665
1985,0.472907985711682
1986,0.4734701564176287
1987,0.47415577497328365
1988,0.47485106352063194
1989,0.4755060572384279
1990,0.4762629237382147
1991,0.4771238911521438
1992,0.47789726529428755
1993,0.47825145541457525
1994,0.4788948405185223
1995,0.47922868353029385
1996,0.4797014179104674
1997,0.48040415513136664
1998,0.4810733483490568
1999,0.4817497608335843
2000,0.4827475002802024
2001,0.48376222564296567
2002,0.4849735473845824
2003,0.48649073749056215
2004,0.48819850616319727
2005,0.489874689955298
2006,0.4913509414714562
2007,0.4924492769263557
2008,0.4934991807354701
2009,0.4942108498034904
2010,0.49505170231020473
2011,0.4961915962444517
2012,0.4977653918485117
2013,0.49898814905120276
2014,0.4998483107119535
2015,0.5006386503026379
2016,0.5017000107841905
2017,0.5026456266110882
2018,0.5035995788187841
2019,0.5045531786630667
2020,0.5051543017774714
2021,0.5059262431237986
2022,0.5065920695676291
2023,0.5072577232863442
2024,0.5078875991628026
2025,0.5086491677011392
2026,0.5094132453626308
2027,0.5101247541272228
2028,0.5107507495170847
2029,0.5111756666604643
2030,0.5117251383366287
2031,0.5123379449657057
2032,0.5128704018578616
2033,0.5134192974512668
2034,0.5140559185994732
2035,0.5147229465234895
2036,0.5152892315306927
2037,0.5159386233995003
2038,0.5165032033244337
2039,0.51708301654491
2040,0.5177816934176747
2041,0.5183873765940341
2042,0.5189975251705511
2043,0.5196229681178816
2044,0.520193341899417
2045,0.5206409222282499
2046,0.5210875620120408
2047,0.5215821398971117
2048,0.5222031016187924
2049,0.5228645927302303
2050,0.523469196152217
2051,0.5240207626893458
2052,0.5245052827296324
2053,0.5250151746719234
2054,0.5256079856018854
2055,0.5262496582694263
2056,0.5267632842462574
2057,0.5275173481058943
2058,0.5280201715380176
2059,0.5285380953266542
2060,0.5290381801569118
2061,0.5293933282634419
2062,0.5300116249273544
2063,0.5307508550987576
2064,0.531402635877519
2065,0.5318730677944408
2066,0.5326149595091861
2067,0.5330772031102713
2068,0.533594677090276
2069,0.5342950423757795
2070,0.5347641305156103
2071,0.5352498347612741
2072,0.5357022679326605
2073,0.536177803572618
2074,0.5366231115095335
2075,0.5371127990989809
2076,0.5376945913666779
2077,0.538279422995964
2078,0.5389595175416497
2079,0.539499617648529
2080,0.5399693835995985
2081,0.5404883452376739
2082,0.5410138772861507
2083,0.5413296596609328
2084,0.5415450655873232
2085,0.5419332304514591
2086,0.5422123123718776
2087,0.542601713636101
2088,0.5432634646550931
2089,0.5438228265121987
2090,0.5443250735858723
2091,0.5447045311432923
2092,0.5452308053367294
2093,0.5454924640981704
2094,0.5458674581760711
2095,0.5463377682373015
2096,0.5467599221894174
2097,0.5472180164873137
2098,0.5476087317464867
2099,0.5479513272711608
2100,0.548218043670297
2101,0.5484897840466894
2102,0.5489392716131186
2103,0.5493822966425402
2104,0.5497670347043432
2105,0.5501879132955997
2106,0.5503878820128564
2107,0.55063277721937
2108,0.5508444753399083
2109,0.5511697155543371
2110,0.5514554769446591
2111,0.5518373639628548
2112,0.5524123117126526
2113,0.5528417124773282
2114,0.5532132070580471
2115,0.5535819594643245
2116,0.5538730367273341
2117,0.5542538170191972
2118,0.5545511589496318
2119,0.5548744092446943
2120,0.5552352666559843
2121,0.5553282637010336
2122,0.5555169019958585
2123,0.5558654010595345
2124,0.5561781488538272
2125,0.5564210085644518
2126,0.5565504218755739
2127,0.5565900356528489
2128,0.5565981648562348
2129,0.5566935663775562
2130,0.5566399840078013
2131,0.55668038480624
2132,0.5566690521304662
2133,0.5566185449714095
2134,0.5566498434154441
2135,0.5566676362450036
2136,0.5564601188585167
2137,0.5562402354027316
2138,0.5559332691420535
2139,0.5555828861278707
2140,0.5551305438367389
2141,0.5546568913998627
2142,0.5541145696018996
2143,0.5534859172553709
2144,0.5530304612036662
2145,0.5525171732495741
2146,0.5518172716838418
2147,0.5513472476129717
2148,0.5508252619430037
2149,0.5503775063801012
2150,0.5498684244687013
2151,0.5492307254995404
2152,0.548825401862025
2153,0.548383296744386
2154,0.5478815208884575
2155,0.5474046416708412
2156,0.5470383822752373
2157,0.5468409757637653
2158,0.5463415397137688
2159,0.5457694229300156
2160,0.5454501128232958
2161,0.5450161496499294
2162,0.5445785284507223
2163,0.5442788604084865
2164,0.5439663984184392
2165,0.5434731822575523
2166,0.5432530070981282
2167,0.5430310056875324
2168,0.5426730565391125
2169,0.5424633400208301
2170,0.5423302888421409
2171,0.5419652615017314
2172,0.5417616824309849
2173,0.5414377733541945
2174,0.541235127130051
2175,0.5411394310581941
2176,0.5408832336214463
2177,0.5407480981262783
2178,0.5407405956455936
2179,0.5404972476942539
2180,0.5403231409551174
2181,0.5401001637204562
2182,0.5397810207062897
2183,0.5396320743412999
2184,0.539414275331956
2185,0.5391994642395812
2186,0.5389771488619489
2187,0.5386511590313995
2188,0.5384101685690968
2189,0.5382220781141712
2190,0.5380794453774459
2191,0.537786527659494
2192,0.5374282202115258
2193,0.5369905134226266
2194,0.5363307314786455
2195,0.5356265580793788
2196,0.5351039439961757
2197,0.5341868297085111
2198,0.53342578982072
2199,0.5327256162980443
2200,0.5317225970039484
2201,0.5307828473859396
2202,0.5298082984411544
2203,0.5288778391803132
2204,0.5281065124455654
2205,0.5276013669197976
2206,0.5273007038836285
2207,0.5268594617885693
2208,0.5272484527084821
2209,0.5278349753207757
2210,0.5282545988610757
2211,0.5288946981415189
2212,0.5299272529894246
2213,0.5308005382224558
2214,0.5320762333024583
2215,0.533188622569686
2216,0.5345827300227157
2217,0.5359190329872505
2218,0.5371778975731848
2219,0.5378869774953527
2220,0.5384987073085555
2221,0.5393756227000392
2222,0.5399588935530905
2223,0.5400610900849371
2224,0.5400239108938555
2225,0.5399435245447433
2226,0.5397056606216922
2227,0.5392469549826892
2228,0.539043530299868
2229,0.5385630740087268
2230,0.5379533131350729
2231,0.5374187966909433
2232,0.5367800293833819
2233,0.5363806180375231
2234,0.5356690650126548
2235,0.5347088813997433
2236,0.5335733406480816
2237,0.5325065381244377
2238,0.5317341836438135
2239,0.531048120705033
2240,0.5302661328732712
2241,0.5295425852987655
2242,0.5289294432652605
2243,0.5283580509029978
2244,0.5276464527571612
2245,0.5270395087062215
2246,0.5263217889628965
2247,0.525519833666004
2248,0.5247985149401134
2249,0.524016619367091
2250,0.5228562812753635
2251,0.5218776128590171
2252,0.5212941800940302
2253,0.5204215301351047
2254,0.5188870833835385
2255,0.5177572803080389
2256,0.5168417439624966
2257,0.5157050410848951
2258,0.514714697744502
2259,0.5132822013748629
2260,0.5120618588458282
2261,0.510494721474274
2262,0.5088849419866549
2263,0.5078297340174529
2264,0.5064273526375659
2265,0.5052266964222543
2266,0.5037824047555327
2267,0.5025822027289059
2268,0.5009093944714792
2269,0.4995219305892981
2270,0.49815397735109535
2271,0.4966769368513726
2272,0.4950721231194945
2273,0.4935617274987395
2274,0.4918709644093263
2275,0.49024355448773965
2276,0.4887370862411292
2277,0.48706381628979023
2278,0.4855898034536286
2279,0.48407679019622574
2280,0.4827461801657101
2281,0.4810139288379256
2282,0.4796622677122529
2283,0.47844024693514664
2284,0.4772546794295891
2285,0.47614092948520187
2286,0.47453285112590055
2287,0.4730970106430097
2288,0.4717802541227427
2289,0.47029808686929947
2290,0.4691838616852559
2291,0.46803930468929683
2292,0.46683480637357405
2293,0.4657357032130964
2294,0.4645033180842934
2295,0.46343350375666176
2296,0.462012759659593
2297,0.46080456551772375
2298,0.4596518607536556
2299,0.4584113194164935
2300,0.45717899103216386
2301,0.45613078382652217
2302,0.45524674297370604
2303,0.4541844610196818
2304,0.45297178568889374
2305,0.4522058138875596
2306,0.4511362445090976
2307,0.45004579014515256
2308,0.4492344876381448
2309,0.4479391520516193
2310,0.4466265025124636
2311,0.4454258310403901
2312,0.4444115739445667
2313,0.44332811798109967
2314,0.4422927623942862
2315,0.4412644622907882
2316,0.4401166170367547
2317,0.4390864075394329
2318,0.4378636723314816
2319,0.43657043284650177
2320,0.4358580395110568
2321,0.4346717693525979
2322,0.4335027294182363
2323,0.4324199963639529
2324,0.43114367643491097
2325,0.4302712798110021
2326,0.42939618845726
2327,0.42848614536157115
2328,0.42796345169145766
2329,0.4269812530100431
2330,0.4263460418376403
2331,0.4257717769705831
2332,0.4254433956232293
2333,0.4250126998973675
2334,0.42434239567650606
2335,0.42406565953012276
2336,0.4237209375855325
2337,0.4233510788014204
2338,0.4231007465687891
2339,0.4233396277006341
2340,0.4231462489602876
2341,0.4232313120812318
2342,0.42345350034634266
2343,0.4239218083245848
2344,0.4242763496110309
2345,0.4248151152174293
2346,0.42534404296690087
2347,0.42629540043984865
2348,0.4270762480951595
2349,0.42804140517221345
2350,0.42905224444881895
2351,0.4303588662407432
2352,0.4317008917909843
2353,0.4328060389007193
2354,0.43387261385630815
2355,0.4349461742556406
2356,0.4362140282051327
2357,0.43762498827074936
2358,0.4389159682695925
2359,0.44056774275537247
2360,0.4415374531995202
2361,0.4428378335580832
2362,0.44355553964714495
2363,0.44463343547101974
2364,0.44587847035900785
2365,0.4467186459410981
2366,0.4476903899702154
2367,0.44855668978578633
2368,0.4491996727996216
2369,0.4496445161183617
2370,0.45046861855765263
2371,0.4514949680122256
2372,0.45215005018131166
2373,0.45237546439264786
2374,0.45257100190970456
2375,0.45222988094145505
2376,0.4523519264813342
2377,0.4518423246860914
2378,0.45127738936490597
2379,0.4517367265550296
2380,0.4515443164558497
2381,0.451255398799981
2382,0.45126621180270865
2383,0.45090215067304334
2384,0.45054341575368656
2385,0.45025746478051715
2386,0.4501225132181403
2387,0.44966984626872897
2388,0.4495762772228646
2389,0.4491910133079585
2390,0.44847356972406355
2391,0.4475681087608856
2392,0.44728473392841245
2393,0.4469058820369947
2394,0.4468064535345003
2395,0.44675758895927203
2396,0.44657793455522854
2397,0.44566024773893026
2398,0.44479539977515714
2399,0.4437480043917097
2400,0.44361043173975734
2401,0.4432786139957286
2402,0.4416089044118532
2403,0.44076540719491986
2404,0.4402987489048644
2405,0.4394858264453096
2406,0.4391552279901406
2407,0.43772928271082145
2408,0.43685057412253187
2409,0.4359277214207041
2410,0.4345391761637502
2411,0.4338636470978996
2412,0.4321637640881263
2413,0.43096232877455626
2414,0.43048352522198374
2415,0.42867113494063924
2416,0.42748576463186416
2417,0.4263905546216324
2418,0.4241506100589531
2419,0.4219638502715654
2420,0.4204704949206473
2421,0.41850694117348886
2422,0.4174985780541803
2423,0.4167473261808274
2424,0.4152159106331235
2425,0.4142540972384609
2426,0.4133624823715116
2427,0.41257288066823017
2428,0.412254289252122
2429,0.4104067770002069
2430,0.4101878938477831
2431,0.4085945456282008
2432,0.4068301062874828
2433,0.40487760911034015
2434,0.40293796713339025
2435,0.40063613043274415
2436,0.39947721651004636
2437,0.39788038460453645
2438,0.3959792362902838
2439,0.39526564987792123
2440,0.39392270500289445
2441,0.3923189443907934
2442,0.39114486962382267
2443,0.39005267372427016
2444,0.388408587798991
2445,0.3873278627644502
2446,0.38559082134987327
2447,0.3837657136079022
2448,0.3814171747224638
2449,0.37852138954114
2450,0.3761366672774175
2451,0.373542969105052
2452,0.3713331971121812
2453,0.36915021337672244
2454,0.3677186875057071
2455,0.36668189424100583
2456,0.3658481105579747
2457,0.3645216909135247
2458,0.36319952162385316
2459,0.36224563401809684
2460,0.3601378841736767
2461,0.3587701933291795
2462,0.35743405579351756
2463,0.3551885361566064
2464,0.3537308652492877
2465,0.35158808574106276
2466,0.35091413263760435
2467,0.3501552772872709
2468,0.348787671799634
2469,0.3462941638018374
2470,0.34402148855429326
2471,0.34327526568533706
2472,0.34252091090433423
2473,0.3420770853930056
2474,0.3421550036270493
2475,0.3425721156046156
2476,0.34163885351632794
2477,0.339216026753718
2478,0.3388289159671945
2479,0.33849435836007913
2480,0.3377474957184732
2481,0.33669304791319266
2482,0.33514063201366284
2483,0.33549601574336696
2484,0.33774656445541884
2485,0.3395637606652342
2486,0.3420716912238608
2487,0.33699432524806705
2488,0.3357178601085007
2489,0.334033291541278
2490,0.338839226645924
2491,0.3402094067555557
2492,0.3378022496414774
2493,0.33915948491920644
2494,0.33606607510576236
2495,0.33504875011390467
2496,0.33112848295689845
2497,0.33194283229557875
2498,0.32995917853071055
2499,0.32817558078035547
2500,0.3256543976471825
