Wavelength,19OCT18
350,0.12472286483848527
351,0.12567513625455606
352,0.12538977626618442
353,0.12498799332270082
354,0.12631042451725508
355,0.12690877188024183
356,0.12710479917364087
357,0.12738407058218015
358,0.12681162683556296
359,0.12648703928420635
360,0.12727073305184344
361,0.12802776213089084
362,0.12881481283246285
363,0.1289896319231465
364,0.12978836088064905
365,0.13041986607725517
366,0.1303937046980711
367,0.13061910001509777
368,0.13124201652500372
369,0.13162915971522232
370,0.13195438688496164
371,0.1323135530708982
372,0.13258057184348615
373,0.1330098594988993
374,0.13393742372989106
375,0.1347529142669314
376,0.13536567411691475
377,0.13586506663167813
378,0.13623322002139032
379,0.13703775354808903
380,0.1376487236221366
381,0.13822401233685253
382,0.13927246106790575
383,0.14013053086823624
384,0.1405997455181459
385,0.14144382356737023
386,0.1423019954726017
387,0.1431038599779012
388,0.14366940465232791
389,0.14460004956044348
390,0.14536830654830307
391,0.1460034873708498
392,0.1465632680144442
393,0.14707399172029068
394,0.1478462876713194
395,0.14879292247519973
396,0.14964056859861818
397,0.1502588993008515
398,0.15089071628226552
399,0.15149143561927464
400,0.15214112355376128
401,0.1527500012714213
402,0.15329843793325246
403,0.1538465581828402
404,0.15449388438507827
405,0.15512346831152574
406,0.15580326079277457
407,0.1564564826287671
408,0.15710280266904447
409,0.15793163100390917
410,0.15871383686320728
411,0.1592641169148116
412,0.15992729474691975
413,0.16075795986050634
414,0.16167517873507772
415,0.1623254094702096
416,0.1630672674473356
417,0.16388517246663742
418,0.16462399968862376
419,0.16549551584024624
420,0.16624276220515954
421,0.16706229897605757
422,0.16801401256768428
423,0.16881055810153028
424,0.169688853381887
425,0.17059996691091572
426,0.17149037103664672
427,0.17248119245913124
428,0.17356893389965208
429,0.17462486252096188
430,0.175732576096576
431,0.17682685423162953
432,0.17792150763831793
433,0.17909206244348588
434,0.18012891635727718
435,0.181173128767686
436,0.18226728814638
437,0.18347521504523168
438,0.18454079470971424
439,0.1856207654911547
440,0.18670956249747095
441,0.1878378084995614
442,0.1889911366652816
443,0.1901434868575413
444,0.19118208215675095
445,0.19222578027551684
446,0.19319840807359973
447,0.19420431415982906
448,0.1952428497361331
449,0.19623903426045072
450,0.19723557517254758
451,0.198090373442258
452,0.1989570615877782
453,0.1998361840838442
454,0.20068000924053214
455,0.20152868419419512
456,0.20236499471139863
457,0.20313295477842777
458,0.2039149993837721
459,0.20468563962437036
460,0.20541213616036688
461,0.2060930124326204
462,0.2068160993576409
463,0.20754583160212325
464,0.20828231083930027
465,0.20909105990920515
466,0.20981872876920996
467,0.21050237540534383
468,0.21117875610062237
469,0.21185215751437853
470,0.21257407426254854
471,0.21328769666056607
472,0.21399284079246234
473,0.21468379193779166
474,0.2153371878992613
475,0.21603022413399442
476,0.21677605433138342
477,0.21743324116328966
478,0.21812054403346862
479,0.2188220879171351
480,0.21951867992592725
481,0.22022207727646842
482,0.22095864645826563
483,0.22178199144786348
484,0.2225855029433207
485,0.22340291380458327
486,0.22425857182842826
487,0.22510353292567453
488,0.22599106685407905
489,0.22688104337357312
490,0.22780420561634368
491,0.22869538910783072
492,0.22965845791311093
493,0.23057240436385273
494,0.2314618744410668
495,0.23246141854759939
496,0.23346570500864003
497,0.2344469039630357
498,0.23541241819744252
499,0.2363632381872087
500,0.23738875002860976
501,0.2384458550551155
502,0.23946814077502912
503,0.2405478989460761
504,0.24154305701977047
505,0.24254031321264552
506,0.24355074424088674
507,0.244452697841401
508,0.24546592249979027
509,0.24649042729219184
510,0.2474508659335803
511,0.24842102012908832
512,0.24948860787515448
513,0.2505719304650067
514,0.25155772250620567
515,0.25260608512296856
516,0.2537542688606097
517,0.2548744080454291
518,0.25605292852275796
519,0.25717236563091883
520,0.2582745950327008
521,0.25937320542329956
522,0.26046844073759134
523,0.2615999715765137
524,0.2627665870104374
525,0.26401014920411436
526,0.2652679790304124
527,0.2665441904769844
528,0.267844843304731
529,0.2692005733764943
530,0.27054369522350474
531,0.27192108148859495
532,0.27336473082113444
533,0.2748541445114985
534,0.2764137361567402
535,0.27795391925274315
536,0.27953968190570144
537,0.28112482491219526
538,0.28275679405273724
539,0.28447069370892664
540,0.2862896347075482
541,0.28814320474783184
542,0.28995968736216726
543,0.29182821839743117
544,0.2937713944335065
545,0.29570986062860805
546,0.297668097024309
547,0.29972817363555104
548,0.3017937187454604
549,0.3038466979556429
550,0.30601017720565205
551,0.30824665200409496
552,0.31051257251735365
553,0.31279899279769263
554,0.3151266042274361
555,0.31748570326231107
556,0.3199604540957154
557,0.3223943395060428
558,0.32489805027803437
559,0.32756191064141843
560,0.33023150764301884
561,0.3329496764639819
562,0.33566441652736845
563,0.3383410704294094
564,0.3408447602008249
565,0.34349409611305
566,0.3461988840716037
567,0.34894407783545944
568,0.3516264866026721
569,0.3543210275303659
570,0.3570275361844871
571,0.3596305722726961
572,0.3622066228598316
573,0.36469029867589225
574,0.36706583834127643
575,0.3694315348948426
576,0.3717253021866106
577,0.3739465641781538
578,0.3762508883705244
579,0.37849059083623626
580,0.38071758622406676
581,0.3829743300663935
582,0.38526803445518243
583,0.3875026747585719
584,0.38971392321471676
585,0.3919082465584719
586,0.39406718262734924
587,0.396200216163907
588,0.398424153486541
589,0.4006204382362113
590,0.402785268641935
591,0.4049300984719899
592,0.40698647238055374
593,0.40906773311043965
594,0.4111296349409064
595,0.4131300203852869
596,0.4150488352975515
597,0.4169052080404001
598,0.41872087508081207
599,0.4204910812908882
600,0.4222622102092287
601,0.42401213642904356
602,0.4257378285896228
603,0.4273964632566843
604,0.4290498178992641
605,0.43069279471352756
606,0.4323352505658319
607,0.43395876959538704
608,0.43550608652220596
609,0.437016538887052
610,0.4385833149419427
611,0.4400977583010395
612,0.44162232276101765
613,0.44308997133911987
614,0.44455797828860544
615,0.4459461374678052
616,0.44728847579701675
617,0.44854567301597864
618,0.4496955995520917
619,0.45085841119152836
620,0.45201708473334046
621,0.45310775993513563
622,0.45420964495328975
623,0.45525982308965735
624,0.4562806924324807
625,0.4572992306904789
626,0.4582615096342406
627,0.45924232239152896
628,0.4602051012175696
629,0.46113044475676973
630,0.46203517496030233
631,0.46291394240355327
632,0.4637860933397732
633,0.46469958995384486
634,0.4655804969618661
635,0.4664586477409096
636,0.46732472926418733
637,0.4681869801645252
638,0.46903757481618824
639,0.4698805928810257
640,0.4707071737557249
641,0.4715391813001519
642,0.4723348698109714
643,0.47310532978231823
644,0.4738263890037057
645,0.47457520628933525
646,0.4753137151793034
647,0.4760246352532586
648,0.47674963635899326
649,0.4775066795159776
650,0.4783235271449633
651,0.4789940739921187
652,0.47971832988851704
653,0.48048090026466994
654,0.4812616986787643
655,0.4820009087718663
656,0.4826888725117632
657,0.48329762348834315
658,0.4838418682142485
659,0.48438394106863547
660,0.48492638224011386
661,0.4854960874290345
662,0.4860658359989549
663,0.4866255435555446
664,0.487190082437729
665,0.48777995814523956
666,0.48831741020537617
667,0.4888787450726539
668,0.48947550045736077
669,0.4900793518493383
670,0.4907118781028307
671,0.4914186603971552
672,0.4921035205631964
673,0.4927331454966456
674,0.4934531270893585
675,0.494247726694794
676,0.4950090269872145
677,0.49577445925823616
678,0.49660434794041375
679,0.4974265569955079
680,0.49826945780053866
681,0.4991922985946101
682,0.5001546952531274
683,0.5011636828685524
684,0.502243590695294
685,0.5032923048762149
686,0.5043960805642904
687,0.5055725071087267
688,0.5067528906492722
689,0.5079503136657177
690,0.5091423124785466
691,0.5101871098079305
692,0.5110703518279578
693,0.5119458485775034
694,0.5129909150786816
695,0.5142687166617919
696,0.5155244459318605
697,0.5166753785372431
698,0.5176980513252889
699,0.5186483105586299
700,0.5196521411231976
701,0.5207135809127201
702,0.5217396740097573
703,0.5227095887219128
704,0.5235986968726782
705,0.524463857196453
706,0.5253290292838347
707,0.5262410462204241
708,0.5271230264295136
709,0.5280466418507681
710,0.5289744033483896
711,0.5298752278437053
712,0.5307880746722542
713,0.5316818858026189
714,0.5324401240613872
715,0.5329953315188968
716,0.5339868481875645
717,0.5353090580517429
718,0.5360545563483119
719,0.5368941152659373
720,0.5376029602499789
721,0.5378471971687795
722,0.5384391006114569
723,0.5394183375182995
724,0.5402799301991266
725,0.5409485144608541
726,0.5415687578325619
727,0.5421555332338037
728,0.5426955669906601
729,0.5432790180202334
730,0.5438231455715843
731,0.5441262785447112
732,0.5448236564443429
733,0.5454581050660063
734,0.5460059097021283
735,0.5464520080794106
736,0.5469195665842275
737,0.5473804171380501
738,0.5477878064847292
739,0.5481119974535071
740,0.5484639782426647
741,0.5488482610442671
742,0.5492422210327964
743,0.549583217861854
744,0.5498976912926645
745,0.5502111157320708
746,0.5505518313036579
747,0.5508119035345723
748,0.5510254521850293
749,0.5512448841915426
750,0.5514779696463822
751,0.5517003957513498
752,0.5519124814826082
753,0.5521300153995364
754,0.5522824275156589
755,0.5524521565476066
756,0.5526373089047844
757,0.5528048417552762
758,0.5529491558682734
759,0.5530051422460567
760,0.553022864188742
761,0.5531772464493534
762,0.5532569887793115
763,0.5532288610029945
764,0.5532239012541502
765,0.5533090861696073
766,0.553336295356897
767,0.5533189390335997
768,0.5532944595325531
769,0.5532589541602067
770,0.5532420193144867
771,0.5532158250394663
772,0.553181913098432
773,0.5531659619080946
774,0.5531273889374704
775,0.5530511831922184
776,0.5529962483384208
777,0.5529272851442206
778,0.5527939958576775
779,0.5527163654817395
780,0.5526084922987716
781,0.5525312823479835
782,0.5524208662714389
783,0.5523130797110929
784,0.552257101760746
785,0.5521446329323934
786,0.5519987874754183
787,0.5518633380632818
788,0.5518144703824543
789,0.5516878920351651
790,0.5514850387294246
791,0.5513601686521146
792,0.5512259645673889
793,0.551072267939575
794,0.5509014884654562
795,0.5507070600756352
796,0.5504909988173305
797,0.5503300618242454
798,0.5501978621745819
799,0.5500750403397139
800,0.5498783518996886
801,0.549689257303124
802,0.5495647193011939
803,0.5494259725455151
804,0.5492705600197061
805,0.5491173399057216
806,0.5489825870944307
807,0.5488126142961158
808,0.5486944576878557
809,0.5485713793155956
810,0.5484573424828278
811,0.5482760871089247
812,0.5480458271507416
813,0.5483399784326968
814,0.5482425454693766
815,0.5482438901830275
816,0.5481136966215898
817,0.547819031153741
818,0.5476104796538263
819,0.5471873859075003
820,0.5469099801951987
821,0.5467995746349756
822,0.5467102067155789
823,0.5465032871215199
824,0.5462447925048117
825,0.5459987104452911
826,0.5458718988134694
827,0.5458031067697349
828,0.5457530565469185
829,0.5456125344247589
830,0.5454845741729504
831,0.5454218268817126
832,0.5454040481875471
833,0.5456106859673084
834,0.5456303778659822
835,0.5454755167671482
836,0.5452353693304056
837,0.5450938583508149
838,0.5449895417156843
839,0.5448974299704235
840,0.5448512921278366
841,0.5447959440865255
842,0.5446771650909378
843,0.5445360309390243
844,0.5445199009099293
845,0.5444677034445468
846,0.5445264531416185
847,0.5445911183658008
848,0.544558922614156
849,0.5445269702035076
850,0.544498477488264
851,0.5445290349025194
852,0.5446545165457772
853,0.5447190253696603
854,0.5447269713354026
855,0.5447156618940319
856,0.5447974232639226
857,0.5448231072411163
858,0.5448808794172046
859,0.5449733913077492
860,0.5449400629248197
861,0.5449910567855865
862,0.5451392069869635
863,0.5453447020560102
864,0.5454793349460538
865,0.545611426176451
866,0.5456959373868613
867,0.5457729762060628
868,0.5458592030602165
869,0.5460426217545954
870,0.5462924206389352
871,0.5464408627247904
872,0.5465221546637012
873,0.5466294815276989
874,0.5467982358528631
875,0.546991639989467
876,0.5471632099481809
877,0.5474031210135046
878,0.5476139812961858
879,0.5476608569216084
880,0.5478908436900749
881,0.5481452429228966
882,0.5483301213940934
883,0.5485583460287389
884,0.5487738367293773
885,0.5490246163421376
886,0.5493137673904989
887,0.5495100190647062
888,0.549720448055134
889,0.5499915513322449
890,0.5503503966515733
891,0.5507061354839387
892,0.5509970938958169
893,0.5513236476084385
894,0.551829209079781
895,0.5523476053156339
896,0.5524440563013624
897,0.5528325773256513
898,0.5531165144574068
899,0.5533774086957843
900,0.553716784191302
901,0.5540566781705824
902,0.5546687802666849
903,0.55484504073949
904,0.5549241757160674
905,0.5551515944435415
906,0.5555833385733225
907,0.5558440329720209
908,0.5562261785657125
909,0.5569144017419696
910,0.5573550670702134
911,0.557516140344513
912,0.5578539404158022
913,0.5582639300914766
914,0.5587551608083532
915,0.5588108940586879
916,0.559199590870358
917,0.5597586979209397
918,0.5601347866229931
919,0.560764681367786
920,0.5610912044521043
921,0.5613202072119842
922,0.5616313769892538
923,0.5619688921411338
924,0.5624152424506756
925,0.5630581218593806
926,0.563348873018459
927,0.5633779488683136
928,0.5634171076781906
929,0.5637082881445736
930,0.5635468447940855
931,0.5637387909981
932,0.5630445084237143
933,0.563220150553631
934,0.564019761419817
935,0.5646163272080545
936,0.5654400079215501
937,0.566554589305206
938,0.5671785288979927
939,0.5672274845297487
940,0.5682236899885794
941,0.5688584438754574
942,0.5690435519493968
943,0.5691248342447855
944,0.5695969695769687
945,0.5705465343366607
946,0.5714347420400367
947,0.5715695446838223
948,0.5723790946383849
949,0.5724125720448887
950,0.5727221719778492
951,0.5740981270989743
952,0.5743637942854672
953,0.5751626823689479
954,0.5756384666928702
955,0.576174523032918
956,0.576986985200842
957,0.5775144287153676
958,0.5778736027592213
959,0.5787615605210322
960,0.5794854716346584
961,0.5802972586107462
962,0.5808490350548462
963,0.5816955386379552
964,0.5823300768366688
965,0.5833255418704801
966,0.5839054525868557
967,0.5841623338093417
968,0.5851452481477698
969,0.5857135705914025
970,0.5862855226136154
971,0.586959869922276
972,0.5875162209146054
973,0.587882613881465
974,0.5886301803945715
975,0.5894410399651913
976,0.5898301414330838
977,0.5904216138376008
978,0.5908846074681553
979,0.5912137775618742
980,0.591918820763781
981,0.5924373988298688
982,0.5934701640189993
983,0.5938433370923499
984,0.5943851107402228
985,0.5946035285693901
986,0.5948045420323298
987,0.5951230483337449
988,0.595606061520555
989,0.59596511691135
990,0.5967536823660133
991,0.5972363664722677
992,0.5978338071253504
993,0.5984975065767246
994,0.5989387465714533
995,0.599110886074701
996,0.5994487544843814
997,0.5997007414807383
998,0.6003835893000677
999,0.6010132063832017
1000,0.601596660947066
1001,0.6063608586430721
1002,0.6067806396209916
1003,0.6073126155667937
1004,0.60786766503406
1005,0.6083555495372601
1006,0.6088335068946598
1007,0.6093804543917218
1008,0.6099055795791639
1009,0.6102918417127708
1010,0.6107547513602523
1011,0.611104104421126
1012,0.6116508790145733
1013,0.6122956082495501
1014,0.6128105146844145
1015,0.6132126051856444
1016,0.6138715107426028
1017,0.6144437350351879
1018,0.6147967853611277
1019,0.615178190606273
1020,0.6155971917495695
1021,0.616014175133482
1022,0.6163299563516892
1023,0.6167655467129094
1024,0.6172652647947672
1025,0.6177250485113948
1026,0.6181916132302872
1027,0.6186883519206412
1028,0.6192006083088768
1029,0.619638333950649
1030,0.6200024624643419
1031,0.6204074970646514
1032,0.6209518136956615
1033,0.6214292009297351
1034,0.621963766882639
1035,0.6225930232168797
1036,0.6231425693342831
1037,0.6235163239553088
1038,0.6239749081654307
1039,0.6245069853274685
1040,0.6249596630613128
1041,0.625378731149715
1042,0.625783960090269
1043,0.6259834339883121
1044,0.6263207141412332
1045,0.6269131125393439
1046,0.6274182172241183
1047,0.6278323087245514
1048,0.628282390945706
1049,0.6286635306271178
1050,0.6290984816789579
1051,0.6295181527647383
1052,0.6300143943545411
1053,0.6304434409110942
1054,0.6307375019516099
1055,0.631033678750444
1056,0.6313299237293368
1057,0.6317828591049897
1058,0.6322121029001126
1059,0.6326868590632282
1060,0.63310663703528
1061,0.6333546686468855
1062,0.6338137147279707
1063,0.6343648407857736
1064,0.6348316433310363
1065,0.6352928914525273
1066,0.63572933621835
1067,0.6359940266876689
1068,0.6364129922660262
1069,0.6368047109308381
1070,0.6371939476456139
1071,0.6377907834233165
1072,0.6382354796851561
1073,0.6387295773962671
1074,0.6391757427130492
1075,0.6396430336308381
1076,0.6399793636654266
1077,0.6403804372961789
1078,0.6406937779504509
1079,0.641018462136654
1080,0.6413487378747327
1081,0.6417740946413311
1082,0.6420014584814644
1083,0.6424694543989242
1084,0.6430269080260869
1085,0.6435110177523549
1086,0.643778803257953
1087,0.6441335432127369
1088,0.644590156794079
1089,0.644907662162119
1090,0.6452797477596677
1091,0.6455295885088644
1092,0.6457892746273604
1093,0.6461486371628802
1094,0.6465379529479935
1095,0.6471125316702452
1096,0.6476465136176581
1097,0.6482526525026445
1098,0.6488133056435819
1099,0.6491238343013689
1100,0.6495991945494833
1101,0.6500381939454767
1102,0.6504765864792974
1103,0.6509079800631912
1104,0.6512687121356155
1105,0.6517287187727212
1106,0.6518909289831588
1107,0.6518836027613379
1108,0.6518737018577508
1109,0.6519192548922449
1110,0.6524404052364872
1111,0.6524434276758626
1112,0.6530105768496912
1113,0.6534346697883062
1114,0.6538227519542601
1115,0.6538170660431855
1116,0.6533627511994259
1117,0.6532721398007693
1118,0.6532681526426685
1119,0.6536777111006118
1120,0.6543776727020783
1121,0.654801080267873
1122,0.654925154319296
1123,0.6553333557154308
1124,0.6557290287123207
1125,0.656030136796915
1126,0.6567712968285366
1127,0.6573006880262775
1128,0.6577988881862931
1129,0.6586173906069169
1130,0.6592910222146569
1131,0.6600306524090361
1132,0.6604103051601589
1133,0.6608522812487498
1134,0.6609925649074327
1135,0.6608941474688174
1136,0.6610989285322506
1137,0.6614108701605944
1138,0.6613798053612027
1139,0.6619407322030271
1140,0.6622862967405052
1141,0.6626618825974782
1142,0.6632056039792222
1143,0.6633274406961394
1144,0.6631954982291473
1145,0.6636167983865311
1146,0.6640702560900975
1147,0.6644898954594998
1148,0.6652358536455334
1149,0.6659579825066448
1150,0.6662747389985934
1151,0.6665616972670798
1152,0.667067534034916
1153,0.6677641041787419
1154,0.6684103524871569
1155,0.6689067997025626
1156,0.6695121580097616
1157,0.6697280819088643
1158,0.669776868059742
1159,0.6700461247816047
1160,0.6699578266369347
1161,0.6698737019516774
1162,0.6704074688489152
1163,0.6705881369003037
1164,0.6708964189262514
1165,0.6716618024219789
1166,0.6721362962592594
1167,0.6723809372776554
1168,0.6725516858361916
1169,0.6727904882441764
1170,0.6730010008666558
1171,0.6732039587418722
1172,0.6735267825011708
1173,0.6736292978387437
1174,0.6736894125782049
1175,0.6739326205035803
1176,0.674167667167207
1177,0.6743989202716807
1178,0.6746922301155702
1179,0.6749140686424491
1180,0.6749784291308449
1181,0.6751719050274854
1182,0.6752556886801918
1183,0.6754247529995052
1184,0.6756350407469831
1185,0.6758115910135762
1186,0.6760616026406829
1187,0.6762763653544301
1188,0.676335495275667
1189,0.6765183216955516
1190,0.6766655262500796
1191,0.6769384634039911
1192,0.6770969693191713
1193,0.6772499795148456
1194,0.677407659358203
1195,0.6775384064962844
1196,0.6777614174695605
1197,0.6781346851647232
1198,0.6783930244801619
1199,0.6786248576241974
1200,0.6788032348628377
1201,0.6789320160975842
1202,0.6790802557697868
1203,0.6790952283385938
1204,0.6792958122049724
1205,0.6797296431565965
1206,0.6799394073375568
1207,0.6800673796690222
1208,0.6802828030691388
1209,0.6804198420080059
1210,0.6804995966915892
1211,0.6806779268146601
1212,0.6808782679226837
1213,0.6811828166840033
1214,0.681343373594091
1215,0.6815578062934302
1216,0.681647484969963
1217,0.6817920779606946
1218,0.6820286989182223
1219,0.6822359931851838
1220,0.6824352285182935
1221,0.6826913085715897
1222,0.6829218116353517
1223,0.6830528204679748
1224,0.6832023935333477
1225,0.6833878776625786
1226,0.6835007282035923
1227,0.6835935882304727
1228,0.6837127689680311
1229,0.6838461659977095
1230,0.6839243940983122
1231,0.6839930975214761
1232,0.6841768766495824
1233,0.684301768534318
1234,0.6845132417027475
1235,0.6846745761035893
1236,0.6848937749163184
1237,0.6851352889776193
1238,0.6853150639483514
1239,0.6855342304668617
1240,0.685720410751695
1241,0.6858266429635658
1242,0.686010933632019
1243,0.686236955785952
1244,0.6864223856016448
1245,0.6866496082614049
1246,0.6867746417938693
1247,0.6867899326385929
1248,0.6869866874169268
1249,0.6872457199833011
1250,0.6874574244398943
1251,0.6876339895515385
1252,0.6878365470925523
1253,0.6879471106679741
1254,0.688052828952404
1255,0.6882183154292462
1256,0.6884335956303482
1257,0.688618195985284
1258,0.6886999473025737
1259,0.6887687852836915
1260,0.6888119816806004
1261,0.6889700335122386
1262,0.6891344119903371
1263,0.6892581317875514
1264,0.6893873087889847
1265,0.6895503798487688
1266,0.6896265386908886
1267,0.6896541071735927
1268,0.6897344356355382
1269,0.6899610402631675
1270,0.6900159563511463
1271,0.690118876726366
1272,0.6902695339606075
1273,0.6903187151278596
1274,0.6904570448706373
1275,0.690640056767123
1276,0.6905625033524736
1277,0.6907100220392051
1278,0.6908268158956633
1279,0.6909126512293235
1280,0.6909729585301543
1281,0.6910883264197945
1282,0.6911367338215049
1283,0.6910547610980641
1284,0.6911111447498564
1285,0.6912406755800669
1286,0.6913667440494031
1287,0.6914605441972993
1288,0.6914369564177942
1289,0.6913886716378208
1290,0.6913633543665076
1291,0.6913222155844623
1292,0.691358972528562
1293,0.6913974189905974
1294,0.6914295976632363
1295,0.6916154922282081
1296,0.6917113830714032
1297,0.6917547405032218
1298,0.6918413434305635
1299,0.6919141303123743
1300,0.6918332051353872
1301,0.6917992370658756
1302,0.6918183767988901
1303,0.6918328358802585
1304,0.6917250379908277
1305,0.691766039893131
1306,0.6917904029663032
1307,0.691624267600019
1308,0.6913394141494069
1309,0.6912802266983837
1310,0.6915145858279548
1311,0.6915619896770977
1312,0.6916264843990481
1313,0.691630216750628
1314,0.6916782553511307
1315,0.6916885215196242
1316,0.6917042147921899
1317,0.691607974125327
1318,0.6914356531193379
1319,0.6913344854756254
1320,0.6910489294764235
1321,0.6908245131896269
1322,0.6907351888785017
1323,0.6907915312806436
1324,0.690607419535864
1325,0.6904331942805344
1326,0.6901297687647507
1327,0.6901485712890392
1328,0.6904339340268713
1329,0.690485908401085
1330,0.6904728357877217
1331,0.6902661756003432
1332,0.6903653440665826
1333,0.6903996532407315
1334,0.6899560197643467
1335,0.6899762832990989
1336,0.6898609295575873
1337,0.6898868093012833
1338,0.689885350353916
1339,0.6897801566223876
1340,0.6895066675372941
1341,0.6892840412580374
1342,0.6890290242293817
1343,0.6886471642455012
1344,0.6884663006205887
1345,0.6882961153678393
1346,0.6884591456380675
1347,0.6885498351477217
1348,0.6889762733246108
1349,0.6894310403343811
1350,0.6893012864490733
1351,0.6894592881734494
1352,0.6880341501598702
1353,0.6861463601766387
1354,0.6857715302276438
1355,0.6855974027847183
1356,0.6856589508759042
1357,0.6855191058415093
1358,0.6879893157228949
1359,0.6874803533868656
1360,0.6895596841768055
1361,0.6851144582327935
1362,0.6873097629644226
1363,0.6889546847981898
1364,0.6857642227758489
1365,0.6883712743367011
1366,0.6830136095772081
1367,0.6774384901385702
1368,0.6933663751558167
1369,0.6868869484379985
1370,0.6709438600827925
1371,0.6772773460682191
1372,0.6844495444424334
1373,0.6758684803031867
1374,0.6844426330074349
1375,0.6805456294789893
1376,0.6723583888610509
1377,0.666717995848582
1378,0.6790207580874551
1379,0.67284604506638
1380,0.6686768133786418
1381,0.675046558443831
1382,0.6752908913271967
1383,0.6622838127547812
1384,0.6573198716827148
1385,0.661307472680156
1386,0.6630932441003188
1387,0.6544279310755199
1388,0.6555115883345755
1389,0.6565808957918395
1390,0.6573323293840283
1391,0.6576122679034344
1392,0.6500607716185968
1393,0.6471465434473742
1394,0.6409630083256374
1395,0.6463153381131637
1396,0.64658902016387
1397,0.6440850922025387
1398,0.6457604054166035
1399,0.6474059366823508
1400,0.6423917337818583
1401,0.6398734383762148
1402,0.6408929159855448
1403,0.6388050175571198
1404,0.6348279262864699
1405,0.636338732942812
1406,0.633857993195782
1407,0.6308408205717759
1408,0.6301940276173252
1409,0.628146991857296
1410,0.6269601173529842
1411,0.6292365734344187
1412,0.6297146235937308
1413,0.6324474051774212
1414,0.635515780346403
1415,0.6386004009863508
1416,0.6417404565292294
1417,0.6453997084737898
1418,0.6488501998058394
1419,0.652852937145513
1420,0.656214278855504
1421,0.6594584794384246
1422,0.6618944451470412
1423,0.6630728140132165
1424,0.6648976155745396
1425,0.6668360944816807
1426,0.6686095014649103
1427,0.6699284772338021
1428,0.6707718161811573
1429,0.6719268604706867
1430,0.6727095801451696
1431,0.6737819019120985
1432,0.6751786351891862
1433,0.6751511028636695
1434,0.6752791019168539
1435,0.6757299149666545
1436,0.6756005521210466
1437,0.6765286932262866
1438,0.678121516042834
1439,0.6790425640390994
1440,0.6798511555755554
1441,0.680146183607313
1442,0.6798254317601222
1443,0.6801351256883956
1444,0.6808867431506249
1445,0.6821725058095724
1446,0.6828834977636193
1447,0.6834866380390787
1448,0.6838714729863722
1449,0.6842366150349277
1450,0.6845460584143018
1451,0.6850249599704561
1452,0.684763657745092
1453,0.6846992218047677
1454,0.6849534396205363
1455,0.6847857325722532
1456,0.6845992139543668
1457,0.6846349875004796
1458,0.6848748003204217
1459,0.6848131953083141
1460,0.6849976488107075
1461,0.6855321772848372
1462,0.6856722261178969
1463,0.685514102308511
1464,0.6857507946370164
1465,0.6859608838515003
1466,0.6860417010080351
1467,0.6863133214859112
1468,0.6867621677267838
1469,0.6869965204168285
1470,0.6869718326749134
1471,0.6874037838488306
1472,0.6874906509669934
1473,0.6874874896397711
1474,0.6881333424198743
1475,0.68804189156544
1476,0.6881754238122388
1477,0.6883742687572985
1478,0.688644670302955
1479,0.688758641449831
1480,0.6887438442864142
1481,0.6888384467109102
1482,0.6890996575152778
1483,0.6894237726862253
1484,0.6898318234205394
1485,0.6900032577668236
1486,0.6902858640035938
1487,0.6902831521267964
1488,0.6901356349719976
1489,0.6908468024850664
1490,0.6911143430527475
1491,0.6923168913831974
1492,0.6928572725652956
1493,0.6931914445679594
1494,0.6937794579140469
1495,0.6937594784577196
1496,0.6935683176715473
1497,0.6937222680582447
1498,0.6938683109448514
1499,0.6942233192718412
1500,0.6944234023298672
1501,0.6946771729147491
1502,0.6947178289243354
1503,0.6947736610868657
1504,0.6950918631317322
1505,0.6953705800594652
1506,0.6957110803435692
1507,0.695951114213958
1508,0.6962595642054611
1509,0.6963938364256173
1510,0.6966250614681582
1511,0.6966733697794344
1512,0.6967321284140161
1513,0.696917345497339
1514,0.6972261737024223
1515,0.6972511479939829
1516,0.6973577586629847
1517,0.6975288617041846
1518,0.697647830863882
1519,0.6976884479983105
1520,0.6977694531731982
1521,0.6979155098768179
1522,0.6981099310561238
1523,0.6982791213985279
1524,0.6985321664906898
1525,0.6986409713277948
1526,0.6988124630743889
1527,0.6990787786354673
1528,0.6993304754694534
1529,0.6994332076657213
1530,0.6994884060353842
1531,0.6997233530312631
1532,0.6997616474401827
1533,0.699903262508056
1534,0.7001325104219801
1535,0.7001722651575348
1536,0.7002781958579289
1537,0.7003692914586068
1538,0.7004882617141397
1539,0.7006478204242836
1540,0.7007880291562663
1541,0.7008106446535034
1542,0.7010180884487255
1543,0.701188027009466
1544,0.7011942849831598
1545,0.7013184919404061
1546,0.7014294838788965
1547,0.7014507024439011
1548,0.7016115403932308
1549,0.7017989326370107
1550,0.7018164414241335
1551,0.7019009940364955
1552,0.7020411658936048
1553,0.7020902479537148
1554,0.7020853487714999
1555,0.7022471011245468
1556,0.702283109289509
1557,0.7023593298915214
1558,0.70246715673642
1559,0.7025510763053979
1560,0.7025352259562856
1561,0.7026391493037216
1562,0.7027239449360976
1563,0.7027659506889342
1564,0.7029007949262098
1565,0.7029564729622282
1566,0.7030136219727225
1567,0.703117516604604
1568,0.7031974780316514
1569,0.7033035105120139
1570,0.7033847590077036
1571,0.7034126226933795
1572,0.7034844398367732
1573,0.7034363393132423
1574,0.7035464001546554
1575,0.7037090008169754
1576,0.7038467572796412
1577,0.7038130255375639
1578,0.703883541277853
1579,0.7040694420577076
1580,0.7041777990007516
1581,0.7042437312515568
1582,0.7043008543593103
1583,0.7043584383826338
1584,0.704487578076607
1585,0.704719986181876
1586,0.7048396651041944
1587,0.7049256079708722
1588,0.7050332032743782
1589,0.7050883147721194
1590,0.7052381795452156
1591,0.7053750278741218
1592,0.7054687679593467
1593,0.705617796994486
1594,0.7057045098448814
1595,0.7058135788708845
1596,0.7058937239932308
1597,0.705860638213966
1598,0.7058897535945413
1599,0.7060083750349062
1600,0.7060637702471968
1601,0.706182857513906
1602,0.706273986305012
1603,0.706470962136058
1604,0.7065486630612987
1605,0.7066766697891937
1606,0.7067648834886824
1607,0.706691279313111
1608,0.7067494701382049
1609,0.7069316758563626
1610,0.7070367157461133
1611,0.7072527270990534
1612,0.7073198641796393
1613,0.7073337428353244
1614,0.707384462531696
1615,0.7074886221419321
1616,0.7075654049324898
1617,0.7076580188592305
1618,0.707726927610964
1619,0.707679866032234
1620,0.7076608482124922
1621,0.7076651482654217
1622,0.7077308827805425
1623,0.7079516973958366
1624,0.7080481925154921
1625,0.7081041791003495
1626,0.708176369869917
1627,0.7080960523729831
1628,0.7081653752456089
1629,0.7084599593761354
1630,0.7085645845063301
1631,0.7086124706345827
1632,0.7085975895601367
1633,0.7085606498831538
1634,0.7085211717962074
1635,0.7086916596019673
1636,0.7087627837345292
1637,0.7087745170539637
1638,0.7088143537490362
1639,0.7087630000920688
1640,0.7087786536646452
1641,0.708927562012605
1642,0.7089741927040188
1643,0.7089931740079677
1644,0.7089910742309079
1645,0.7088916908714591
1646,0.7088632497240263
1647,0.7089047690238366
1648,0.7089762404255004
1649,0.7091475096997694
1650,0.7092108476926897
1651,0.7092434623521039
1652,0.7092406765443483
1653,0.7091078541583475
1654,0.7091453247778097
1655,0.7092216936078515
1656,0.709263273663095
1657,0.7094477456332209
1658,0.7095263329956305
1659,0.7094250587535096
1660,0.7094050620899219
1661,0.7095388643453093
1662,0.709612196780974
1663,0.7094624610446975
1664,0.7094072411254562
1665,0.7093729749882312
1666,0.7093610993226291
1667,0.709416997527653
1668,0.7094350845067718
1669,0.7093673889191037
1670,0.7094337947483402
1671,0.7095576352458297
1672,0.7095678135075847
1673,0.7096495954427875
1674,0.709599977599562
1675,0.7092157131713628
1676,0.7091349634647452
1677,0.7092057280600428
1678,0.7092266821927957
1679,0.7092404999990016
1680,0.7092304258336652
1681,0.7091961924538481
1682,0.7091756107105829
1683,0.7091620603675017
1684,0.7091548401802718
1685,0.709057687194804
1686,0.7089698012950552
1687,0.7089482866644199
1688,0.708918970222782
1689,0.7086692893252262
1690,0.7086494964433832
1691,0.7087668564364282
1692,0.7087294397641676
1693,0.7087045765138171
1694,0.7086395688517537
1695,0.7085313520030094
1696,0.70844031043748
1697,0.7084313271812581
1698,0.7083678170112011
1699,0.7082460913494768
1700,0.7081998225955715
1701,0.708362753184107
1702,0.7082674529569084
1703,0.7080452334862857
1704,0.7079953909168676
1705,0.7078469213154912
1706,0.7079467390024314
1707,0.7079244400160611
1708,0.7079009967502473
1709,0.7077859167285063
1710,0.7077969955566819
1711,0.7076315601857992
1712,0.7075537154086
1713,0.7076392219875605
1714,0.7074608369569122
1715,0.7072361891278554
1716,0.707354757830398
1717,0.7072096026793719
1718,0.7070797964958426
1719,0.7072546994891726
1720,0.7070992356726646
1721,0.7070998036977636
1722,0.7070543159565511
1723,0.707021263949305
1724,0.7071784130905854
1725,0.7070785184857029
1726,0.7070665038035087
1727,0.7070539758126331
1728,0.706902312656131
1729,0.7068588582300945
1730,0.7068271369003123
1731,0.7068162303292235
1732,0.7065696140233122
1733,0.7065096742488988
1734,0.7067469895102667
1735,0.7067533026449919
1736,0.7066043568316709
1737,0.7064690965015619
1738,0.706336208806688
1739,0.7062732866131325
1740,0.706161504502901
1741,0.7060511285514893
1742,0.7062401776849143
1743,0.7062293673814649
1744,0.7060435750913006
1745,0.706103407946145
1746,0.7062182726223318
1747,0.706095193821376
1748,0.7059663645505713
1749,0.7059193283058487
1750,0.7058799612539799
1751,0.7057825717452687
1752,0.7058495858318683
1753,0.7058264423467212
1754,0.7056554899746272
1755,0.7057329197277386
1756,0.7056814375512015
1757,0.7056923809782973
1758,0.7057506780071177
1759,0.7057531226789943
1760,0.7060524793165504
1761,0.7058634617699322
1762,0.7056123929839506
1763,0.7058660638765634
1764,0.7061663252256962
1765,0.7064073722383248
1766,0.706426024555175
1767,0.7065356892833837
1768,0.7066691901889437
1769,0.7066098247900714
1770,0.7065393567791245
1771,0.7065737991909267
1772,0.7064803821996588
1773,0.7057956400079268
1774,0.7053999092438585
1775,0.7050455284360484
1776,0.704899996795949
1777,0.7048676269571854
1778,0.7049274299662904
1779,0.705168051547608
1780,0.7051511876090708
1781,0.7049270741546279
1782,0.7049391513838428
1783,0.704829804555236
1784,0.7047998735419698
1785,0.7049319474770477
1786,0.7048972067649932
1787,0.704281511864854
1788,0.7041816722122788
1789,0.7040179474737074
1790,0.703845893632754
1791,0.7034263498673973
1792,0.7031085722942123
1793,0.7037425696366983
1794,0.7037750056145187
1795,0.7037579276833625
1796,0.7039375155328023
1797,0.7038507099482121
1798,0.7044159031138558
1799,0.7050767701428347
1800,0.7047084560874939
1801,0.7044241870034651
1802,0.703761926572531
1803,0.703351179046125
1804,0.7035840282536896
1805,0.7028002870518082
1806,0.7016035944402267
1807,0.7023161480862011
1808,0.7024840609785576
1809,0.7015382697299993
1810,0.6998935841617351
1811,0.6993671710206867
1812,0.696973975848514
1813,0.6972783766013151
1814,0.6964918228214534
1815,0.6953376889103597
1816,0.6938447055452027
1817,0.6945982642051014
1818,0.6936555214946023
1819,0.6938146372813835
1820,0.6965670785713998
1821,0.6971631478414707
1822,0.6976659783483671
1823,0.6952700093462945
1824,0.6912133287075743
1825,0.695293745338408
1826,0.6908303414411554
1827,0.6939379862078562
1828,0.6938602202040782
1829,0.7017519789105746
1830,0.6982663345292489
1831,0.688101741183659
1832,0.6587485991289759
1833,0.620879180753638
1834,0.5963235069626427
1835,0.620292051229677
1836,0.49632578322750687
1837,0.46147673797192634
1838,0.28423822587749437
1839,0.422120268094902
1840,0.6122323261907591
1841,0.600245764788975
1842,0.5702210286764327
1843,0.6073434475815617
1844,0.265580491644796
1845,0.3907368617414549
1846,0.38100055082273815
1847,0.33063772419051
1848,0.16538103477728283
1849,0.15243278932720306
1850,0.2629463625926703
1851,0.42545894440814336
1852,0.424900448361634
1853,0.3612503297959476
1854,0.4203568119841008
1855,0.43211129193264103
1856,0.4691726737759162
1857,0.3898218552242578
1858,0.43573640704253824
1859,0.4068565182540176
1860,0.4224815589229952
1861,0.5306145873241899
1862,0.5726477978797831
1863,0.6496667838099615
1864,0.5650763595182313
1865,0.5443531003026848
1866,0.37111362864029585
1867,0.4398644964845997
1868,0.39819879767931765
1869,0.5023096814536144
1870,0.5608621112449073
1871,0.7757466752556108
1872,0.8783333060332486
1873,0.6935348633977503
1874,0.6513826033935317
1875,0.6673021687278688
1876,0.6171183800601259
1877,0.651052019425789
1878,0.6827970852409739
1879,0.7033215776139055
1880,0.717017414057333
1881,0.6670065998679402
1882,0.6500062814085114
1883,0.649533057215055
1884,0.683452994356073
1885,0.6677634720050093
1886,0.6561580834094379
1887,0.6698618214735046
1888,0.664951303399697
1889,0.6567904205773644
1890,0.6658126327313381
1891,0.6578386849562772
1892,0.6587876966392874
1893,0.6598467121790432
1894,0.6647596030435892
1895,0.6603939500169342
1896,0.6584214737984503
1897,0.6337596009332893
1898,0.6234117046749643
1899,0.6232120058190526
1900,0.641329149985232
1901,0.6699692188445914
1902,0.6531807841674651
1903,0.6243013496112786
1904,0.6266530215335671
1905,0.5583346408632762
1906,0.49452005721282805
1907,0.5574227003859984
1908,0.5860085049374968
1909,0.6036394321022036
1910,0.5660730926709276
1911,0.5904466064934748
1912,0.6263907198198979
1913,0.6209409393641873
1914,0.6275307405824835
1915,0.6375689500382136
1916,0.6336684040439953
1917,0.6313581903494971
1918,0.6297880991691367
1919,0.6272353745803905
1920,0.6362121290200615
1921,0.6385891464158535
1922,0.6396091176289835
1923,0.6345958519561601
1924,0.6373341452448013
1925,0.6375748888160884
1926,0.6376396033332219
1927,0.64125421398421
1928,0.6462794460201337
1929,0.6419283804792959
1930,0.6413757504783819
1931,0.6409486186379499
1932,0.6418223210121421
1933,0.6441311346592116
1934,0.6478664576865862
1935,0.6493315744581646
1936,0.6498442032057825
1937,0.6490237857807066
1938,0.6484913695145851
1939,0.648256704608269
1940,0.6491115387569342
1941,0.651016149946477
1942,0.6526827671280502
1943,0.6553447153263281
1944,0.6552892155242778
1945,0.6553304195179437
1946,0.6559820178668394
1947,0.6564418726479743
1948,0.6571050745710735
1949,0.6578103435374325
1950,0.6594209468613126
1951,0.6606285855334704
1952,0.6607589735970778
1953,0.6604078086510762
1954,0.6605581531863958
1955,0.6615140458531555
1956,0.6614123670850722
1957,0.6619154286040135
1958,0.6621365297319766
1959,0.6618910237956068
1960,0.6629832358727668
1961,0.6640172713940107
1962,0.6641967321648362
1963,0.6653773009174251
1964,0.6665438815955189
1965,0.6672489587620012
1966,0.6677768532215183
1967,0.6683384849338019
1968,0.6686722568916934
1969,0.6691462102917656
1970,0.6697987123887934
1971,0.6704527989419575
1972,0.6708020983112716
1973,0.6710649142097793
1974,0.6720314171089605
1975,0.6730504050107464
1976,0.6734386205931809
1977,0.6741322888939777
1978,0.6744577303375594
1979,0.6749378952541678
1980,0.6754517835953171
1981,0.6756592609039507
1982,0.6764117569772676
1983,0.6767021914051132
1984,0.6766205848266971
1985,0.6770917357917625
1986,0.677991435857988
1987,0.6783692994899864
1988,0.6788407376291082
1989,0.6795295859024102
1990,0.6796407865677764
1991,0.6802128364750997
1992,0.6807745571824925
1993,0.6818217702585732
1994,0.6821018860457413
1995,0.6817886929419901
1996,0.6819722564179471
1997,0.6818817650533342
1998,0.6820207937465879
1999,0.6822027963655428
2000,0.6824142589851261
2001,0.6823661587292442
2002,0.6835489605460736
2003,0.683421661753872
2004,0.6837396329571718
2005,0.6838663970457902
2006,0.6839408340915214
2007,0.684259941266149
2008,0.684270237385368
2009,0.6842830129492606
2010,0.6843624623714699
2011,0.6846008278584044
2012,0.6844859142057805
2013,0.6844814523978413
2014,0.6841931601934717
2015,0.684289731742828
2016,0.684423655058926
2017,0.6841870067875644
2018,0.6845723020334967
2019,0.6853798566063265
2020,0.6853843037734376
2021,0.6851939580231271
2022,0.6854033310428618
2023,0.685429692719995
2024,0.68547973287161
2025,0.6856177022083826
2026,0.68549164033105
2027,0.6853724913239054
2028,0.6852978154772843
2029,0.6849841037337363
2030,0.6847172199689785
2031,0.6843945546272703
2032,0.6841835841041551
2033,0.6840501748264305
2034,0.6838237207483235
2035,0.6837196272067888
2036,0.6836182496072534
2037,0.6833010866583209
2038,0.6828532475886111
2039,0.6823896391461588
2040,0.6821520965487514
2041,0.6817765150306935
2042,0.6817567934190024
2043,0.6816397379551195
2044,0.6813452100083126
2045,0.6806162588157333
2046,0.6803393451653654
2047,0.6802887579463133
2048,0.68013734992617
2049,0.679829843241353
2050,0.6794553479363831
2051,0.6788832700571973
2052,0.6784108216239984
2053,0.6783478257779554
2054,0.678297966832623
2055,0.6778357849260945
2056,0.6777543668973389
2057,0.6776363166173003
2058,0.6772812872061582
2059,0.677085393907698
2060,0.6767751014415133
2061,0.6767160691802316
2062,0.6767575959055881
2063,0.6766421674795415
2064,0.6761203411335615
2065,0.6761445636511092
2066,0.6762942331440356
2067,0.6762002520866334
2068,0.6756273197208738
2069,0.6754006449255889
2070,0.6750944587551523
2071,0.674893035438048
2072,0.6747351282112508
2073,0.6747333417764244
2074,0.6743637470587189
2075,0.6741901241413295
2076,0.6739747176096078
2077,0.6739382690769238
2078,0.673760214613238
2079,0.6731717058392674
2080,0.6730584636547445
2081,0.6734888003666971
2082,0.6732935319180617
2083,0.6733289781876048
2084,0.6730997175326137
2085,0.6727054024733755
2086,0.6725534478507669
2087,0.6724219514228533
2088,0.6720983074787819
2089,0.6716921740624593
2090,0.6713877544201565
2091,0.6712002987639001
2092,0.6710673810850014
2093,0.6709229431358879
2094,0.6710194634883181
2095,0.6707284369893463
2096,0.6703824842129542
2097,0.6702580583802558
2098,0.6702536655399811
2099,0.6699330445043141
2100,0.6698672894330215
2101,0.6697615702362412
2102,0.6696311454664023
2103,0.6695862788683642
2104,0.6693549727296072
2105,0.6689437858904475
2106,0.6686438189143991
2107,0.6682067283944528
2108,0.6677379493387626
2109,0.6670883020582832
2110,0.6668684628621842
2111,0.6664529567469542
2112,0.6662865278156518
2113,0.6662964750179641
2114,0.6661121154693512
2115,0.6662577916306606
2116,0.6661416830572691
2117,0.6660255264312878
2118,0.6657125778915645
2119,0.6656278174484307
2120,0.6658778568272977
2121,0.6657054716911193
2122,0.6653551000958764
2123,0.6652397794923732
2124,0.6652579077480014
2125,0.6650654662423015
2126,0.6648123104280643
2127,0.6645767329870428
2128,0.664376143488933
2129,0.6638049947841529
2130,0.6630263285349568
2131,0.6622324638684618
2132,0.6614405056321246
2133,0.6605467328818133
2134,0.6593437751226348
2135,0.6581932323921288
2136,0.6571057550471364
2137,0.6556016631881462
2138,0.6542447287673773
2139,0.6528505489115293
2140,0.6512868008475271
2141,0.6491366693517685
2142,0.6471999846620039
2143,0.6449131389757576
2144,0.6427649332448439
2145,0.6407508187298061
2146,0.6382779978163686
2147,0.6355647895528574
2148,0.6328694928321064
2149,0.6298633719101641
2150,0.6269979657029225
2151,0.6238898283762918
2152,0.6213768246346798
2153,0.6187046996417227
2154,0.6160534651860738
2155,0.6137878394793774
2156,0.6112792134067131
2157,0.6089597955608543
2158,0.6067377343468985
2159,0.6046375920656586
2160,0.6029681432565743
2161,0.6014017862145266
2162,0.5998154053451995
2163,0.5984532404413687
2164,0.5975600844037301
2165,0.5965746985506029
2166,0.5957119641117001
2167,0.5949047077246603
2168,0.5942858306837624
2169,0.593790182617586
2170,0.5935014176877753
2171,0.5932143961186639
2172,0.5925839186997981
2173,0.5923293872414539
2174,0.5918689735031105
2175,0.591220229848619
2176,0.591065656874618
2177,0.5906187880266138
2178,0.5901501482418916
2179,0.5898319966170231
2180,0.5894455542891922
2181,0.5888708185607994
2182,0.5882682019410087
2183,0.587745020447211
2184,0.5870880785635414
2185,0.5862905069490645
2186,0.5858305068684024
2187,0.5847698962862292
2188,0.5840063381108151
2189,0.5831065595500646
2190,0.5822694240861582
2191,0.5811904616842039
2192,0.580015004776844
2193,0.5789063135705528
2194,0.5770718694795018
2195,0.5753415859110148
2196,0.5728684501112502
2197,0.5700651614617955
2198,0.5670277916789446
2199,0.5635488194898375
2200,0.5598484307038573
2201,0.5563708130528044
2202,0.5523763042870589
2203,0.5489537340009495
2204,0.5455757273061222
2205,0.5433870319929999
2206,0.541846989881039
2207,0.5418324843744955
2208,0.5425562525003031
2209,0.5447748477601146
2210,0.548191376695746
2211,0.5521303313075159
2212,0.557246502114876
2213,0.5625447818168958
2214,0.5689854578641675
2215,0.5749320868272534
2216,0.5809155198988697
2217,0.5865690595095436
2218,0.5915333269803249
2219,0.5960149832364374
2220,0.6002853771189056
2221,0.6044814439562938
2222,0.6072277248637263
2223,0.6096751516384962
2224,0.6118070720555596
2225,0.6139720333047549
2226,0.6152552238969075
2227,0.6162548909656551
2228,0.6169166210121437
2229,0.6169445651201362
2230,0.6170687820092434
2231,0.6174597122527717
2232,0.6174061547252774
2233,0.6169088575118489
2234,0.6168275153595566
2235,0.6176356399774057
2236,0.6174204072528426
2237,0.6167317325127746
2238,0.6166164713169222
2239,0.6162131152300512
2240,0.6161920022710825
2241,0.6165416311112846
2242,0.6166836921523919
2243,0.6168326339198387
2244,0.6172275163228237
2245,0.6174126889739822
2246,0.6176044614603107
2247,0.6180137801585649
2248,0.6185370519580091
2249,0.6188235788365257
2250,0.6186934904128474
2251,0.6189147370647582
2252,0.6190674210633458
2253,0.6191887469882944
2254,0.6190455482431247
2255,0.6187435117100488
2256,0.6188779246893964
2257,0.6184829653413836
2258,0.6187377903479025
2259,0.6183036212401747
2260,0.6178140021452028
2261,0.6176015791180707
2262,0.6171306581803195
2263,0.6166879950233091
2264,0.6161219560702599
2265,0.6156681256673943
2266,0.6154996469075389
2267,0.6148625619318525
2268,0.6148630076801684
2269,0.6143073782550821
2270,0.6135234749099565
2271,0.6127018057905609
2272,0.6117501981453295
2273,0.6110558555343744
2274,0.6109504457393385
2275,0.6103316267709847
2276,0.6101068501867137
2277,0.6094303830554478
2278,0.6088067701912295
2279,0.6086637253588754
2280,0.6078937353693634
2281,0.606937242442932
2282,0.6064475944444473
2283,0.6054633137512233
2284,0.6048719187657485
2285,0.6041978615811999
2286,0.6034889525194715
2287,0.6028997176416868
2288,0.6027582311481807
2289,0.6024679058245563
2290,0.601855243756738
2291,0.6008581693360531
2292,0.6004612653325943
2293,0.5994337580401778
2294,0.5988826224791015
2295,0.5983480218613704
2296,0.5978453267703392
2297,0.5976470385766667
2298,0.5970279256412734
2299,0.5963752071409077
2300,0.5955416888312226
2301,0.5946400852380346
2302,0.5940852197243588
2303,0.5931992213907765
2304,0.5922283839488383
2305,0.591600362207944
2306,0.5908661409782713
2307,0.5901395375500023
2308,0.5892912973446915
2309,0.5887682116109838
2310,0.588243311222596
2311,0.5874406539962271
2312,0.5868954310747834
2313,0.5864813562891946
2314,0.586144254001254
2315,0.5860972110989073
2316,0.5857515237847603
2317,0.5850939460148044
2318,0.5847245454273567
2319,0.5845658278193345
2320,0.5841328282857245
2321,0.5838131586910689
2322,0.583043637663697
2323,0.583094081120543
2324,0.582555184602171
2325,0.5828108172495436
2326,0.5835376209164883
2327,0.5830856112587669
2328,0.5828206523090349
2329,0.5829717583562515
2330,0.5830683129037627
2331,0.5831596331681796
2332,0.5828310966520129
2333,0.582657226926413
2334,0.5828928898259684
2335,0.5831988453516526
2336,0.5833530606795689
2337,0.5830234617521881
2338,0.5823770160654242
2339,0.5811568949294474
2340,0.581227961468423
2341,0.5805015777329066
2342,0.5798963556272958
2343,0.5789959885955991
2344,0.5782780896474834
2345,0.5777261544685053
2346,0.5775528832809863
2347,0.5761100195126951
2348,0.5757767798195186
2349,0.5747908386436467
2350,0.5731887372069541
2351,0.5728609710390362
2352,0.5726935931685635
2353,0.5719874153302655
2354,0.5716429376185341
2355,0.5710680671298856
2356,0.5711094582491862
2357,0.5707626316466543
2358,0.5704115637579519
2359,0.5701201614295297
2360,0.5702800828986521
2361,0.5699508120947889
2362,0.5701880318046728
2363,0.5699106634835823
2364,0.569660358971922
2365,0.5691235523244909
2366,0.5686398081680162
2367,0.56785844921227
2368,0.5663303763781472
2369,0.5658409076987737
2370,0.566113386251877
2371,0.5651261262149102
2372,0.5642722312784871
2373,0.5636296977449837
2374,0.5615859205520888
2375,0.5604940547492547
2376,0.5601825466453734
2377,0.5593581674074541
2378,0.5585396623552276
2379,0.5577818314629837
2380,0.5564954737083774
2381,0.555305547685591
2382,0.5551147985725721
2383,0.553804616659589
2384,0.5538188324042472
2385,0.5540456458910401
2386,0.5542238480862975
2387,0.5534688522603116
2388,0.5541088951992723
2389,0.5547291600508057
2390,0.5551298985758067
2391,0.5552814288417993
2392,0.5561463937340689
2393,0.5565220075015589
2394,0.5574536269683662
2395,0.5574330998969076
2396,0.5582441214437288
2397,0.5586356806943209
2398,0.5584710173324763
2399,0.5594269115518336
2400,0.5602144915466736
2401,0.5597700837728414
2402,0.560078929023941
2403,0.5601740414979555
2404,0.5599200176606045
2405,0.5594485947531397
2406,0.5594500934594017
2407,0.5580801941172165
2408,0.55850255542673
2409,0.5584825454336961
2410,0.5581261812536815
2411,0.5568423073545564
2412,0.5563147766417855
2413,0.5548512868067166
2414,0.5538939097412083
2415,0.5543237891399457
2416,0.5536020713610972
2417,0.553559277171074
2418,0.5529127390742177
2419,0.5512289115644942
2420,0.5513383150775466
2421,0.5504419748145969
2422,0.5484439125288665
2423,0.548256310549226
2424,0.5481626817233056
2425,0.548287254372632
2426,0.547833551195352
2427,0.5471827855313707
2428,0.5448613074723088
2429,0.543817520647963
2430,0.5429107393555263
2431,0.5415153618088286
2432,0.5389826752405071
2433,0.5380320690496707
2434,0.5359876983417633
2435,0.5343200153929368
2436,0.5334247322133777
2437,0.5308146985304913
2438,0.5291037201335416
2439,0.5289356429665246
2440,0.5269864545430034
2441,0.5272415064971773
2442,0.525662657707048
2443,0.5252648605771304
2444,0.5241783262398145
2445,0.523406452866287
2446,0.5213322828677536
2447,0.5217219486565419
2448,0.5198751614425737
2449,0.5181659548212245
2450,0.5147740265946092
2451,0.514132319492316
2452,0.5135490445624182
2453,0.5142026360540759
2454,0.5158214039493765
2455,0.5141655674228657
2456,0.5140522683687254
2457,0.5146403444123342
2458,0.5121315100589048
2459,0.5103171177073251
2460,0.5109233836126601
2461,0.5111082979104458
2462,0.5114278252133522
2463,0.511622911561304
2464,0.5101068069018015
2465,0.5075464001385626
2466,0.5073021005533938
2467,0.504233206372107
2468,0.5044815156862401
2469,0.5024936648101958
2470,0.5019497901759686
2471,0.4990155875803912
2472,0.498103142095246
2473,0.4983314218887121
2474,0.49975166736895704
2475,0.5005009985648239
2476,0.4990594756639508
2477,0.49865089888321823
2478,0.4909791656399405
2479,0.48804172201706963
2480,0.4880074907695321
2481,0.489043862155811
2482,0.4863849645944207
2483,0.48465190016214654
2484,0.4817731593645552
2485,0.46440357357735446
2486,0.458117960666349
2487,0.45828061449889834
2488,0.4671786898119142
2489,0.4656193916511384
2490,0.45159834659692993
2491,0.4420449687700809
2492,0.4449861753584959
2493,0.466109535568809
2494,0.4593792198073139
2495,0.4685212047393173
2496,0.4667784177194117
2497,0.46051840243787273
2498,0.4574861945090636
2499,0.4414244530288949
2500,0.45170551436506
