Wavelength,0
350,0.294381364342563
351,0.2943711756595952
352,0.29429549121594717
353,0.29420445554296387
354,0.2940370443885956
355,0.29400895395413384
356,0.29379945345963404
357,0.2935926051711644
358,0.2935692846408969
359,0.293494763102339
360,0.2934111832394716
361,0.29331065759060254
362,0.29324304080700886
363,0.29316797998801714
364,0.29301775461196405
365,0.2928658771001722
366,0.292921779123095
367,0.2928605546999816
368,0.2928173709683291
369,0.2928843938223617
370,0.29280339228550945
371,0.29296528078396034
372,0.29329673573687387
373,0.29338639645796344
374,0.29330763893528017
375,0.29338587377366193
376,0.2935631343595921
377,0.2936446275774839
378,0.2937097965162276
379,0.2939260994258861
380,0.29403182833232355
381,0.2941721374752826
382,0.29429724824449155
383,0.29438521982255456
384,0.29457289595961816
385,0.29478193882103243
386,0.29494311269595486
387,0.2950995046097856
388,0.29526709802386997
389,0.29548211675376074
390,0.29568613185961196
391,0.29593147020931504
392,0.29617003261969743
393,0.29635521135358367
394,0.29651259423396426
395,0.29681300484779066
396,0.29708002857518856
397,0.2972847680321087
398,0.29743408552753453
399,0.2975345598534202
400,0.2977361821516246
401,0.2978962763487076
402,0.2980224552851249
403,0.2981881508682223
404,0.2984075940688432
405,0.29863782959846996
406,0.2988240820957788
407,0.29914021951357345
408,0.2995012051021447
409,0.2998442640126645
410,0.3001675053011073
411,0.3004627893134979
412,0.30080673705906746
413,0.3011181151394293
414,0.3014945257163464
415,0.3018338080354414
416,0.3020882114176259
417,0.30236273587517165
418,0.30267579779000753
419,0.3030312214723107
420,0.30344040959836593
421,0.3039195039181727
422,0.30437913811470846
423,0.3048532544473659
424,0.3052001358580069
425,0.305643084922425
426,0.3061383986437639
427,0.30661744389370527
428,0.307184275356408
429,0.30766299813322723
430,0.30812449772009076
431,0.3085710739370063
432,0.30904719835778405
433,0.30950140708107904
434,0.30990180317179616
435,0.31034825643892533
436,0.31071040408052814
437,0.3110844580964622
438,0.31147064016248593
439,0.31186171144832386
440,0.3122542437350329
441,0.31262936327060203
442,0.31298915979088227
443,0.31349492425686754
444,0.31406132701631
445,0.3146026845758272
446,0.31510503354495006
447,0.3155245722629243
448,0.3159228766141157
449,0.3163482971259865
450,0.31670832148916533
451,0.3170751930396423
452,0.31744674704470743
453,0.3178189773654484
454,0.3182863856480365
455,0.3186414482317779
456,0.318954735860552
457,0.31924439134569516
458,0.31956301692183964
459,0.31985604660357414
460,0.3202117606678661
461,0.3205794120456828
462,0.3209029514397779
463,0.3211568463418104
464,0.32139134056304763
465,0.3216504333947862
466,0.3219035309101055
467,0.3221461993052366
468,0.32238507882146705
469,0.32260791900453545
470,0.32282332365108957
471,0.32305813611677425
472,0.3232880266992515
473,0.32352744361770075
474,0.32377724531843366
475,0.3240344745235897
476,0.32435933253226246
477,0.3246556186362654
478,0.32493420519939004
479,0.3252795316872638
480,0.32566328193940836
481,0.32607296717802553
482,0.32649393274017685
483,0.3268978785370711
484,0.32734125802287206
485,0.32782992428044033
486,0.3283434328398878
487,0.3287851023063426
488,0.3293365760454101
489,0.3298321936466468
490,0.3303005193813562
491,0.3307283212284316
492,0.3311540533772231
493,0.3315988889657982
494,0.3320114397633613
495,0.33244616082745065
496,0.3328428828615081
497,0.3332327916919511
498,0.33364658835055067
499,0.33406820967474776
500,0.33452689679906233
501,0.33496853497690054
502,0.33544596417527633
503,0.3359080123573941
504,0.3363745942856772
505,0.3368075349784114
506,0.3372970462258097
507,0.3378465385200695
508,0.33839331296004516
509,0.3389567211807057
510,0.33958429290601
511,0.340220137585782
512,0.34082879550502265
513,0.34150181987829525
514,0.3422183974700093
515,0.3429358812116351
516,0.3437197844314825
517,0.3445086876363293
518,0.34529500810541847
519,0.3460719144803193
520,0.34682411462072094
521,0.34762197825595365
522,0.34843935089226735
523,0.3492215008709001
524,0.35006725770226027
525,0.3508879704603815
526,0.3516501434278567
527,0.3524450330948282
528,0.3532692958867991
529,0.3540739385544889
530,0.3548439350971349
531,0.3555864181378489
532,0.3563349255869732
533,0.35720014281748164
534,0.35817250624789787
535,0.35902696916547744
536,0.35976891728266164
537,0.36053253541596436
538,0.361304413606016
539,0.36223452261940026
540,0.36310016203418183
541,0.3641149501928952
542,0.3652153040704705
543,0.3662172409934284
544,0.36731817746807466
545,0.368609421218963
546,0.37012737434473875
547,0.37170915640116264
548,0.3731865239916097
549,0.37462103633854255
550,0.37632882569959475
551,0.3780192447648311
552,0.37960699268577325
553,0.3813238450132303
554,0.3829327537073182
555,0.3846379393712669
556,0.3864936025192064
557,0.38838413450986803
558,0.3901952988476614
559,0.391947097652663
560,0.3937838196001834
561,0.39563065563590044
562,0.39744341917999826
563,0.39922000769143756
564,0.4010284431644606
565,0.40278238584336923
566,0.4046949405865081
567,0.4064720822108838
568,0.40822419850166775
569,0.4099644128751039
570,0.4116468566481302
571,0.41340958340066913
572,0.41510728011055753
573,0.41675526242522587
574,0.4183614509689821
575,0.4199256001195523
576,0.4214494963947401
577,0.4229361218273743
578,0.4244171645484749
579,0.42587548805065756
580,0.42728762231067763
581,0.42863371099572783
582,0.42988666607760523
583,0.4311188580216752
584,0.43230408303699946
585,0.43348831124346715
586,0.4346572278849834
587,0.43579530310790104
588,0.4369304580946592
589,0.43807172626838586
590,0.43914425621655095
591,0.44014020096272016
592,0.4410719924985724
593,0.4420196787440269
594,0.4429433935215837
595,0.4438013908894516
596,0.4446551454014965
597,0.44547763085063424
598,0.4462036484624845
599,0.4469179897441178
600,0.4476308777485744
601,0.44833377112025014
602,0.4490205344003822
603,0.4496891511874688
604,0.4503469722955943
605,0.4509975738152826
606,0.4516103864806042
607,0.4522231278420878
608,0.4528168722074078
609,0.4533513346984188
610,0.4538654353375868
611,0.45437394086824573
612,0.454886812974999
613,0.45541074937168463
614,0.45591622532507114
615,0.45638923407814264
616,0.4568300650246287
617,0.4572687504769261
618,0.4576843871115178
619,0.45809362795192854
620,0.45854354183096485
621,0.4589562182955498
622,0.4593522096078707
623,0.45975582133741977
624,0.4601609277326069
625,0.4605581738218014
626,0.46094517509222055
627,0.46132474559072784
628,0.46168025890757225
629,0.4620539364981823
630,0.4624627123681399
631,0.4628321465572126
632,0.46315572108114733
633,0.46347392970998513
634,0.46382478572004254
635,0.4641921566486588
636,0.4645374186979226
637,0.4648715445791995
638,0.4652353921205988
639,0.4655714671826715
640,0.46589146607625653
641,0.46620413717675235
642,0.4664927541322993
643,0.4668180467384907
644,0.467155673954958
645,0.4674660664511965
646,0.4678054657861101
647,0.4681228309182643
648,0.4684144694820706
649,0.4687318498481009
650,0.4690207131914651
651,0.4693263431047679
652,0.46968246812276665
653,0.4700372689337949
654,0.47035048109074507
655,0.4706481126139638
656,0.47097856951069034
657,0.471217780353571
658,0.4714387871053933
659,0.4716989814879912
660,0.4719632332220606
661,0.4722694092516406
662,0.4725676140044389
663,0.47281750025112695
664,0.47308781181200515
665,0.4733607477768347
666,0.47362750465462194
667,0.473892085933916
668,0.47418280537137414
669,0.4744610352230156
670,0.47470775496205136
671,0.47495520487385173
672,0.47521263221903964
673,0.47549816033869
674,0.475816834713418
675,0.4760705658861228
676,0.47630716075486207
677,0.4765685694153893
678,0.4768379694872475
679,0.4770968891889485
680,0.47742536710919936
681,0.47764072956803905
682,0.477949237460795
683,0.47821645319270006
684,0.478476696668385
685,0.4787450842787098
686,0.47906638426865955
687,0.47934645756019456
688,0.4796239760366908
689,0.47986743269463317
690,0.48011044215093146
691,0.4803809293945659
692,0.4806045259780663
693,0.48078226309164
694,0.48100631870461946
695,0.4812807279399298
696,0.48154727170128553
697,0.4817838568455729
698,0.4819726568961591
699,0.4822257445551278
700,0.482394998227039
701,0.48256108634296957
702,0.4827450695243895
703,0.48294709503910255
704,0.48313384652785873
705,0.48327723984046606
706,0.483469980234334
707,0.4836779280688119
708,0.4837784214914944
709,0.48388116764434647
710,0.48404804633219534
711,0.4841908251249859
712,0.484327200481864
713,0.484436234640686
714,0.48450290788228717
715,0.4845926240941386
716,0.4846537055233292
717,0.4846843398839613
718,0.48469747227059445
719,0.4846990854030949
720,0.48470897751931447
721,0.484736845178831
722,0.4847801482418417
723,0.48474416463376047
724,0.484668844322378
725,0.4846748244763947
726,0.4845809941745493
727,0.48453031016296455
728,0.4844873032496541
729,0.48445634106994817
730,0.4843751537263978
731,0.4842096064955712
732,0.48397824769332026
733,0.48379887468985183
734,0.4835673210916053
735,0.4834231539031715
736,0.48324757587471734
737,0.4830969292638921
738,0.48298363157123597
739,0.48288913938639055
740,0.48277084944923576
741,0.482702055004881
742,0.48266631137470495
743,0.4826375114592629
744,0.48261921239213995
745,0.4826043241272065
746,0.4826003636006538
747,0.48261801570397006
748,0.4826406362681196
749,0.48266004045200817
750,0.48269378996189993
751,0.4827850976649918
752,0.4828469052104846
753,0.48289028643847437
754,0.4829504232179092
755,0.48307229848580574
756,0.4831345894117603
757,0.48318543595266294
758,0.4833392793931619
759,0.48356645823887845
760,0.4838097085662252
761,0.4840150295411389
762,0.48418116948683637
763,0.4842455988626068
764,0.48420704698109085
765,0.4841251568026633
766,0.48407878905269536
767,0.4841090080918798
768,0.48418829375191713
769,0.48425638529012127
770,0.48431126732845614
771,0.48441250084129406
772,0.48454970647858586
773,0.4846822590209505
774,0.48475307332606743
775,0.48482325595995496
776,0.48494337970314594
777,0.48507273701488546
778,0.4851997370022899
779,0.4853330161524467
780,0.48548964724139404
781,0.485635393358562
782,0.4858178226638081
783,0.48601260079897357
784,0.4861414165158117
785,0.4862521671194429
786,0.48640282854482686
787,0.4865999043830899
788,0.4867350250502023
789,0.48689152569685756
790,0.48705735559099983
791,0.4872118604424189
792,0.48743628285360246
793,0.4876256306505928
794,0.48776730235856125
795,0.4878937392670286
796,0.48809409329936077
797,0.4882946314726826
798,0.48844818302164894
799,0.4886014402663041
800,0.48877086226649213
801,0.4889150275458115
802,0.48907543483893884
803,0.48921590396091147
804,0.4893663028170983
805,0.4895155485632583
806,0.48964079015088036
807,0.4897320160570426
808,0.4897790903622416
809,0.4898148538823346
810,0.4899103425684712
811,0.48997438778413677
812,0.4900345328766816
813,0.49010607945118007
814,0.49012755067032654
815,0.4901812616802403
816,0.49023985510128304
817,0.4901634593336113
818,0.4901173637732197
819,0.49004298753807335
820,0.48998037799852395
821,0.48989066347615046
822,0.48978044764393014
823,0.48963516560618187
824,0.48948464823052773
825,0.48938501931238165
826,0.48919615953184087
827,0.48892785921698206
828,0.4886641408564969
829,0.48829267867537124
830,0.48787725797078163
831,0.4874425160205027
832,0.4870389990721438
833,0.4866506378298539
834,0.48622383091434407
835,0.4857964094205439
836,0.4854637718965196
837,0.4851320718456962
838,0.48483185806970813
839,0.484574588430125
840,0.4843147947063478
841,0.48408771183510435
842,0.4838966415806917
843,0.4837045718297314
844,0.48351441155933195
845,0.4833414655381574
846,0.4832116175287635
847,0.48310536064247706
848,0.48292391085353403
849,0.48279004522802604
850,0.4827088639054862
851,0.4826089384669061
852,0.48255162032167476
853,0.48246735133910523
854,0.48236988352416177
855,0.4822034328932882
856,0.48209289309897346
857,0.4820051870080182
858,0.4819816551106861
859,0.481879713489432
860,0.4817941643493365
861,0.4817315184862598
862,0.48162934712635774
863,0.4816192772849942
864,0.48161258385201455
865,0.4815580359906877
866,0.48146129391515907
867,0.48148407468429016
868,0.48143167775226925
869,0.48136964893033923
870,0.4814376337023939
871,0.481349128131611
872,0.48125920156157137
873,0.4812837041011755
874,0.4812652118730856
875,0.4812345667967205
876,0.48118131834278166
877,0.48109858849311726
878,0.4811007701573033
879,0.4810717819037167
880,0.4810027455431224
881,0.48089922113957567
882,0.4808382539525239
883,0.4807498039771234
884,0.48077177853692993
885,0.4808180078541138
886,0.4807307486143574
887,0.48064979332131397
888,0.48061587993800914
889,0.480467250894949
890,0.48043288338379175
891,0.48043993694806997
892,0.4803725708898797
893,0.48017694568067415
894,0.4800761814205139
895,0.4800295842916576
896,0.47993793445513977
897,0.4799198750565846
898,0.479883718902213
899,0.4798863701284207
900,0.47982929640384975
901,0.47972418521639
902,0.47959156784608686
903,0.4794908745329699
904,0.4794775099519271
905,0.4793383946839028
906,0.479325210650137
907,0.4792144395402237
908,0.4790157977333555
909,0.47880968602739593
910,0.47867727761971945
911,0.4785040679376093
912,0.47835316168916076
913,0.47806524226802366
914,0.47776089236104297
915,0.4775169143665173
916,0.4770283821769486
917,0.4765906042272226
918,0.4760292223606165
919,0.47542837211776084
920,0.4750540918270884
921,0.47450069690612834
922,0.4738516454741661
923,0.47318670161846155
924,0.4724061882099547
925,0.47157869839186045
926,0.4708389079535884
927,0.47014610839181514
928,0.46912635486228776
929,0.4679339326687165
930,0.46688828128247056
931,0.4656970061047194
932,0.46425784642135304
933,0.4625439528174889
934,0.4603333450025726
935,0.45805197012956606
936,0.45586551498482347
937,0.45358852220877144
938,0.4511841543913005
939,0.4493759782013942
940,0.4474273067387479
941,0.4455371029872837
942,0.44362953736053923
943,0.44156202240438025
944,0.43905168852317383
945,0.43656279292109074
946,0.4342165951539356
947,0.4313435775951427
948,0.4285125788191632
949,0.4257344080176697
950,0.4223316048262074
951,0.418887246861567
952,0.4160309891539318
953,0.413160912176144
954,0.40965107673779605
955,0.4061890786436283
956,0.4027520374032901
957,0.3998259922712167
958,0.39693963258215764
959,0.39369773898915106
960,0.3907918166334364
961,0.38833020916904065
962,0.38599048136756836
963,0.38343720957767274
964,0.38135152436540865
965,0.37944841283975195
966,0.37785987269406524
967,0.37643140555431187
968,0.3755181230927259
969,0.37464911003358486
970,0.37328591826208507
971,0.37239569603648165
972,0.3717360053047117
973,0.3710829020258636
974,0.3704695802342784
975,0.37003275184965007
976,0.3694066672248109
977,0.36875294578095164
978,0.3690044652906007
979,0.3687125049420337
980,0.36816987018672487
981,0.36852678557966084
982,0.36862606506927603
983,0.36891319606047285
984,0.3692357894998196
985,0.3696220356413397
986,0.3703523187438052
987,0.3705134355704521
988,0.3709004052129874
989,0.3715608627253962
990,0.37260210620423345
991,0.3733630915221215
992,0.37427609655101923
993,0.3748105350413329
994,0.37563786873582466
995,0.37697802063464514
996,0.3780540076915892
997,0.37869873591333547
998,0.38051572675290063
999,0.38207866300041854
1000,0.38274210125398167
1001,0.38048236856005074
1002,0.38194791514207527
1003,0.3833325205712369
1004,0.38484489181268194
1005,0.38637440860454664
1006,0.3878481948422794
1007,0.38952385767905334
1008,0.3913249554749704
1009,0.39316085338255313
1010,0.39496500729150125
1011,0.39672905805023867
1012,0.3985073419068562
1013,0.40035205154606635
1014,0.40221378444566436
1015,0.4039269149219866
1016,0.4057973945458927
1017,0.40760937661644087
1018,0.4094638983877467
1019,0.41132827691495216
1020,0.4134285111467029
1021,0.41529477528584613
1022,0.4170118212280922
1023,0.41897333618997445
1024,0.4207798001588423
1025,0.42265517349248766
1026,0.42456227173929845
1027,0.4262923453409148
1028,0.4279659907515684
1029,0.42978970052373144
1030,0.43137337692813976
1031,0.4328879425256355
1032,0.4344791667034186
1033,0.43606018439436967
1034,0.43770421799174675
1035,0.4394490544229226
1036,0.44098307764435296
1037,0.44236903461314725
1038,0.4434891789560707
1039,0.4447284685060416
1040,0.4461511626449024
1041,0.44734736859447405
1042,0.4484979903438891
1043,0.44972822127275214
1044,0.45084466974409626
1045,0.4520350409366987
1046,0.45320740245932134
1047,0.45439999046660684
1048,0.4553412417508332
1049,0.456307661796587
1050,0.4570486694817327
1051,0.45775502011926444
1052,0.4585471264696711
1053,0.4593520522096929
1054,0.4600359232741544
1055,0.4607481735955533
1056,0.4615389546875737
1057,0.46219876297521784
1058,0.4626513418201779
1059,0.4631497479895358
1060,0.4636310345617231
1061,0.4640171883108621
1062,0.464353623886988
1063,0.4649137490833705
1064,0.46527765095008794
1065,0.4655901380645446
1066,0.46586232849914305
1067,0.46601369251295827
1068,0.4661616105996472
1069,0.46636567652217104
1070,0.4665565946537043
1071,0.46656379284939403
1072,0.4664852217414672
1073,0.46650170275524555
1074,0.4664129315578785
1075,0.46628742579867277
1076,0.46614903089903825
1077,0.46597220826418984
1078,0.46572211752643705
1079,0.4654919044450481
1080,0.4653355168285165
1081,0.46509066682493666
1082,0.46485196551580354
1083,0.4645262895105412
1084,0.46398224965279133
1085,0.4635651122790646
1086,0.4630777717230541
1087,0.4626902489687033
1088,0.46224770378046737
1089,0.4616593913968527
1090,0.46102980157970325
1091,0.4604231514624725
1092,0.4598033803736267
1093,0.4591309275435995
1094,0.45848906324618993
1095,0.4579157194108769
1096,0.4572334463376503
1097,0.4564286712124165
1098,0.4556015997117339
1099,0.45486050049539667
1100,0.45411539292969477
1101,0.45334265680748076
1102,0.4524759645995213
1103,0.4516869586500046
1104,0.45077239832226507
1105,0.4499650869188046
1106,0.44911723336457726
1107,0.44840956776189905
1108,0.44756565638403467
1109,0.4467867588532074
1110,0.44593228659889733
1111,0.4451099991480614
1112,0.44420210224246226
1113,0.4434215326060246
1114,0.4426554190809437
1115,0.44167036143297594
1116,0.4405105162027298
1117,0.43933133285968945
1118,0.4381813339037066
1119,0.4367360054864993
1120,0.43523976538648035
1121,0.4337682896154587
1122,0.4317395673804252
1123,0.4295132270114616
1124,0.4267758063697674
1125,0.4243327784631237
1126,0.4214842463665454
1127,0.41856523817457436
1128,0.4154005315352053
1129,0.41207427609874286
1130,0.408830865665092
1131,0.40491207083743946
1132,0.4010779808683406
1133,0.396566443255368
1134,0.39236887026967604
1135,0.3880908568700859
1136,0.3832121030541043
1137,0.3786608625654191
1138,0.3741958147609426
1139,0.36944228377366595
1140,0.3646811851527126
1141,0.35970089409294254
1142,0.3545293367476021
1143,0.34925504158290854
1144,0.3435070170557902
1145,0.3376117968547146
1146,0.33132399097051846
1147,0.32484443580710765
1148,0.31826963335627273
1149,0.312337390241555
1150,0.30692531282572455
1151,0.3019449425715916
1152,0.2973508405900421
1153,0.29340033944907445
1154,0.28968990826634833
1155,0.28632256529153005
1156,0.283473886810352
1157,0.2809667088986312
1158,0.27870024251189257
1159,0.2765384498769026
1160,0.27452411333769916
1161,0.2724753451046554
1162,0.27088881708479357
1163,0.2694999320655069
1164,0.26816784061759513
1165,0.2669326309992554
1166,0.2658154308713691
1167,0.26490332477463263
1168,0.2640091776118542
1169,0.2632161680915678
1170,0.2625097814730414
1171,0.2618240296696263
1172,0.2611274740189416
1173,0.2606097877814103
1174,0.2601038796081707
1175,0.25955560988078896
1176,0.25909279321584555
1177,0.2586592140413695
1178,0.2581936357041406
1179,0.25778969965166815
1180,0.2574879378201585
1181,0.25715511975932637
1182,0.2568357999006385
1183,0.2565251270729063
1184,0.25621816230853167
1185,0.25595552979649205
1186,0.25569111317821924
1187,0.2554537204588982
1188,0.2552305747397826
1189,0.25513110280527607
1190,0.2549653954017715
1191,0.25479034849656995
1192,0.25477037704342836
1193,0.25467157811356483
1194,0.25462562140417305
1195,0.25458947689124195
1196,0.25455195280837256
1197,0.25445276253778426
1198,0.25451491587748637
1199,0.2546678195376236
1200,0.25479542632995944
1201,0.25501492130669867
1202,0.25518950178881195
1203,0.2552811764618538
1204,0.2555008859600732
1205,0.2557715321911133
1206,0.2560639334700539
1207,0.25644122035710226
1208,0.2568019091121884
1209,0.25710506271441813
1210,0.25755006638025785
1211,0.2580420557498755
1212,0.25852399728522946
1213,0.2591496280976933
1214,0.25979622501453986
1215,0.260356826109738
1216,0.2608809267737007
1217,0.2614482765621865
1218,0.26196998911602226
1219,0.26253959873400695
1220,0.2631855613007363
1221,0.2637945499405117
1222,0.2643470542379233
1223,0.2649876834322163
1224,0.2656791361169447
1225,0.2663570001827086
1226,0.26711118317415844
1227,0.26781907075772576
1228,0.2684326800661863
1229,0.26914568042193454
1230,0.2698757618358166
1231,0.2706039393954244
1232,0.2714250663168644
1233,0.2723232352642426
1234,0.27316528782738403
1235,0.27393378677544383
1236,0.2747436851118331
1237,0.2756275769665825
1238,0.2764501250786485
1239,0.277267860573502
1240,0.27808082990102745
1241,0.2788732668018162
1242,0.2796911804026519
1243,0.2805035370508568
1244,0.2813349164719984
1245,0.28223811272859584
1246,0.28306882607652123
1247,0.2838253840770468
1248,0.2846646492364605
1249,0.2855549897625809
1250,0.28637504082904097
1251,0.2871946057784923
1252,0.28811249866917316
1253,0.28881931476367256
1254,0.28946841248750915
1255,0.2901623515102383
1256,0.29085578938509105
1257,0.29150992482223526
1258,0.2922017147771806
1259,0.2928056013443805
1260,0.29330655424880214
1261,0.2938622458896807
1262,0.2943730245526092
1263,0.29494152251453876
1264,0.29561526727156967
1265,0.2961520052889944
1266,0.29656418564299897
1267,0.29707947482159597
1268,0.29756886304936525
1269,0.2980050818531189
1270,0.2985715419554111
1271,0.2989255732297243
1272,0.2990282797499653
1273,0.2992009378356838
1274,0.29935745196711316
1275,0.29943887225215476
1276,0.29948184978472825
1277,0.2995460230596036
1278,0.29948328303773225
1279,0.29931225985450804
1280,0.2991374579886752
1281,0.2989540399865138
1282,0.29865145860732983
1283,0.29826174225218827
1284,0.297856305991584
1285,0.29740208433852244
1286,0.2968549336981321
1287,0.2962728902408581
1288,0.29560265840477196
1289,0.2947663244415336
1290,0.29398227574682256
1291,0.293230030540959
1292,0.2923484658035409
1293,0.29139778381617
1294,0.2903982117205536
1295,0.28925148496753744
1296,0.2881137393797079
1297,0.28695568273255906
1298,0.28576187647762374
1299,0.2845310413736213
1300,0.2832761141609952
1301,0.28191513843540034
1302,0.2805063390024935
1303,0.2789894001020126
1304,0.2772942005466157
1305,0.2756239925056882
1306,0.27391080373590365
1307,0.2721210509482748
1308,0.2702917393292749
1309,0.2683629884354079
1310,0.26636335095453195
1311,0.26429158862324637
1312,0.26206325044271556
1313,0.2598898668931924
1314,0.25769917025569855
1315,0.2554844775707804
1316,0.2532899609295298
1317,0.25090156116419776
1318,0.24839535345498734
1319,0.24597466496967751
1320,0.24353025613566837
1321,0.24117293108272864
1322,0.23885501202569184
1323,0.23656145975910836
1324,0.2342298524835933
1325,0.23179138994727283
1326,0.22934437593475385
1327,0.2268626243349949
1328,0.2242798725403978
1329,0.221613266715294
1330,0.21886824773977984
1331,0.21600480157592594
1332,0.21320666155702273
1333,0.21039035042100543
1334,0.2077004547935461
1335,0.20506924139409777
1336,0.20268618380343065
1337,0.2004273474313139
1338,0.19839683692289753
1339,0.1965033221909592
1340,0.19484850515714594
1341,0.19339935129784228
1342,0.19182593172234444
1343,0.19042632648385815
1344,0.1889916053743387
1345,0.18744877970122925
1346,0.18596050980442402
1347,0.18448638815182475
1348,0.18386025460579114
1349,0.183139262572252
1350,0.18189644054821197
1351,0.18062876250755425
1352,0.17998890541412155
1353,0.17790449290449623
1354,0.17820148375126266
1355,0.1770302270884728
1356,0.17842885751842055
1357,0.17756202190058204
1358,0.1802401238245375
1359,0.1805491312741404
1360,0.18095509179237634
1361,0.18296239459907662
1362,0.18764044470566155
1363,0.1957785561151038
1364,0.20508002832844754
1365,0.20614833236402028
1366,0.20058500716323657
1367,0.19593745956893602
1368,0.17776840174346928
1369,0.1794817879106633
1370,0.17592480436866773
1371,0.17000641444458048
1372,0.16502976259416322
1373,0.16238224321438666
1374,0.1616159057455004
1375,0.16001194343623018
1376,0.15656327497211828
1377,0.15203294102794082
1378,0.1479882902147657
1379,0.14606982658487114
1380,0.14412632562021518
1381,0.1462515981831883
1382,0.144858737507708
1383,0.14853282562517256
1384,0.1424049183733987
1385,0.13496183843014442
1386,0.12861241931771544
1387,0.12064238230547301
1388,0.11450516594849047
1389,0.11365220910725157
1390,0.10898800831855054
1391,0.10748491429804741
1392,0.10226637180258533
1393,0.09723766497241533
1394,0.09416855558204898
1395,0.09027764912048224
1396,0.08615440111624978
1397,0.08363492984427606
1398,0.08104294328646196
1399,0.07920825859101195
1400,0.07670004005084392
1401,0.07497618648319357
1402,0.07105081371728723
1403,0.06859842838208723
1404,0.06519170693151406
1405,0.06371549073492022
1406,0.06153164502900813
1407,0.05898619648522648
1408,0.05624884135643007
1409,0.05403954469742543
1410,0.052369451204816196
1411,0.050953327082819674
1412,0.049591753963114764
1413,0.048816209223912395
1414,0.048198449278608925
1415,0.04712841574638492
1416,0.04608862259738603
1417,0.04536979876790225
1418,0.044787134963416304
1419,0.04396347512777084
1420,0.04328026835274589
1421,0.0430416895001023
1422,0.042432880374903295
1423,0.04201243485487028
1424,0.04233502302939988
1425,0.04188242621559789
1426,0.041547446103168025
1427,0.04129601296885208
1428,0.040717290790350025
1429,0.04043976886909135
1430,0.040733482502203794
1431,0.04055059410136922
1432,0.04042168221531424
1433,0.0401304514496625
1434,0.03982728923321536
1435,0.039651533015344256
1436,0.03948091305162241
1437,0.03932625713657526
1438,0.039492574922771306
1439,0.039310378272434145
1440,0.03911130110156573
1441,0.03912915179242529
1442,0.039076590007932434
1443,0.03887620853766287
1444,0.03877624660164468
1445,0.0388922222298126
1446,0.03884751360599747
1447,0.03879153570644838
1448,0.03885265681765504
1449,0.03880292022031272
1450,0.038824533749665026
1451,0.03892426868168835
1452,0.03892925781057333
1453,0.039069808333432675
1454,0.03916233499760754
1455,0.03914657549241305
1456,0.039138037074048844
1457,0.039139911866516185
1458,0.039137176549997925
1459,0.03913543578273823
1460,0.03921292847895534
1461,0.039256559977594245
1462,0.03941602366191735
1463,0.03957389789639298
1464,0.0398173182107088
1465,0.0400278763820153
1466,0.040174250270087204
1467,0.04015100499770845
1468,0.04024043190350006
1469,0.04051808069057565
1470,0.04060469801725474
1471,0.04081510989306049
1472,0.04110258303332833
1473,0.041357715937000813
1474,0.04160941220150857
1475,0.041829833461519514
1476,0.042067851995365724
1477,0.04238282474042678
1478,0.0427670859602668
1479,0.04306377236143333
1480,0.043416560724834234
1481,0.043661922782142246
1482,0.04398777854695276
1483,0.04441776728019009
1484,0.04482313507759628
1485,0.045183844326910444
1486,0.04562754205532485
1487,0.04602761404337643
1488,0.04640101561921387
1489,0.046903125298530864
1490,0.04706797719534872
1491,0.04737571021460338
1492,0.04778308131535182
1493,0.048234757793554385
1494,0.0487756206623762
1495,0.04921867207720026
1496,0.049588155211117875
1497,0.04999503506984832
1498,0.05045187470007205
1499,0.0508879834342198
1500,0.05130374006514557
1501,0.05178131357594651
1502,0.052279024167894095
1503,0.05277677837138145
1504,0.05336875744189856
1505,0.05399943286899693
1506,0.0545787749671897
1507,0.05513481227538227
1508,0.05572133471399168
1509,0.05627826002322787
1510,0.056840343010073305
1511,0.05729552274125933
1512,0.05763594134429429
1513,0.058148509638501
1514,0.05879531977111579
1515,0.059357576628548014
1516,0.05998517445450786
1517,0.06054281678584293
1518,0.06107555161432431
1519,0.0618156072659007
1520,0.062482473879225356
1521,0.06302067004142545
1522,0.06364292048565151
1523,0.06433972800832041
1524,0.06509240830253382
1525,0.06576912664820815
1526,0.06637749537306924
1527,0.06705719629868666
1528,0.06766650430007463
1529,0.06834453344705196
1530,0.0689761301369893
1531,0.06959161302794147
1532,0.07015028217579113
1533,0.07077518969699549
1534,0.07141078814878607
1535,0.07199451349291862
1536,0.07259281616773124
1537,0.0732741242843429
1538,0.07396197358735308
1539,0.07466337397402699
1540,0.07536523744658233
1541,0.07606210086756166
1542,0.0767120652871469
1543,0.0773892781232323
1544,0.07801025798053049
1545,0.07864815138695955
1546,0.07931209913959619
1547,0.07998308212444122
1548,0.08061608035919426
1549,0.08131610218861669
1550,0.08205744243729171
1551,0.08275615200744135
1552,0.08344939040528275
1553,0.08424404959688567
1554,0.08484433456738812
1555,0.08545353127686019
1556,0.08614296168106922
1557,0.08685740400810732
1558,0.08757746653898592
1559,0.08837051224315172
1560,0.08904914774233405
1561,0.08970489800264957
1562,0.09035731674516652
1563,0.09096101592935407
1564,0.0916466375785265
1565,0.09240673654417797
1566,0.09299874603954446
1567,0.09344604402928094
1568,0.09399816349670075
1569,0.09468886296096893
1570,0.09537773239477629
1571,0.09600867097637439
1572,0.0967281357300022
1573,0.0975149341211488
1574,0.098229892803033
1575,0.09891158677001119
1576,0.09965132594468168
1577,0.10038495409061249
1578,0.10107584238825588
1579,0.10184900001408244
1580,0.10248058442869624
1581,0.10296924157992322
1582,0.10354689149316726
1583,0.10409929524748326
1584,0.10472884580072196
1585,0.10541364821586865
1586,0.10605872698525783
1587,0.10672409356762842
1588,0.10732203690637282
1589,0.10786250379112727
1590,0.10845931455681136
1591,0.10904091253970653
1592,0.10971077279959121
1593,0.11038276020076807
1594,0.11094072596785602
1595,0.1114637254342974
1596,0.11200301784649075
1597,0.11248005153148201
1598,0.11303438000827332
1599,0.11365499489896243
1600,0.11424817553975648
1601,0.11491787806961143
1602,0.11552503690454288
1603,0.11610561905980972
1604,0.11673120772891882
1605,0.1173154200942003
1606,0.11795407903579459
1607,0.11870865358129915
1608,0.11928483111185081
1609,0.11974061775156085
1610,0.12025883923678442
1611,0.12076032443836583
1612,0.12129322763172998
1613,0.12184434774398244
1614,0.1223970064945776
1615,0.12288450711210784
1616,0.12338585242072041
1617,0.12394052719609391
1618,0.12441851904400734
1619,0.12481140258568552
1620,0.12530822826914279
1621,0.1257454804818984
1622,0.1262172959421498
1623,0.12686775501224695
1624,0.12739680909183113
1625,0.12799704547361107
1626,0.12847788273269192
1627,0.12883865451478282
1628,0.12928937507117497
1629,0.12974954389276394
1630,0.13018200615217101
1631,0.13054190225472886
1632,0.13101925818230734
1633,0.13149290809923078
1634,0.1319362313694355
1635,0.13243686029952187
1636,0.13284307587269173
1637,0.13327921721069372
1638,0.13365021990868134
1639,0.13402551501104537
1640,0.13442942651097115
1641,0.13486570504730316
1642,0.13526175808592827
1643,0.13569109766351742
1644,0.13610892697544658
1645,0.13640075384657047
1646,0.1368520446841977
1647,0.13740836071492182
1648,0.1378219890570745
1649,0.1382036833572071
1650,0.13854824810407085
1651,0.13873742441260728
1652,0.13904628729926333
1653,0.13944341762513618
1654,0.13976106566810959
1655,0.14007063652241458
1656,0.14037935333482043
1657,0.14066527105525867
1658,0.14090655359029255
1659,0.14110711947760238
1660,0.14139460408725776
1661,0.14168837623584177
1662,0.14184897786765405
1663,0.14198735493398448
1664,0.14220800829251629
1665,0.1423891316498887
1666,0.14256618396558443
1667,0.142691142412489
1668,0.14286361972791778
1669,0.1430642709882575
1670,0.14319842015229067
1671,0.14338437917523686
1672,0.14351085271518044
1673,0.1436403546237342
1674,0.14376427070496883
1675,0.14393998756718346
1676,0.14403782658515601
1677,0.14396881387616073
1678,0.14396544902182726
1679,0.14396215147040117
1680,0.14395235507157636
1681,0.14398042169187833
1682,0.14392313619663386
1683,0.14369398295612318
1684,0.14371818929042587
1685,0.14374203808458202
1686,0.14376921875320076
1687,0.143569263133773
1688,0.14355968260240226
1689,0.14350105275903247
1690,0.1434403612338798
1691,0.14337832023066563
1692,0.1431388960726456
1693,0.1429488741728608
1694,0.14271471814468706
1695,0.14247826715501663
1696,0.14227596878634372
1697,0.14199906379002025
1698,0.14168227617695772
1699,0.1413649314503356
1700,0.141145523326399
1701,0.14080119571490368
1702,0.14051554877696104
1703,0.14020055735222664
1704,0.13986039504795875
1705,0.13952596296237998
1706,0.13907398050259784
1707,0.13857152898695624
1708,0.13810883758139328
1709,0.13769241317273515
1710,0.1372723727200033
1711,0.13692903815297675
1712,0.13656812539784285
1713,0.136025904593414
1714,0.13544007866484803
1715,0.13490720409104667
1716,0.13441667245112637
1717,0.1338943770173039
1718,0.1333387145900106
1719,0.13274256126070882
1720,0.13207902512110567
1721,0.1315683584357243
1722,0.13111632258522798
1723,0.1305221590528561
1724,0.12966059760356016
1725,0.12901324587558266
1726,0.12836579257311276
1727,0.12777306593131482
1728,0.12711006462322
1729,0.12648416283758018
1730,0.12584076224401636
1731,0.12517071527137028
1732,0.1245338180111493
1733,0.1238029634406319
1734,0.12305566645948769
1735,0.1222654156786928
1736,0.12132772490468823
1737,0.12038159740262458
1738,0.11964995168992684
1739,0.11886574657336511
1740,0.11805254887308449
1741,0.11729393453500515
1742,0.11644021995714433
1743,0.1155737366884017
1744,0.11470237587217286
1745,0.11386646919418401
1746,0.11301290252132716
1747,0.1123146062373771
1748,0.11146718286127776
1749,0.11059741628592137
1750,0.11002232270736277
1751,0.10922856925840885
1752,0.10840960324653877
1753,0.10769169220337654
1754,0.1067427973962603
1755,0.10579716697325878
1756,0.10477297650172177
1757,0.10406361066365051
1758,0.10346046330809772
1759,0.10261722829881743
1760,0.10192167318566456
1761,0.10132605059689141
1762,0.10065104709804239
1763,0.09964510613950814
1764,0.09893491225708803
1765,0.09812875575293172
1766,0.09747949360684856
1767,0.09694242756379119
1768,0.09628315032787291
1769,0.09565472770061834
1770,0.0949748966812549
1771,0.09434436440278438
1772,0.09381667105641782
1773,0.0931269316417627
1774,0.09250519356379006
1775,0.09198402854520127
1776,0.0912711994092015
1777,0.09074840657708638
1778,0.09016229789597119
1779,0.0899289854248659
1780,0.08939678268670384
1781,0.08914829299533426
1782,0.0886577011711797
1783,0.08820909311057389
1784,0.08764745647901082
1785,0.08724530399625574
1786,0.08701012626621289
1787,0.0865039664958149
1788,0.08630834976870394
1789,0.08624674923221015
1790,0.08592788483734289
1791,0.0858279522751571
1792,0.08557895014282141
1793,0.0851827847556158
1794,0.08501459344833184
1795,0.08474398329233017
1796,0.08466854735505437
1797,0.08494802883649961
1798,0.0845038432892833
1799,0.08471326661712629
1800,0.08467796196066207
1801,0.08596362608907923
1802,0.08570363590557777
1803,0.08577516573524091
1804,0.08551175204655083
1805,0.08555775178363395
1806,0.08548699965817992
1807,0.08534994382929448
1808,0.08575258557012741
1809,0.08641202156970468
1810,0.08650550476817957
1811,0.08703814564696637
1812,0.0869231715756495
1813,0.08667317393498154
1814,0.08684919562549687
1815,0.08704479403842114
1816,0.08824593845212696
1817,0.08923606924263144
1818,0.09084575014457334
1819,0.09118182486578633
1820,0.09186924951066883
1821,0.09251226515576003
1822,0.09270605077044082
1823,0.09302786554455217
1824,0.0950087742894872
1825,0.09571066427706063
1826,0.0968164565826357
1827,0.09924858713188169
1828,0.10200329570928413
1829,0.11010476633790729
1830,0.1144663842737617
1831,0.12141950926113802
1832,0.1278246546860651
1833,0.13954217996281973
1834,0.16198386382717267
1835,0.19216584340166637
1836,0.22149057289965388
1837,0.25416787113412187
1838,0.2820406752860833
1839,0.3114079637727073
1840,0.3642087323113855
1841,0.3701429918494829
1842,0.3434223343478803
1843,0.3526296403498205
1844,0.3532783632494619
1845,0.3415216686445852
1846,0.36055335158157586
1847,0.36196736684047476
1848,0.38258567298469454
1849,0.3810038933519388
1850,0.37339138494990176
1851,0.36100450427026287
1852,0.3784467875365584
1853,0.38312919913102433
1854,0.3952750053207896
1855,0.39599188519449363
1856,0.3575721321285934
1857,0.3450961290797727
1858,0.29949324830673507
1859,0.27853202975463687
1860,0.27158446945140013
1861,0.25787110403178254
1862,0.2455670381306437
1863,0.23852747294590237
1864,0.22063086821318723
1865,0.2473485968576453
1866,0.27840341249071093
1867,0.2732626869789518
1868,0.2628363093785372
1869,0.26765456323684256
1870,0.27823564954730057
1871,0.2873326239111376
1872,0.28543294977792766
1873,0.28065910679491834
1874,0.2733828336875097
1875,0.246419526625062
1876,0.21237082329152185
1877,0.1915150625072684
1878,0.1624116401753897
1879,0.1394911504409307
1880,0.1171313431080196
1881,0.11525815953168562
1882,0.10644530512595587
1883,0.10338915146030368
1884,0.1019717591616387
1885,0.09791083286312215
1886,0.09645268357040981
1887,0.08784233464735397
1888,0.08300487993016406
1889,0.08725157649993322
1890,0.08719932077884962
1891,0.08449654220589953
1892,0.08642507096614473
1893,0.08635776036038856
1894,0.0844511715364868
1895,0.0868362408456538
1896,0.09293609043503159
1897,0.09487832339433096
1898,0.10146582063083608
1899,0.10824247183773573
1900,0.1164595164725731
1901,0.14107839278230902
1902,0.16290320129462457
1903,0.175274445728141
1904,0.1869481587777973
1905,0.20167959502511904
1906,0.19053206627515204
1907,0.18171889436736427
1908,0.16033159922770732
1909,0.1446360134431561
1910,0.13026033359645595
1911,0.11342878449777624
1912,0.10569289576335976
1913,0.0937392219338803
1914,0.08157150298589759
1915,0.06703952781837738
1916,0.06057064379552851
1917,0.0544548211934871
1918,0.05083140850066096
1919,0.04827906349713044
1920,0.0461535242485536
1921,0.04384283488512079
1922,0.043366099379956245
1923,0.04245465171651188
1924,0.04111624450016775
1925,0.03982909808994338
1926,0.03887631568415605
1927,0.038294624734136924
1928,0.03739335983675123
1929,0.037068769740513575
1930,0.035706192383089363
1931,0.035394269149263316
1932,0.03445834426878039
1933,0.03416742935232503
1934,0.033965623393081
1935,0.033992822466433224
1936,0.03343898780221036
1937,0.03259548277085707
1938,0.032380776815540906
1939,0.031648451551730336
1940,0.031432926078260384
1941,0.031194602445276345
1942,0.031017555831733844
1943,0.03079291983782653
1944,0.030838850256926786
1945,0.030559783847424072
1946,0.030252191779464355
1947,0.030679515091567567
1948,0.030993267909733793
1949,0.03082369494505825
1950,0.030941645192919757
1951,0.03110793502349732
1952,0.03102769031849915
1953,0.030458448476939865
1954,0.0304083297655967
1955,0.030461585300819754
1956,0.030879084886764
1957,0.030727601866021456
1958,0.030617281894162417
1959,0.030377388660795694
1960,0.030241553208078396
1961,0.030125703002831117
1962,0.029822759642522206
1963,0.02967899893237033
1964,0.029798307227773803
1965,0.029891517471584236
1966,0.029929894828220078
1967,0.030071756985991814
1968,0.030033262861981273
1969,0.029954633273811784
1970,0.030035288699762328
1971,0.03020370274053885
1972,0.03016966239523182
1973,0.030197656797236398
1974,0.030298167230546305
1975,0.030289825561289715
1976,0.030385791158071888
1977,0.03011885517279611
1978,0.03016096866909284
1979,0.03052028927112178
1980,0.030472313734316546
1981,0.030438822796314928
1982,0.03039279028508899
1983,0.030523335121642473
1984,0.030599733346288762
1985,0.030583568564267145
1986,0.03081888016750165
1987,0.030773193225180583
1988,0.030736878420793846
1989,0.030909826613412225
1990,0.031045487496697107
1991,0.031088866365115122
1992,0.031325536102225895
1993,0.03141521055879536
1994,0.03161017616998739
1995,0.0318338419286723
1996,0.0318945008545972
1997,0.03205103927997903
1998,0.0322620772862526
1999,0.032541539763616435
2000,0.03271609887693767
2001,0.032896162690014615
2002,0.03313802217059979
2003,0.03325312529200858
2004,0.03362464770837946
2005,0.03378695926291233
2006,0.03413527233377706
2007,0.03442437363440565
2008,0.03437198177089884
2009,0.03424822332340875
2010,0.03449680817574732
2011,0.034458398751194746
2012,0.034525108324613446
2013,0.0348645681775017
2014,0.03500480886491518
2015,0.034966413745294495
2016,0.035165339924674924
2017,0.035276226545004515
2018,0.03524207947097767
2019,0.0350992547418044
2020,0.03538834962112776
2021,0.03544432857894721
2022,0.03540187455401187
2023,0.035557579010412184
2024,0.035589804853529264
2025,0.03555466639516308
2026,0.03573932092689044
2027,0.035775608234565694
2028,0.03587602032569673
2029,0.03592170973933168
2030,0.03609706536964125
2031,0.036177745913362674
2032,0.03627337375874155
2033,0.03656073116209415
2034,0.0366249307985212
2035,0.03662684647760482
2036,0.03672410086732262
2037,0.036895396633999114
2038,0.03702615590050438
2039,0.03720622350514328
2040,0.037233198465384275
2041,0.03737451003480029
2042,0.037484897693615765
2043,0.03766266602278972
2044,0.037926706112809176
2045,0.03803929058555743
2046,0.038099889817236623
2047,0.03826997824772601
2048,0.03840953675349201
2049,0.03861150575041796
2050,0.03872855431415505
2051,0.03896091045480086
2052,0.0391951142804963
2053,0.03940827331233157
2054,0.03934905245783644
2055,0.03946749749158974
2056,0.03965493268525005
2057,0.03983969476856086
2058,0.04026305531133156
2059,0.04020378456458536
2060,0.04032943319107409
2061,0.04058595118626599
2062,0.0407655873124765
2063,0.04080174038510476
2064,0.040795694040522544
2065,0.04081820439498247
2066,0.04095555562896324
2067,0.04119259009557908
2068,0.04133663704272809
2069,0.04157896630262392
2070,0.041743496511245155
2071,0.0418533047134021
2072,0.041906501668873504
2073,0.04192749081373535
2074,0.04216426569283705
2075,0.042183809312786084
2076,0.042359337962472925
2077,0.0424902186238515
2078,0.04280105161163308
2079,0.042947260170892544
2080,0.04311157947464226
2081,0.043136414177523855
2082,0.04337380572857137
2083,0.04363576452121968
2084,0.04384746762622759
2085,0.04389470248291283
2086,0.04395633684706316
2087,0.044123565177900406
2088,0.044235573466782786
2089,0.04435180234777975
2090,0.04446513173665771
2091,0.04498964590086274
2092,0.04504752979798679
2093,0.04511517940617684
2094,0.04516639817897703
2095,0.045351308654330895
2096,0.04555911459654146
2097,0.04572325767746456
2098,0.04570974061115157
2099,0.04586192803096211
2100,0.046018337877420594
2101,0.04629224669806562
2102,0.04648928197370889
2103,0.046746352647463886
2104,0.04698712644148983
2105,0.04713249030907565
2106,0.04707002043249491
2107,0.04724396137125607
2108,0.047487581785770366
2109,0.047550427794538275
2110,0.04762304209840262
2111,0.04780691848207015
2112,0.047907220780189254
2113,0.048010796498544006
2114,0.048268211278012736
2115,0.04842076795246437
2116,0.04856056012461144
2117,0.048761793748720576
2118,0.048938803589997026
2119,0.0491904509162593
2120,0.0494243742483405
2121,0.0495499215513487
2122,0.04955105396530949
2123,0.04980771799136052
2124,0.0498752816541815
2125,0.04989050360649355
2126,0.05002038647120217
2127,0.050291920486533574
2128,0.05036131507833826
2129,0.05033638213822393
2130,0.050404091387698496
2131,0.05066277323757025
2132,0.05082365289394535
2133,0.05104708547452704
2134,0.05115248097194154
2135,0.05140891843634349
2136,0.051368957565300764
2137,0.05154231768734149
2138,0.051552923026425515
2139,0.05173333894104619
2140,0.05173619328058019
2141,0.051996441911686994
2142,0.05227558201866176
2143,0.05230001025256674
2144,0.05239141105185472
2145,0.052538867752459084
2146,0.052558521329377675
2147,0.052570422381893925
2148,0.052676222148953976
2149,0.05270488466420292
2150,0.05284825172117167
2151,0.05294195030177559
2152,0.05298418825186527
2153,0.05311161538910047
2154,0.05314459356917162
2155,0.053181378352766207
2156,0.05346040340033681
2157,0.05334461372708108
2158,0.05339078915097181
2159,0.053589242320780855
2160,0.05372533635460586
2161,0.05389487097813725
2162,0.054148093594146
2163,0.05413911242892534
2164,0.054231430648026595
2165,0.054191139242077434
2166,0.05427397090085868
2167,0.054237879969050266
2168,0.054268074744300364
2169,0.05439683661820778
2170,0.054560775984954187
2171,0.054566131341907
2172,0.05460862006123328
2173,0.05457325390675701
2174,0.05480857023237653
2175,0.05484433429607764
2176,0.055058377571639755
2177,0.05503126318611108
2178,0.05490270127179818
2179,0.05493626589484577
2180,0.05508549298264051
2181,0.05505816761070536
2182,0.055269424765396556
2183,0.055247879179958104
2184,0.05532962434437162
2185,0.055522322680798
2186,0.05564521351097965
2187,0.05578238526780873
2188,0.055640923863822474
2189,0.055713186200038366
2190,0.05593605716150108
2191,0.05604767982764021
2192,0.05589314343903698
2193,0.05589958101536476
2194,0.05600688862480828
2195,0.056064508493200146
2196,0.056165180071877784
2197,0.05627744343136139
2198,0.05647170289031431
2199,0.05642883175677316
2200,0.056361260539231094
2201,0.05642744543825174
2202,0.056663688262166015
2203,0.05658564738356164
2204,0.056526805796792104
2205,0.05655443656896466
2206,0.056751580369510134
2207,0.05706062117680638
2208,0.056944889949424045
2209,0.056961010746324786
2210,0.056936221593039266
2211,0.056837475871583776
2212,0.056825336675413805
2213,0.05694689048377172
2214,0.05695674284621704
2215,0.05694086922448905
2216,0.05688495183721364
2217,0.05667748803770436
2218,0.05671894853090471
2219,0.05688726252630052
2220,0.056947380365406745
2221,0.05714540635506698
2222,0.05716519360445266
2223,0.057355616975289875
2224,0.057582642834671474
2225,0.05741406500953343
2226,0.05726618164654425
2227,0.057294940922050945
2228,0.05720938625375117
2229,0.05734256326950122
2230,0.05735580095727235
2231,0.05711569176081721
2232,0.05716775816640527
2233,0.05740802842305486
2234,0.057378595123366426
2235,0.05731853196108532
2236,0.057409533843404366
2237,0.057349606443726726
2238,0.05730009773887859
2239,0.057291023693102995
2240,0.05735072016828167
2241,0.057348794307969686
2242,0.057498970058803306
2243,0.05752048110573237
2244,0.05738923623389819
2245,0.057419683714771026
2246,0.05735469142864187
2247,0.05734477474898536
2248,0.05723520678804439
2249,0.05727955456193829
2250,0.05703168770865807
2251,0.05707057203438852
2252,0.05696002626518047
2253,0.057074193670775125
2254,0.05700367189930194
2255,0.05692654606178533
2256,0.0569954021143629
2257,0.05696206818622683
2258,0.056807882358132895
2259,0.056781596749605215
2260,0.05689580379746059
2261,0.05696403976699066
2262,0.05679634020205712
2263,0.056837860316108116
2264,0.05675234131375757
2265,0.056715508407210485
2266,0.05671175154177257
2267,0.05678842056949296
2268,0.056374067803401255
2269,0.0564254160765279
2270,0.05665811550559742
2271,0.05627413161909136
2272,0.05628178229786535
2273,0.056233923016934334
2274,0.056216043617444346
2275,0.0561409328297379
2276,0.056214112986116775
2277,0.055962981125486325
2278,0.05599036608240784
2279,0.05567285002625894
2280,0.05556055433506653
2281,0.05525765501947107
2282,0.055276434777836954
2283,0.055009103537812395
2284,0.055142728528071026
2285,0.054918877536603745
2286,0.05493390375316582
2287,0.05504483224276711
2288,0.05499722452740418
2289,0.05479737500365204
2290,0.05481758163123911
2291,0.05450887189143453
2292,0.054495869602531534
2293,0.0544123754670972
2294,0.05438085730631681
2295,0.05402206426711359
2296,0.05395827997732208
2297,0.05351365862190529
2298,0.053495202396674185
2299,0.05371207643521778
2300,0.053319996000030526
2301,0.05365346877803203
2302,0.05360391742524288
2303,0.05337151160380778
2304,0.05296198746908072
2305,0.052913835992534734
2306,0.05305060931883779
2307,0.05276139799238207
2308,0.05256172228817989
2309,0.05227427113954978
2310,0.05208269958903697
2311,0.052226506770240856
2312,0.05197513515671167
2313,0.05218849479721493
2314,0.05203851180751532
2315,0.05169445012523815
2316,0.05185239462222516
2317,0.05173664631054562
2318,0.05166484780690447
2319,0.05125367021561359
2320,0.05105562203705373
2321,0.05104712227112412
2322,0.05068187068402228
2323,0.05052002025246775
2324,0.05037813568702094
2325,0.05055207229137783
2326,0.05046640615035838
2327,0.050266627109122546
2328,0.050194553070419756
2329,0.05000306682116627
2330,0.04976432118919164
2331,0.049732009280840976
2332,0.049708664540346205
2333,0.04966363811793302
2334,0.04960705452724143
2335,0.04931243039951257
2336,0.04922290551857539
2337,0.04920627715126719
2338,0.049175831067670636
2339,0.04930773848256247
2340,0.049099995867540845
2341,0.04860155064210575
2342,0.048530685669496275
2343,0.04858447171642046
2344,0.04823459482364156
2345,0.04826231603251522
2346,0.04798992008423508
2347,0.04785710445768055
2348,0.04771122114079997
2349,0.0476205117960546
2350,0.0471371286954607
2351,0.047199966015187195
2352,0.047280266229447664
2353,0.04692038492087133
2354,0.04712128634157369
2355,0.04711295655731363
2356,0.046759827458792244
2357,0.04644699013210952
2358,0.04646194031934104
2359,0.04617268142046739
2360,0.0460013094319238
2361,0.04559616703807781
2362,0.04575394100047925
2363,0.045697047269312466
2364,0.045761936258506226
2365,0.045476969547659646
2366,0.04540269443036648
2367,0.045860398137470594
2368,0.04589213862413259
2369,0.04551320442223781
2370,0.04513645826410155
2371,0.04510494301345538
2372,0.0450246893224352
2373,0.044997449693971174
2374,0.044842920377591695
2375,0.04503545554956966
2376,0.04464667539437035
2377,0.044136394894593124
2378,0.044235005028220246
2379,0.044389256363188585
2380,0.044580919335123426
2381,0.04443037984807949
2382,0.04414426950261728
2383,0.044335089261610276
2384,0.044015324328080335
2385,0.043847259777793406
2386,0.04392425179562025
2387,0.043871919853379446
2388,0.043837722361859316
2389,0.04395254964443573
2390,0.04365379037281235
2391,0.04341354741182787
2392,0.04336103162954025
2393,0.04323498985259211
2394,0.04332937713243134
2395,0.04277631378832106
2396,0.04293563016093507
2397,0.04289319909418862
2398,0.04312614092186177
2399,0.04278553587933372
2400,0.04288958948390766
2401,0.042960508522852596
2402,0.042840665076222834
2403,0.04292829951727799
2404,0.04303262952880929
2405,0.04338102401088311
2406,0.04355409217006928
2407,0.04319629088314517
2408,0.04319653368495277
2409,0.04293317093587267
2410,0.04286487318441838
2411,0.04274805220250133
2412,0.04291946568897631
2413,0.04295532109609362
2414,0.0432249942822554
2415,0.042841493740925246
2416,0.04189327689880684
2417,0.04197389610523609
2418,0.041927231662255475
2419,0.04202332580298679
2420,0.042394586858426585
2421,0.04256309273691025
2422,0.0419712825329247
2423,0.041999719454382765
2424,0.0421973422571906
2425,0.04274057785960158
2426,0.0420659397056539
2427,0.04139746512834444
2428,0.04162985776866405
2429,0.041072903410151095
2430,0.04125832052754485
2431,0.04162521121303498
2432,0.04116895286831419
2433,0.04150013576303519
2434,0.041949693482578466
2435,0.042393426200346356
2436,0.042213515402059365
2437,0.04216176916659008
2438,0.04107199140505603
2439,0.04114707103394876
2440,0.04117212886418723
2441,0.04118036493695032
2442,0.04084797683937401
2443,0.04050892675975908
2444,0.04100649452694506
2445,0.0410283083246928
2446,0.04133877322926079
2447,0.041457408310866486
2448,0.042141074171770536
2449,0.04168218099831745
2450,0.04250302955598078
2451,0.04209087412153725
2452,0.041644099921972925
2453,0.03992063597599611
2454,0.03980776762498856
2455,0.04082811547902225
2456,0.04064360399002356
2457,0.040426969754681914
2458,0.040710819389694286
2459,0.04104553682079593
2460,0.04065033470097693
2461,0.04049653741520518
2462,0.04100453865449291
2463,0.040693470997199166
2464,0.04081563709061656
2465,0.04153023872468413
2466,0.04180962638854706
2467,0.041231874016772876
2468,0.04224004284231928
2469,0.0431930985924386
2470,0.044002547100249784
2471,0.04470534365495514
2472,0.04460796743879044
2473,0.043595416704087515
2474,0.043896025942755865
2475,0.04486344942825456
2476,0.04614208485211074
2477,0.04524240713594804
2478,0.045718078169615727
2479,0.04662800497727925
2480,0.04765982543810495
2481,0.04706028323026804
2482,0.04725991966855216
2483,0.05224091437480753
2484,0.05391704856462842
2485,0.053755850935540264
2486,0.05672137012959572
2487,0.06043568690497095
2488,0.06202148195707105
2489,0.06108119340915775
2490,0.05821004430401895
2491,0.06659791567297339
2492,0.06352457429238259
2493,0.059586971887519075
2494,0.0629308475495672
2495,0.06150824690547257
2496,0.058080248717789815
2497,0.05980889715664895
2498,0.057720424673308915
2499,0.05963589616954623
2500,0.05917391931269871
